﻿<?xml version="1.0" encoding="utf-8"?>
<CultureFormats>
  <Culture name="ca-ES">
    <DataType name="Date">
      <Pattern>dd/MM/yyyy</Pattern>
      <Pattern>dd/MM/yy</Pattern>
      <Pattern>yyyy-MM-dd</Pattern>
      <Pattern>d/MM/yy</Pattern>
      <Pattern>d/M/yy</Pattern>
      <Pattern>dd-MM-yy</Pattern>
      <Pattern>dd.MM.yy</Pattern>
      <Pattern>dddd, d' / 'MMMM' / 'yyyy</Pattern>
      <Pattern>d'/'MMMM'/'yyyy</Pattern>
      <Pattern>d' 'MMMM' 'yyyy</Pattern>
    </DataType>
  </Culture>
  <Culture name="cy-GB">
    <DataType name="Date">
      <Pattern>dd/MM/yyyy</Pattern>
      <Pattern>dd/MM/yy</Pattern>
      <Pattern>d/M/yy</Pattern>
      <Pattern>d.M.yy</Pattern>
      <Pattern>yyyy-MM-dd</Pattern>
      <Pattern>dd MMMM yyyy</Pattern>
      <Pattern>d MMMM yyyy</Pattern>
    </DataType>
  </Culture>
  <Culture name="de-AT">
    <DataType name="Date">
      <Pattern>dd.MM.yyyy</Pattern>
      <Pattern>dd.MM.yy</Pattern>
      <Pattern>dd.M.yyyy</Pattern>
      <Pattern>yyyy-MM-dd</Pattern>
      <Pattern>dddd, dd. MMMM yyyy</Pattern>
      <Pattern>d.MMMM yyyy</Pattern>
      <Pattern>d.MMMyyyy</Pattern>
      <Pattern>d MMM yyyy</Pattern>
    </DataType>
  </Culture>
  <Culture name="de-CH">
    <DataType name="Date">
      <Pattern>dd.MM.yyyy</Pattern>
      <Pattern>dd.MM.yy</Pattern>
      <Pattern>d.MM.yy</Pattern>
      <Pattern>dd. M. yy</Pattern>
      <Pattern>d.M.yy</Pattern>
      <Pattern>dd.MM.yyyy</Pattern>
      <Pattern>yyyy-MM-dd</Pattern>
      <Pattern>dddd, d. MMMM yyyy</Pattern>
      <Pattern>d. MMMM yyyy</Pattern>
      <Pattern>d. MMM yy</Pattern>
    </DataType>
  </Culture>
  <Culture name="de-DE">
    <DataType name="Date">
      <Pattern>dd.MM.yyyy</Pattern>
      <Pattern>dd.MM.yy</Pattern>
      <Pattern>d.MM.yy</Pattern>
      <Pattern>d.M.yy</Pattern>
      <Pattern>d.M.yyyy</Pattern>
      <Pattern>yyyy-MM-dd</Pattern>
      <Pattern>dddd, d. MMMM yyyy</Pattern>
      <Pattern>d. MMMM yyyy</Pattern>
      <Pattern>d. MMM yyyy</Pattern>
    </DataType>
  </Culture>
  <Culture name="de-LI">
    <DataType name="Date">
      <Pattern>dd.MM.yyyy</Pattern>
      <Pattern>dd.MM.yy</Pattern>
      <Pattern>d.MM.yy</Pattern>
      <Pattern>dd. M. yy</Pattern>
      <Pattern>d.M.yy</Pattern>
      <Pattern>dd.MM.yyyy</Pattern>
      <Pattern>yyyy-MM-dd</Pattern>
      <Pattern>dddd, d. MMMM yyyy</Pattern>
      <Pattern>d. MMMM yyyy</Pattern>
      <Pattern>d. MMM yy</Pattern>
    </DataType>
  </Culture>
  <Culture name="de-LU">
    <DataType name="Date">
      <Pattern>dd.MM.yyyy</Pattern>
      <Pattern>dd.MM.yy</Pattern>
      <Pattern>d.MM.yy</Pattern>
      <Pattern>d.M.yy</Pattern>
      <Pattern>d.M.yyyy</Pattern>
      <Pattern>yyyy-MM-dd</Pattern>
      <Pattern>dddd, d. MMMM yyyy</Pattern>
      <Pattern>d. MMMM yyyy</Pattern>
      <Pattern>d. MMM yyyy</Pattern>
    </DataType>
  </Culture>
  <Culture name="en-AU">
    <DataType name="Date">
      <Pattern>d/MM/yyyy</Pattern>
      <Pattern>d/MM/yy</Pattern>
      <Pattern>d/M/yy</Pattern>
      <Pattern>d/M/yyyy</Pattern>
      <Pattern>dd/MM/yy</Pattern>
      <Pattern>dd/MM/yyyy</Pattern>
      <Pattern>dd-MMM-yy</Pattern>
      <Pattern>dd-MMMM-yyyy</Pattern>
      <Pattern>yyyy-MM-dd</Pattern>
      <Pattern>yy/MM/dd</Pattern>
      <Pattern>yyyy/MM/dd</Pattern>
      <Pattern>dddd, d MMMM yyyy</Pattern>
      <Pattern>d MMMM yyyy</Pattern>
    </DataType>
  </Culture>
  <Culture name="en-GB">
    <DataType name="Date">
      <Pattern>dd/MM/yyyy</Pattern>
      <Pattern>dd/MM/yy</Pattern>
      <Pattern>d/M/yy</Pattern>
      <Pattern>d.M.yy</Pattern>
      <Pattern>yyyy-MM-dd</Pattern>
      <Pattern>dd MMMM yyyy</Pattern>
      <Pattern>d MMMM yyyy</Pattern>
    </DataType>
  </Culture>
  <Culture name="en-US">
    <DataType name="Date">
      <Pattern>M/d/yyyy</Pattern>
      <Pattern>M/d/yy</Pattern>
      <Pattern>MM/dd/yy</Pattern>
      <Pattern>MM/dd/yyyy</Pattern>
      <Pattern>yy/MM/dd</Pattern>
      <Pattern>yyyy-MM-dd</Pattern>
      <Pattern>dd-MMM-yy</Pattern>
      <Pattern>dd-MMM-yyyy</Pattern>
      <Pattern>MMM-dd-yy</Pattern>
      <Pattern>MMM-dd-yyyy</Pattern>
      <Pattern>dddd, MMMM dd, yyyy</Pattern>
      <Pattern>MMMM dd, yyyy</Pattern>
	  <Pattern>MMMM, dd yyyy</Pattern>
      <Pattern>dddd, dd MMMM, yyyy</Pattern>
      <Pattern>dd MMMM, yyyy</Pattern>
      <Pattern>MMM, dd yyyy</Pattern>
	  <Pattern>MMM, dd yy</Pattern>
      <Pattern>MMM dd ,yy</Pattern>
      <Pattern>MMM dd ,yyyy</Pattern>
    </DataType>
  </Culture>
  <Culture name="es-AR">
    <DataType name="Date">
      <Pattern>dd/MM/yyyy</Pattern>
      <Pattern>dd/MM/yy</Pattern>
      <Pattern>d/M/yy</Pattern>
      <Pattern>dd-MM-yy</Pattern>
      <Pattern>yyyy-MM-dd</Pattern>
      <Pattern>dddd, dd' de 'MMMM' de 'yyyy</Pattern>
      <Pattern>dddd d' de 'MMMM' de 'yyyy</Pattern>
      <Pattern>d' de 'MMMM' de 'yyyy</Pattern>
    </DataType>
  </Culture>
  <Culture name="es-BO">
    <DataType name="Date">
      <Pattern>dd/MM/yyyy</Pattern>
      <Pattern>dd/MM/yy</Pattern>
      <Pattern>d/M/yy</Pattern>
      <Pattern>dd-MM-yy</Pattern>
      <Pattern>yyyy-MM-dd</Pattern>
      <Pattern>dddd, dd' de 'MMMM' de 'yyyy</Pattern>
      <Pattern>dddd d' de 'MMMM' de 'yyyy</Pattern>
      <Pattern>d' de 'MMMM' de 'yyyy</Pattern>
    </DataType>
  </Culture>
  <Culture name="es-CL">
    <DataType name="Date">
      <Pattern>dd-MM-yyyy</Pattern>
      <Pattern>dd-MM-yy</Pattern>
      <Pattern>dd/MM/yy</Pattern>
      <Pattern>d/M/yy</Pattern>
      <Pattern>yyyy-MM-dd</Pattern>
      <Pattern>dddd, dd' de 'MMMM' de 'yyyy</Pattern>
      <Pattern>dddd d' de 'MMMM' de 'yyyy</Pattern>
      <Pattern>d' de 'MMMM' de 'yyyy</Pattern>
    </DataType>
  </Culture>
  <Culture name="es-CO">
    <DataType name="Date">
      <Pattern>dd/MM/yyyy</Pattern>
      <Pattern>dd/MM/yy</Pattern>
      <Pattern>d/MM/yyyy</Pattern>
      <Pattern>d/M/yy</Pattern>
      <Pattern>dd-MM-yy</Pattern>
      <Pattern>yyyy-MM-dd</Pattern>
      <Pattern>dddd, dd' de 'MMMM' de 'yyyy</Pattern>
      <Pattern>dddd d' de 'MMMM' de 'yyyy</Pattern>
      <Pattern>d' de 'MMMM' de 'yyyy</Pattern>
    </DataType>
  </Culture>
  <Culture name="es-CR">
    <DataType name="Date">
      <Pattern>dd/MM/yyyy</Pattern>
      <Pattern>dd/MM/yy</Pattern>
      <Pattern>d/M/yy</Pattern>
      <Pattern>dd-MM-yy</Pattern>
      <Pattern>yyyy-MM-dd</Pattern>
      <Pattern>dddd, dd' de 'MMMM' de 'yyyy</Pattern>
      <Pattern>dddd d' de 'MMMM' de 'yyyy</Pattern>
      <Pattern>d' de 'MMMM' de 'yyyy</Pattern>
    </DataType>
  </Culture>
  <Culture name="es-DO">
    <DataType name="Date">
      <Pattern>dd/MM/yyyy</Pattern>
      <Pattern>dd/MM/yy</Pattern>
      <Pattern>MM/dd/yyyy</Pattern>
      <Pattern>d/M/yy</Pattern>
      <Pattern>dd-MM-yy</Pattern>
      <Pattern>yyyy-MM-dd</Pattern>
      <Pattern>dddd, dd' de 'MMMM' de 'yyyy</Pattern>
      <Pattern>dddd d' de 'MMMM' de 'yyyy</Pattern>
      <Pattern>d' de 'MMMM' de 'yyyy</Pattern>
    </DataType>
  </Culture>
  <Culture name="es-EC">
    <DataType name="Date">
      <Pattern>dd/MM/yyyy</Pattern>
      <Pattern>dd/MM/yy</Pattern>
      <Pattern>d/M/yy</Pattern>
      <Pattern>dd-MM-yy</Pattern>
      <Pattern>yyyy-MM-dd</Pattern>
      <Pattern>dddd, dd' de 'MMMM' de 'yyyy</Pattern>
      <Pattern>dddd d' de 'MMMM' de 'yyyy</Pattern>
      <Pattern>d' de 'MMMM' de 'yyyy</Pattern>
    </DataType>
  </Culture>
  <Culture name="es-ES">
    <DataType name="Date">
      <Pattern>dd/MM/yyyy</Pattern>
      <Pattern>dd/MM/yy</Pattern>
      <Pattern>d/MM/yy</Pattern>
      <Pattern>d/M/yy</Pattern>
      <Pattern>dd-MM-yy</Pattern>
      <Pattern>dd.MM.yy</Pattern>
      <Pattern>yyyy-MM-dd</Pattern>
      <Pattern>dddd, dd' de 'MMMM' de 'yyyy</Pattern>
      <Pattern>dddd d' de 'MMMM' de 'yyyy</Pattern>
      <Pattern>d' de 'MMMM' de 'yyyy</Pattern>      
	  <Pattern>d' de 'MMMM' 'yyyy</Pattern>
	  <Pattern>d' 'MMMM' de 'yyyy</Pattern>
	  <Pattern>dddd d' de 'MMMM' 'yyyy</Pattern>
	  <Pattern>dddd d' 'MMMM' de 'yyyy</Pattern>
    </DataType>
  </Culture>
  <Culture name="es-GT">
    <DataType name="Date">
      <Pattern>dd/MM/yyyy</Pattern>
      <Pattern>dd/MM/yy</Pattern>
      <Pattern>d/MM/yyyy</Pattern>
      <Pattern>d/M/yy</Pattern>
      <Pattern>dd-MM-yy</Pattern>
      <Pattern>yyyy-MM-dd</Pattern>
      <Pattern>dddd, dd' de 'MMMM' de 'yyyy</Pattern>
      <Pattern>dddd d' de 'MMMM' de 'yyyy</Pattern>
      <Pattern>d' de 'MMMM' de 'yyyy</Pattern>
    </DataType>
  </Culture>
  <Culture name="es-HN">
    <DataType name="Date">
      <Pattern>dd/MM/yyyy</Pattern>
      <Pattern>dd/MM/yy</Pattern>
      <Pattern>MM-dd-yyyy</Pattern>
      <Pattern>yyyy-MM-dd</Pattern>
      <Pattern>dddd, dd' de 'MMMM' de 'yyyy</Pattern>
    </DataType>
  </Culture>
  <Culture name="es-MX">
    <DataType name="Date">
      <Pattern>dd/MM/yyyy</Pattern>
      <Pattern>dd/MM/yy</Pattern>
      <Pattern>d/MM/yy</Pattern>
      <Pattern>d/M/yy</Pattern>
      <Pattern>dd-MM-yy</Pattern>
      <Pattern>yyyy-MM-dd</Pattern>
      <Pattern>dddd, dd' de 'MMMM' de 'yyyy</Pattern>
      <Pattern>dddd d' de 'MMMM' de 'yyyy</Pattern>
      <Pattern>d' de 'MMMM' de 'yyyy</Pattern>
    </DataType>
  </Culture>
  <Culture name="es-NI">
    <DataType name="Date">
      <Pattern>dd/MM/yyyy</Pattern>
      <Pattern>dd/MM/yy</Pattern>
      <Pattern>MM-dd-yyyy</Pattern>
      <Pattern>yyyy-MM-dd</Pattern>
      <Pattern>dddd, dd' de 'MMMM' de 'yyyy</Pattern>
    </DataType>
  </Culture>
  <Culture name="es-PA">
    <DataType name="Date">
      <Pattern>MM/dd/yyyy</Pattern>
      <Pattern>MM/dd/yy</Pattern>
      <Pattern>d/M/yy</Pattern>
      <Pattern>dd/MM/yy</Pattern>
      <Pattern>dd-MM-yy</Pattern>
      <Pattern>yyyy-MM-dd</Pattern>
      <Pattern>dddd, dd' de 'MMMM' de 'yyyy</Pattern>
      <Pattern>dddd d' de 'MMMM' de 'yyyy</Pattern>
      <Pattern>d' de 'MMMM' de 'yyyy</Pattern>
    </DataType>
  </Culture>
  <Culture name="es-PE">
    <DataType name="Date">
      <Pattern>dd/MM/yyyy</Pattern>
      <Pattern>dd/MM/yy</Pattern>
      <Pattern>d/M/yy</Pattern>
      <Pattern>dd-MM-yy</Pattern>
      <Pattern>yyyy-MM-dd</Pattern>
      <Pattern>dddd, dd' de 'MMMM' de 'yyyy</Pattern>
      <Pattern>dddd d' de 'MMMM' de 'yyyy</Pattern>
      <Pattern>d' de 'MMMM' de 'yyyy</Pattern>
    </DataType>
  </Culture>
  <Culture name="es-PR">
    <DataType name="Date">
      <Pattern>dd/MM/yyyy</Pattern>
      <Pattern>dd/MM/yy</Pattern>
      <Pattern>MM-dd-yyyy</Pattern>
      <Pattern>yyyy-MM-dd</Pattern>
      <Pattern>dddd, dd' de 'MMMM' de 'yyyy</Pattern>
    </DataType>
  </Culture>
  <Culture name="es-PY">
    <DataType name="Date">
      <Pattern>dd/MM/yyyy</Pattern>
      <Pattern>dd/MM/yy</Pattern>
      <Pattern>d/M/yy</Pattern>
      <Pattern>dd-MM-yy</Pattern>
      <Pattern>yyyy-MM-dd</Pattern>
      <Pattern>dddd, dd' de 'MMMM' de 'yyyy</Pattern>
      <Pattern>dddd d' de 'MMMM' de 'yyyy</Pattern>
      <Pattern>d' de 'MMMM' de 'yyyy</Pattern>
    </DataType>
  </Culture>
  <Culture name="es-SV">
    <DataType name="Date">
      <Pattern>dd/MM/yyyy</Pattern>
      <Pattern>dd/MM/yy</Pattern>
      <Pattern>MM-dd-yyyy</Pattern>
      <Pattern>yyyy-MM-dd</Pattern>
      <Pattern>dddd, dd' de 'MMMM' de 'yyyy</Pattern>
    </DataType>
  </Culture>
  <Culture name="es-UY">
    <DataType name="Date">
      <Pattern>dd/MM/yyyy</Pattern>
      <Pattern>dd/MM/yy</Pattern>
      <Pattern>d/M/yy</Pattern>
      <Pattern>dd-MM-yy</Pattern>
      <Pattern>yyyy-MM-dd</Pattern>
      <Pattern>dddd, dd' de 'MMMM' de 'yyyy</Pattern>
      <Pattern>dddd d' de 'MMMM' de 'yyyy</Pattern>
      <Pattern>d' de 'MMMM' de 'yyyy</Pattern>
    </DataType>
  </Culture>
  <Culture name="es-VE">
    <DataType name="Date">
      <Pattern>dd/MM/yyyy</Pattern>
      <Pattern>dd/MM/yy</Pattern>
      <Pattern>d/M/yy</Pattern>
      <Pattern>dd-MM-yy</Pattern>
      <Pattern>yyyy-MM-dd</Pattern>
      <Pattern>dddd, dd' de 'MMMM' de 'yyyy</Pattern>
      <Pattern>dddd d' de 'MMMM' de 'yyyy</Pattern>
      <Pattern>d' de 'MMMM' de 'yyyy</Pattern>
    </DataType>
  </Culture>
  <Culture name="eu-ES">
    <DataType name="Date">
      <Pattern>yyyy/MM/dd</Pattern>
      <Pattern>yyyy-MM-dd</Pattern>
      <Pattern>dddd, yyyy.'eko' MMMM'k 'd</Pattern>
    </DataType>
  </Culture>
  <Culture name="fr-BE">
    <DataType name="Date">
      <Pattern>d/MM/yyyy</Pattern>
      <Pattern>d/MM/yy</Pattern>
      <Pattern>dd.MM.yy</Pattern>
      <Pattern>yy/MM/dd</Pattern>
      <Pattern>dd-MM-yy</Pattern>
      <Pattern>dd/MM/yyyy</Pattern>
      <Pattern>yyyy-MM-dd</Pattern>
      <Pattern>dddd d MMMM yyyy</Pattern>
      <Pattern>d MMMM yyyy</Pattern>
      <Pattern>dd-MMM-yy</Pattern>
    </DataType>
  </Culture>
  <Culture name="fr-CA">
    <DataType name="Date">
      <Pattern>yyyy-MM-dd</Pattern>
      <Pattern>yy-MM-dd</Pattern>
      <Pattern>dd-MM-yy</Pattern>
      <Pattern>yy MM dd</Pattern>
      <Pattern>dd/MM/yy</Pattern>
      <Pattern>d MMMM yyyy</Pattern>
      <Pattern>d MMM yyyy</Pattern>
    </DataType>
  </Culture>
  <Culture name="fr-CH">
    <DataType name="Date">
      <Pattern>dd.MM.yyyy</Pattern>
      <Pattern>dd.MM.yy</Pattern>
      <Pattern>dd. M. yy</Pattern>
      <Pattern>d.M.yy</Pattern>
      <Pattern>yyyy-MM-dd</Pattern>
      <Pattern>dddd, d. MMMM yyyy</Pattern>
      <Pattern>d. MMMM yyyy</Pattern>
      <Pattern>d MMM yy</Pattern>
    </DataType>
  </Culture>
  <Culture name="fr-FR">
    <DataType name="Date">
      <Pattern>dd/MM/yyyy</Pattern>
      <Pattern>dd/MM/yy</Pattern>
      <Pattern>dd.MM.yy</Pattern>
      <Pattern>dd-MM-yy</Pattern>
      <Pattern>yyyy-MM-dd</Pattern>
      <Pattern>dddd d MMMM yyyy</Pattern>
      <Pattern>d MMM yy</Pattern>
      <Pattern>d MMMM yy</Pattern>
      <Pattern>d MMMM yyyy</Pattern>
      <Pattern>dd MMMM yy</Pattern>
	  <Pattern>dd MMMM yyyy</Pattern>
      <Pattern>d MMM. yy</Pattern>
	  <Pattern>d MMM. yyyy</Pattern>
      <Pattern>dd MMM. yy</Pattern>
	  <Pattern>dd MMM. yyyy</Pattern>
    </DataType>
  </Culture>
  <Culture name="fr-LU">
    <DataType name="Date">
      <Pattern>dd/MM/yyyy</Pattern>
      <Pattern>dd/MM/yy</Pattern>
      <Pattern>dd.MM.yy</Pattern>
      <Pattern>dd-MM-yy</Pattern>
      <Pattern>yyyy-MM-dd</Pattern>
      <Pattern>dddd d MMMM yyyy</Pattern>
      <Pattern>d MMM yy</Pattern>
      <Pattern>d MMMM yyyy</Pattern>
    </DataType>
  </Culture>
  <Culture name="fr-MC">
    <DataType name="Date">
      <Pattern>dd/MM/yyyy</Pattern>
      <Pattern>dd/MM/yy</Pattern>
      <Pattern>dd.MM.yy</Pattern>
      <Pattern>dd-MM-yy</Pattern>
      <Pattern>yyyy-MM-dd</Pattern>
      <Pattern>dddd d MMMM yyyy</Pattern>
      <Pattern>d MMM yy</Pattern>
      <Pattern>d MMMM yyyy</Pattern>
    </DataType>
  </Culture>
  <Culture name="fy-NL">
    <DataType name="Date">
      <Pattern>d-M-yyyy</Pattern>
      <Pattern>d-M-yy</Pattern>
      <Pattern>dd-MM-yy</Pattern>
      <Pattern>dd/MM/yy</Pattern>
      <Pattern>dd.MM.yy</Pattern>
      <Pattern>yyyy-MM-dd</Pattern>
      <Pattern>dddd d MMMM yyyy</Pattern>
      <Pattern>d-MMM-yy</Pattern>
      <Pattern>d MMMM yyyy</Pattern>
      <Pattern>d MMM yy</Pattern>
    </DataType>
  </Culture>
  <Culture name="gl-ES">
    <DataType name="Date">
      <Pattern>dd/MM/yy</Pattern>
      <Pattern>d/MM/yy</Pattern>
      <Pattern>d/M/yy</Pattern>
      <Pattern>dd-MM-yy</Pattern>
      <Pattern>dd.MM.yy</Pattern>
      <Pattern>dd/MM/yyyy</Pattern>
      <Pattern>dddd, dd' de 'MMMM' de 'yyyy</Pattern>
      <Pattern>dddd d' de 'MMMM' de 'yyyy</Pattern>
      <Pattern>d' de 'MMMM' de 'yyyy</Pattern>
    </DataType>
  </Culture>
  <Culture name="it-CH">
    <DataType name="Date">
      <Pattern>dd.MM.yyyy</Pattern>
      <Pattern>dd.MM.yy</Pattern>
      <Pattern>dd. MM. yy</Pattern>
      <Pattern>d/M/yy</Pattern>
      <Pattern>dd.M.yy</Pattern>
      <Pattern>yyyy-MM-dd</Pattern>
      <Pattern>dddd, d. MMMM yyyy</Pattern>
      <Pattern>d-MMM-yy</Pattern>
      <Pattern>d MMMM yyyy</Pattern>
    </DataType>
  </Culture>
  <Culture name="it-IT">
    <DataType name="Date">
      <Pattern>dd/MM/yyyy</Pattern>
      <Pattern>dd/MM/yy</Pattern>
      <Pattern>dd.M.yy</Pattern>
      <Pattern>d/M/yy</Pattern>
      <Pattern>yyyy-MM-dd</Pattern>
      <Pattern>dddd d MMMM yyyy</Pattern>
      <Pattern>d-MMM-yy</Pattern>
      <Pattern>d MMMM yyyy</Pattern>
    </DataType>
  </Culture>
  <Culture name="ja-JP">
    <DataType name="Date">
      <Pattern>yyyy/MM/dd</Pattern>
      <Pattern>yy/MM/dd</Pattern>
      <Pattern>yy/M/d</Pattern>
      <Pattern>yyyy/M/d</Pattern>
      <Pattern>yy/MM/dd' ('ddd')'</Pattern>
      <Pattern>yy/M/d' ('ddd')'</Pattern>
      <Pattern>yyyy/MM/dd' ('ddd')'</Pattern>
      <Pattern>yyyy-MM-dd</Pattern>
      <Pattern>yyyy'年'M'月'd'日'</Pattern>
      <Pattern>yyyy'年'MM'月'dd'日'</Pattern>
      <Pattern>yyyy'年'M'月'd'日' dddd</Pattern>
      <Pattern>yyyy'年'MM'月'dd'日' dddd</Pattern>
    </DataType>
  </Culture>
  <Culture name="kok-IN">
    <DataType name="Date">
      <Pattern>dd-MM-yyyy</Pattern>
      <Pattern>dd-MM-yy</Pattern>
      <Pattern>d-M-yy</Pattern>
      <Pattern>d.M.yy</Pattern>
      <Pattern>yyyy-MM-dd</Pattern>
      <Pattern>dd MMMM yyyy</Pattern>
      <Pattern>d MMMM yyyy</Pattern>
    </DataType>
  </Culture>
  <Culture name="ko-KR">
    <DataType name="Date">
      <Pattern>yyyy-MM-dd</Pattern>
      <Pattern>yy-MM-dd</Pattern>
      <Pattern>yy-M-d</Pattern>
      <Pattern>yyyy-M-d</Pattern>
      <Pattern>yyyy'년' M'월' d'일' dddd</Pattern>
      <Pattern>yyyy'년' M'월' d'일'</Pattern>
      <Pattern>yy'년' M'월' d'일' dddd</Pattern>
      <Pattern>yy'년' M'월' d'일'</Pattern>
      <Pattern>yyyy'년' MM'월' dd'일' dddd</Pattern>
      <Pattern>yyyy'년' MM'월' dd'일'</Pattern>
    </DataType>
  </Culture>
  <Culture name="nl-BE">
    <DataType name="Date">
      <Pattern>d/MM/yyyy</Pattern>
      <Pattern>d/MM/yy</Pattern>
      <Pattern>dd-MM-yy</Pattern>
      <Pattern>dd.MM.yy</Pattern>
      <Pattern>yyyy-MM-dd</Pattern>
      <Pattern>dddd d MMMM yyyy</Pattern>
      <Pattern>dd-MMM-yy</Pattern>
      <Pattern>d MMMM yyyy</Pattern>
      <Pattern>dd MMM yy</Pattern>
    </DataType>
  </Culture>
  <Culture name="nl-NL">
    <DataType name="Date">
      <Pattern>d-M-yyyy</Pattern>
      <Pattern>d-M-yy</Pattern>
      <Pattern>dd-MM-yy</Pattern>
      <Pattern>dd/MM/yy</Pattern>
      <Pattern>dd.MM.yy</Pattern>
      <Pattern>yyyy-MM-dd</Pattern>
      <Pattern>dddd d MMMM yyyy</Pattern>
      <Pattern>d-MMM-yy</Pattern>
      <Pattern>d MMMM yyyy</Pattern>
      <Pattern>d MMM yy</Pattern>
    </DataType>
  </Culture>
  <Culture name="pt-BR">
    <DataType name="Date">
      <Pattern>d/M/yyyy</Pattern>
      <Pattern>d/M/yy</Pattern>
      <Pattern>dd/MM/yy</Pattern>
      <Pattern>dd/MM/yyyy</Pattern>
      <Pattern>d-M-yy</Pattern>
      <Pattern>d-M-yyyy</Pattern>
      <Pattern>dd-MM-yy</Pattern>
      <Pattern>dd-MM-yyyy</Pattern>
      <Pattern>d.M.yy</Pattern>
      <Pattern>d.M.yyyy</Pattern>
      <Pattern>dd.MM.yy</Pattern>
      <Pattern>dd.MM.yyyy</Pattern>
      <Pattern>yyyy-MM-dd</Pattern>
      <Pattern>yyyy.MM.dd</Pattern>
      <Pattern>dddd, d' de 'MMMM' de 'yyyy</Pattern>
      <Pattern>d' de 'MMMM' de 'yyyy</Pattern>
    </DataType>
  </Culture>
  <Culture name="ru-RU">
    <DataType name="Date">
      <Pattern>dd.MM.yyyy</Pattern>
      <Pattern>dd.MM.yy</Pattern>
      <Pattern>d.M.yy</Pattern>
      <Pattern>dd/MM/yy</Pattern>
      <Pattern>yyyy-MM-dd</Pattern>
      <Pattern>d MMMM yyyy 'г.'</Pattern>
      <Pattern>dd MMMM yyyy 'г.'</Pattern>
    </DataType>
  </Culture>
  <Culture name="tt-RU">
    <DataType name="Date">
      <Pattern>dd.MM.yyyy</Pattern>
      <Pattern>dd.MM.yy</Pattern>
      <Pattern>d.M.yy</Pattern>
      <Pattern>dd/MM/yy</Pattern>
      <Pattern>yyyy-MM-dd</Pattern>
      <Pattern>d MMMM yyyy</Pattern>
      <Pattern>dd MMMM yyyy</Pattern>
    </DataType>
  </Culture>
  <Culture name="zh-CN">
    <DataType name="Date">
      <Pattern>yyyy/M/d</Pattern>
      <Pattern>yyyy-M-d</Pattern>
      <Pattern>yyyy.M.d</Pattern>
      <Pattern>yyyy-MM-dd</Pattern>
      <Pattern>yyyy/MM/dd</Pattern>
      <Pattern>yyyy.MM.dd</Pattern>
      <Pattern>yy-M-d</Pattern>
      <Pattern>yy/M/d</Pattern>
      <Pattern>yy.M.d</Pattern>
      <Pattern>yy/MM/dd</Pattern>
      <Pattern>yyyy'年'M'月'd'日'</Pattern>
      <Pattern>yyyy-MM-dd</Pattern>
      <Pattern>dddd, yyyy-MM-dd</Pattern>
      <Pattern>dddd, yyyy'年'M'月'd'日'</Pattern>
    </DataType>
  </Culture>
</CultureFormats>