<?xml version="1.0"?>
<create_profile>
  <custom_operator_set>
    <custom_operator>
      <operator_name>Class</operator_name>
      <operator_type>class</operator_type>
    </custom_operator>
    <custom_operator>
      <operator_name>PageNumber</operator_name>
      <operator_type>page_number</operator_type>
    </custom_operator>
  </custom_operator_set>
  <profile_id>
  </profile_id>
  <use_llm>false</use_llm>
  <scenario_id>PF11_CUSTOM</scenario_id>
  <scenario_parameter_set>
    <list name="FormatInterpretationList">
      <string name="0">en-GB</string>
    </list>
  </scenario_parameter_set>
  <scenario_version>0003</scenario_version>
</create_profile>