<?xml version="1.0"?>
<create_profile>
  <custom_operator_set />
  <profile_id>IE Incoming Quotation</profile_id>
  <use_llm>false</use_llm>
  <scenario_id>PS10_QUOTATION</scenario_id>
  <scenario_parameter_set>
    <list name="FormatInterpretationList">
      <string name="0">en-GB</string>
      <string name="1">de-AT</string>
      <string name="2">fr-BE</string>
      <string name="3">fr-FR</string>
      <string name="4">de-CH</string>
      <string name="5">de-DE</string>
      <string name="6">da-DK</string>
      <string name="7">es-ES</string>
      <string name="8">es-US</string>
      <string name="9">pt-PT</string>
      <string name="10">fi-FI</string>
      <string name="11">it-IT</string>
      <string name="12">nl-NL</string>
      <string name="13">nl-BE</string>
      <string name="14">nb-NO</string>
      <string name="15">nn-NO</string>
      <string name="16">sv-SE</string>
      <string name="17">en-US</string>
      <string name="18">en-AU</string>
      <string name="19">en-NZ</string>
      <string name="20">en-NZ</string>
      <string name="21">pl-PL</string>
      <string name="22">ro-RO</string>
      <string name="23">tr-TR</string>
      <string name="24">az-Cyrl-AZ</string>
      <string name="25">az-Latn-AZ</string>
      <string name="26">be-BY</string>
      <string name="27">bg-BG</string>
      <string name="28">bs-Cyrl-BA</string>
      <string name="29">bs-Latn-BA</string>
      <string name="30">cs-CZ</string>
      <string name="31">el-GR</string>
      <string name="32">en-ZA</string>
      <string name="33">es-419</string>
      <string name="34">et-EE</string>
      <string name="35">fr-CH</string>
      <string name="36">hr-BA</string>
      <string name="37">hr-HR</string>
      <string name="38">hu-HU</string>
      <string name="39">id-ID</string>
      <string name="40">it-CH</string>
      <string name="41">ja-JP</string>
      <string name="42">kk-KZ</string>
      <string name="43">ko-KR</string>
      <string name="44">lt-LT</string>
      <string name="45">pt-BR</string>
      <string name="46">ru-BY</string>
      <string name="47">ru-KG</string>
      <string name="48">ru-KZ</string>
      <string name="49">ru-MD</string>
      <string name="50">ru-RU</string>
      <string name="51">ru-UA</string>
      <string name="52">sk-SK</string>
      <string name="53">sl-SI</string>
      <string name="54">sq-AL</string>
      <string name="55">sq-MK</string>
      <string name="56">sq-XK</string>
      <string name="57">sr-Cyrl-BA</string>
      <string name="58">sr-Cyrl-ME</string>
      <string name="59">sr-Cyrl-RS</string>
      <string name="60">sr-Cyrl-XK</string>
      <string name="61">sr-Latn-BA</string>
      <string name="62">sr-Latn-ME</string>
      <string name="63">sr-Latn-RS</string>
      <string name="64">sr-Latn-XK</string>
      <string name="65">th-TH</string>
      <string name="66">tr-CY</string>
      <string name="67">vi-VN</string>
      <string name="68">uk-UA</string>
      <string name="69">mfe-MU</string>
      <string name="70">zh-CN</string>
      <string name="71">zh-SG</string>
      <string name="72">zh-TW</string>
      <string name="73">he-IL</string>
      <string name="74">ar-EG</string>
      <string name="75">ar-MA</string>
      <string name="76">ar-SA</string>
    </list>
    <preferred_cultures_count>1</preferred_cultures_count>
  </scenario_parameter_set>
  <scenario_version>0003</scenario_version>
</create_profile>