<?xml version="1.0" encoding="UTF-8" standalone="yes" ?>
<ImageSuperFilterRoot checksum1="547993682842748637" >
<ImageSuperFilter Name="Salesforce Orders" Author="SNAPDSGNR-SF\Administrator" UpdatedUtc="2019-03-21T15:32:56Z">
  <ImageFilterDefinitionSet>
    <ImageFilterDefinition Name="Scale" ProviderAssembly="Emc.InputAccel.ImageEnhancement.PixToolsFiltersProvider.dll" FilterTypeName="Scale">
      <ImageFilterPropertySet>
        <ImageFilterProperty Name="Mode" Value="ChangeResolution" />
        <ImageFilterProperty Name="Width" Value="8.5" />
        <ImageFilterProperty Name="Height" Value="11" />
        <ImageFilterProperty Name="ScaleFactor" Value="1" />
        <ImageFilterProperty Name="PageResolution" Value="300" />
        <ImageFilterProperty Name="Smoothing" Value="false" />
        <ImageFilterProperty Name="RoundWidth" Value="false" />
        <ImageFilterProperty Name="RoundWidthTo" Value="16" />
      </ImageFilterPropertySet>
    </ImageFilterDefinition>
    <ImageFilterDefinition Name="EmcRecostarConvertToBinary" ProviderAssembly="Emc.Captiva.ImageFilters.RSMobile.dll" FilterTypeName="EmcRecostarConvertToBinary">
      <ImageFilterPropertySet />
    </ImageFilterDefinition>
    <ImageFilterDefinition Name="Deskew" ProviderAssembly="Emc.InputAccel.ImageEnhancement.PixToolsFiltersProvider.dll" FilterTypeName="Deskew">
      <ImageFilterPropertySet>
        <ImageFilterProperty Name="Mode" Value="DetectAndDeskew" />
        <ImageFilterProperty Name="Direction" Value="Both" />
        <ImageFilterProperty Name="Features" Value="Text" />
        <ImageFilterProperty Name="Quality" Value="Good" />
        <ImageFilterProperty Name="FillColor" Value="#FFFFFFFF" />
        <ImageFilterProperty Name="FixedAngle" Value="1" />
        <ImageFilterProperty Name="RemoveShear" Value="false" />
        <ImageFilterProperty Name="MinAngle" Value="0" />
        <ImageFilterProperty Name="MaxAngle" Value="25" />
        <ImageFilterProperty Name="AreaPercent" Value="80" />
      </ImageFilterPropertySet>
    </ImageFilterDefinition>
  </ImageFilterDefinitionSet>
  <AnnotationElements _ID_="AnnotationElementSet" />
</ImageSuperFilter>
</ImageSuperFilterRoot>
