﻿<?xml version="1.0" encoding="utf-8"?>
<FullTextClassifier>
  <OcrZone Type="Whole Page" />
  <OcrEngine OcrFile="Advanced_MP_FullText_English.reco" OcrParameter="" />
  <Rules>
    <Rule ModelId="-1" Priority="1" MaxDistance="-1">
      <Keyword Name="FAKE RULE TO GENERATE US" Value="FAKE RULE TO GENERATE US" Threshold="90" Case="False" Excluded="False" Exact="False" kType="0" />
    </Rule>
    <Rule ModelId="-1" Priority="0" MaxDistance="-1">
      <Keyword Name="1040EZ" Value="1040EZ" Threshold="78" Case="False" Excluded="False" Exact="False" kType="0" />
    </Rule>
    <Rule ModelId="154" Priority="2" MaxDistance="-1">
      <Keyword Name="S(?i)CHEDULE(.)?[ ]?(&quot;)?A(&quot;)?" Value="S(?i)CHEDULE(.)?[ ]?(&quot;)?A(&quot;)?" Threshold="100" Case="False" Excluded="False" Exact="True" kType="4" />
      <Keyword Name="(?i)CONT[|li1]{1}NUED|(?i)cont[|li1]{1}nuation" Value="(?i)CONT[|li1]{1}NUED|(?i)cont[|li1]{1}nuation" Threshold="100" Case="False" Excluded="True" Exact="False" kType="4" />
      <Keyword Name="" Value="A(?i)ll that|A(?i)ll those" Threshold="100" Case="False" Excluded="True" Exact="True" kType="4" />
      <Keyword Name="thence" Value="thence" Threshold="100" Case="False" Excluded="True" Exact="True" kType="0" />
      <Keyword Name="" Value="[S]((?i)[chedule]{7}(.)?[ ]?[ ]?(&quot;)?)[A](&quot;)?[ ][a-zA-Z_0-9]|[a-zA-Z_0-9][ ][S]((?i)[chedule]{7}(.)?[ ]?[ ]?(&quot;)?)[A](&quot;)?" Threshold="100" Case="False" Excluded="True" Exact="False" kType="4" />
      <Keyword Name="" Value="[a-zA-Z_0-9][ ]?Schedule A(.)?[ ]?[a-zA-Z_0-9]|[a-zA-Z_0-9][ ]?Schedule A(.)?" Threshold="100" Case="False" Excluded="True" Exact="False" kType="4" />
      <Keyword Name="LEGAL DESCRIPTION" Value="LEGAL DESCRIPTION" Threshold="100" Case="False" Excluded="True" Exact="False" kType="0" />
      <Keyword Name="TOP OF" Value="TOP OF" Threshold="100" Case="False" Excluded="True" Exact="False" kType="0" />
      <Keyword Name="SCHEDULE B" Value="SCHEDULE B" Threshold="100" Case="False" Excluded="True" Exact="False" kType="0" />
      <Keyword Name="Continued" Value="Continued" Threshold="90" Case="True" Excluded="True" Exact="False" kType="0" />
      <Keyword Name="CONTINUATION" Value="CONTINUATION" Threshold="90" Case="True" Excluded="True" Exact="False" kType="0" />
      <Keyword Name="Continuation" Value="Continuation" Threshold="90" Case="True" Excluded="True" Exact="False" kType="0" />
      <Keyword Name="(continued)" Value="(continued)" Threshold="90" Case="False" Excluded="True" Exact="False" kType="0" />
      <Keyword Name="(continuation)" Value="(continuation)" Threshold="90" Case="False" Excluded="True" Exact="False" kType="0" />
      <Keyword Name="Commitment" Value="Commitment" Threshold="90" Case="True" Excluded="True" Exact="False" kType="0" />
      <Keyword Name="COMMITMENT" Value="COMMITMENT" Threshold="90" Case="True" Excluded="True" Exact="False" kType="0" />
      <Keyword Name="" Value="(?i)that certain piece|(?i)that certain parcel" Threshold="100" Case="False" Excluded="True" Exact="False" kType="4" />
      <Keyword Name="" Value="(?i)am[0o]{1}unt|(?i)date" Threshold="100" Case="False" Excluded="False" Exact="False" kType="4" />
    </Rule>
    <Rule ModelId="154" Priority="0" MaxDistance="-1">
      <Keyword Name="(?i)SCHEDULE(.)?[ ]?(&quot;)?A(&quot;)?" Value="(?i)SCHEDULE(.)?[ ]?(&quot;)?A(&quot;)?" Threshold="100" Case="False" Excluded="False" Exact="False" kType="4" />
      <Keyword Name="land" Value="land" Threshold="90" Case="False" Excluded="True" Exact="False" kType="0" />
      <Keyword Name="A(?i)ll that|A(?i)ll those" Value="A(?i)ll that|A(?i)ll those" Threshold="100" Case="False" Excluded="True" Exact="True" kType="4" />
      <Keyword Name="" Value="[S](?i)[chedule]{7}(.)?[ ]?[ ]?(&quot;)?[A](&quot;)?[ ][a-zA-Z_0-9]|[a-zA-Z_0-9][ ][S](?i)[chedule]{7}(.)?[ ]?[ ]?(&quot;)?[A](&quot;)?" Threshold="100" Case="False" Excluded="True" Exact="False" kType="4" />
      <Keyword Name="lot" Value="lot" Threshold="100" Case="False" Excluded="True" Exact="False" kType="0" />
      <Keyword Name="Commitment" Value="Commitment" Threshold="90" Case="True" Excluded="True" Exact="False" kType="0" />
      <Keyword Name="COMMITMENT" Value="COMMITMENT" Threshold="90" Case="True" Excluded="True" Exact="False" kType="0" />
      <Keyword Name="" Value="(?i)am[0o]{1}unt|(?i)date" Threshold="100" Case="False" Excluded="False" Exact="False" kType="4" />
    </Rule>
    <Rule ModelId="154" Priority="1" MaxDistance="-1">
      <Keyword Name="[S](?i)[chedule]{7}(.)?[ ]?[ ]?(&quot;)?[A](&quot;)?" Value="[S](?i)[chedule]{7}(.)?[ ]?[ ]?(&quot;)?[A](&quot;)?" Threshold="100" Case="False" Excluded="False" Exact="False" kType="4" />
      <Keyword Name="" Value="([L](?i)[egal]{4}[ ]?[ ]?)?[D](?i)[escription]{10}" Threshold="100" Case="False" Excluded="True" Exact="False" kType="4" />
      <Keyword Name="" Value="(?i)CONT[|li1]{1}NUED|(?i)cont[|li1]{1}nuation" Threshold="100" Case="False" Excluded="True" Exact="False" kType="4" />
      <Keyword Name="([E](?i)[xhibit]{6}[ ]?[ ]?)[A]" Value="([E](?i)[xhibit]{6}[ ]?[ ]?)[A]" Threshold="100" Case="False" Excluded="True" Exact="False" kType="4" />
      <Keyword Name="(?i)parce[li1]{1}|(?i)[|li1]{1}ot[(]?(s)?[)]?" Value="(?i)parce[li1]{1}|(?i)[|li1]{1}ot[(]?(s)?[)]?" Threshold="100" Case="False" Excluded="True" Exact="True" kType="4" />
      <Keyword Name="legal description" Value="legal description" Threshold="80" Case="False" Excluded="True" Exact="False" kType="0" />
      <Keyword Name="continued" Value="continued" Threshold="90" Case="False" Excluded="True" Exact="False" kType="0" />
      <Keyword Name="[L](?i)[ot]{2}[ ]?[ ]?[\d]{1,200}" Value="[L](?i)[ot]{2}[ ]?[ ]?[\d]{1,200}" Threshold="100" Case="False" Excluded="True" Exact="False" kType="4" />
      <Keyword Name="NOTICE OF CLAIM" Value="NOTICE OF CLAIM" Threshold="80" Case="True" Excluded="True" Exact="False" kType="0" />
      <Keyword Name="" Value="([P](?i)[art]{3}[ ]?[ ]?)[I][ ]?[I]" Threshold="100" Case="False" Excluded="True" Exact="False" kType="4" />
      <Keyword Name="after conveyance of title" Value="after conveyance of title" Threshold="85" Case="False" Excluded="True" Exact="False" kType="0" />
      <Keyword Name="([P](?i)[art]{3})[ ]?[ ]?[-]?[ ]?(I[ ]?I|2)" Value="([P](?i)[art]{3})[ ]?[ ]?[-]?[ ]?(I[ ]?I|2)" Threshold="100" Case="False" Excluded="True" Exact="False" kType="4" />
      <Keyword Name="The Insured's Rights and Limitations" Value="The Insured's Rights and Limitations" Threshold="80" Case="False" Excluded="True" Exact="False" kType="0" />
      <Keyword Name="([S](?i)[chedule]{7})[ ]?[ ]?[B][ ]?[ ]?[-]?[ ]?(I[ ]?I|2)" Value="([S](?i)[chedule]{7})[ ]?[ ]?[B][ ]?[ ]?[-]?[ ]?(I[ ]?I|2)" Threshold="100" Case="False" Excluded="True" Exact="False" kType="4" />
      <Keyword Name="PLEASE PRINT NAME" Value="PLEASE PRINT NAME" Threshold="85" Case="True" Excluded="True" Exact="False" kType="0" />
      <Keyword Name="All that certain " Value="All that certain " Threshold="90" Case="False" Excluded="True" Exact="False" kType="0" />
      <Keyword Name="[a-z\.\,][ ]?[ ]?([S](?i)[chedule]{7}[ ]?[ ]?)[A]" Value="[a-z\.\,][ ]?[ ]?([S](?i)[chedule]{7}[ ]?[ ]?)[A]" Threshold="100" Case="False" Excluded="True" Exact="False" kType="4" />
      <Keyword Name="Cont'd" Value="Cont'd" Threshold="100" Case="False" Excluded="True" Exact="False" kType="0" />
      <Keyword Name="" Value="A(?i)ll that|A(?i)ll those" Threshold="100" Case="False" Excluded="True" Exact="True" kType="4" />
      <Keyword Name="" Value="[a-zA-Z_0-9][ ]?S(?i)chedule[ ]{0,10}(&quot;)?A(&quot;)?(.)?[ ]?[a-zA-Z_0-9]|[a-zA-Z_0-9][ ]?S(?i)chedule{0,10}(&quot;)?A(&quot;)?(.)?" Threshold="100" Case="False" Excluded="True" Exact="False" kType="4" />
      <Keyword Name="" Value="[S](?i)[chedule]{7}(.)?[ ]?[ ]?(&quot;)?[A](&quot;)?[ ][a-zA-Z_0-9]|[a-zA-Z_0-9][ ][S](?i)[chedule]{7}(.)?[ ]?[ ]?(&quot;)?[A](&quot;)?" Threshold="100" Case="False" Excluded="True" Exact="False" kType="4" />
      <Keyword Name="" Value="E(?I)NDORSEMENT" Threshold="100" Case="False" Excluded="True" Exact="False" kType="4" />
      <Keyword Name="Commitment" Value="Commitment" Threshold="90" Case="True" Excluded="True" Exact="False" kType="0" />
      <Keyword Name="COMMITMENT" Value="COMMITMENT" Threshold="90" Case="True" Excluded="True" Exact="False" kType="0" />
      <Keyword Name="" Value="(?i)am[0o]{1}unt|(?i)date" Threshold="100" Case="False" Excluded="False" Exact="False" kType="4" />
    </Rule>
    <Rule ModelId="154" Priority="1" MaxDistance="-1">
      <Keyword Name="" Value="A(?i)mount" Threshold="100" Case="False" Excluded="False" Exact="False" kType="4" />
      <Keyword Name="" Value="[\d]?[.]?[ ]?N(?i)ame[ ]?of[ ]?insured(:)?" Threshold="100" Case="False" Excluded="False" Exact="False" kType="4" />
      <Keyword Name="" Value="D(?i)ate[ ]?of[ ]?policy|P(?i)olicy[ ]?date" Threshold="100" Case="False" Excluded="False" Exact="False" kType="4" />
      <Keyword Name="Commitment" Value="Commitment" Threshold="90" Case="True" Excluded="True" Exact="False" kType="0" />
      <Keyword Name="COMMITMENT" Value="COMMITMENT" Threshold="90" Case="True" Excluded="True" Exact="False" kType="0" />
      <Keyword Name="" Value="(?i)am[0o]{1}unt|(?i)date" Threshold="100" Case="False" Excluded="False" Exact="False" kType="4" />
    </Rule>
    <Rule ModelId="154" Priority="1" MaxDistance="-1">
      <Keyword Name="" Value="A(?i)mount" Threshold="100" Case="False" Excluded="False" Exact="False" kType="4" />
      <Keyword Name="D(?i)ate" Value="D(?i)ate" Threshold="100" Case="False" Excluded="False" Exact="False" kType="4" />
      <Keyword Name="" Value="N(?i)ame[ ]?of[ ]?insured" Threshold="100" Case="False" Excluded="False" Exact="False" kType="4" />
      <Keyword Name="" Value="S(?i)chedule[ ]?A" Threshold="100" Case="False" Excluded="False" Exact="False" kType="4" />
      <Keyword Name="Commitment" Value="Commitment" Threshold="90" Case="True" Excluded="True" Exact="False" kType="0" />
      <Keyword Name="COMMITMENT" Value="COMMITMENT" Threshold="90" Case="True" Excluded="True" Exact="False" kType="0" />
      <Keyword Name="" Value="(?i)am[0o]{1}unt|(?i)date" Threshold="100" Case="False" Excluded="False" Exact="False" kType="4" />
    </Rule>
    <Rule ModelId="154" Priority="0" MaxDistance="-1">
      <Keyword Name="" Value="P(?i)olicy[ ]?number" Threshold="100" Case="False" Excluded="False" Exact="False" kType="4" />
      <Keyword Name="" Value="A(?i)mount" Threshold="100" Case="False" Excluded="False" Exact="False" kType="4" />
      <Keyword Name="" Value="N(?i)ame[ ]?of[ ]?insured" Threshold="100" Case="False" Excluded="False" Exact="False" kType="4" />
      <Keyword Name="" Value="D(?i)ate" Threshold="100" Case="False" Excluded="False" Exact="False" kType="4" />
      <Keyword Name="Commitment" Value="Commitment" Threshold="90" Case="True" Excluded="True" Exact="False" kType="0" />
      <Keyword Name="COMMITMENT" Value="COMMITMENT" Threshold="90" Case="True" Excluded="True" Exact="False" kType="0" />
      <Keyword Name="(?i)am[0o]{1}unt|(?i)date" Value="(?i)am[0o]{1}unt|(?i)date" Threshold="100" Case="False" Excluded="False" Exact="False" kType="4" />
    </Rule>
    <Rule ModelId="155" Priority="0" MaxDistance="-1">
      <Keyword Name="Schedule C" Value="Schedule C" Threshold="100" Case="False" Excluded="False" Exact="False" kType="0" />
      <Keyword Name="" Value="(?i)lot|(?i)parcel" Threshold="100" Case="False" Excluded="False" Exact="False" kType="4" />
      <Keyword Name="" Value="S(?i)chedule[ ]?B" Threshold="100" Case="False" Excluded="True" Exact="False" kType="4" />
      <Keyword Name="full legal description located on page" Value="full legal description located on page" Threshold="85" Case="False" Excluded="True" Exact="False" kType="0" />
      <Keyword Name="R(?i)ecorder[ ]?of[ ]?deed" Value="R(?i)ecorder[ ]?of[ ]?deed" Threshold="100" Case="False" Excluded="True" Exact="False" kType="4" />
      <Keyword Name="mortgagee" Value="mortgagee" Threshold="100" Case="False" Excluded="True" Exact="False" kType="0" />
      <Keyword Name="legal description attached hereto and made a part hereof" Value="legal description attached hereto and made a part hereof" Threshold="84" Case="False" Excluded="True" Exact="False" kType="0" />
      <Keyword Name="Affidavit of title" Value="Affidavit of title" Threshold="84" Case="False" Excluded="True" Exact="False" kType="0" />
      <Keyword Name="conditions and stipulations" Value="conditions and stipulations" Threshold="84" Case="False" Excluded="True" Exact="False" kType="0" />
      <Keyword Name="[$][\d\,]{4,12}[.][\d]{2}" Value="[$][\d\,]{4,12}[.][\d]{2}" Threshold="100" Case="False" Excluded="True" Exact="False" kType="4" />
      <Keyword Name="exhibit a attached hereto and made a part hereof" Value="exhibit a attached hereto and made a part hereof" Threshold="84" Case="False" Excluded="True" Exact="False" kType="0" />
    </Rule>
    <Rule ModelId="155" Priority="1" MaxDistance="-1">
      <Keyword Name="" Value="([S](?i)[chedule]{7}[ ]?[ ]?)[&quot;]?[C]{1}[&quot;]?" Threshold="100" Case="False" Excluded="False" Exact="False" kType="4" />
      <Keyword Name="NOTICE OF CLAIM" Value="NOTICE OF CLAIM" Threshold="90" Case="True" Excluded="True" Exact="False" kType="0" />
      <Keyword Name="SCHEDULE B" Value="SCHEDULE B" Threshold="80" Case="True" Excluded="True" Exact="False" kType="0" />
      <Keyword Name="full legal description located on page" Value="full legal description located on page" Threshold="85" Case="False" Excluded="True" Exact="False" kType="0" />
      <Keyword Name="" Value="R(?i)ecorder[ ]?of[ ]?deed" Threshold="100" Case="False" Excluded="True" Exact="False" kType="4" />
      <Keyword Name="mortgagee" Value="mortgagee" Threshold="100" Case="False" Excluded="True" Exact="False" kType="0" />
      <Keyword Name="legal description attached hereto and made a part hereof" Value="legal description attached hereto and made a part hereof" Threshold="84" Case="False" Excluded="True" Exact="False" kType="0" />
      <Keyword Name="Affidavit of title" Value="Affidavit of title" Threshold="84" Case="False" Excluded="True" Exact="False" kType="0" />
      <Keyword Name="conditions and stipulations" Value="conditions and stipulations" Threshold="84" Case="False" Excluded="True" Exact="False" kType="0" />
      <Keyword Name="" Value="[$][\d\,]{4,12}[.][\d]{2}" Threshold="100" Case="False" Excluded="True" Exact="False" kType="4" />
      <Keyword Name="exhibit a attached hereto and made a part hereof" Value="exhibit a attached hereto and made a part hereof" Threshold="84" Case="False" Excluded="True" Exact="False" kType="0" />
    </Rule>
    <Rule ModelId="155" Priority="2" MaxDistance="-1">
      <Keyword Name="LEGAL DESCRIPTION" Value="LEGAL DESCRIPTION" Threshold="80" Case="True" Excluded="False" Exact="False" kType="0" />
      <Keyword Name="" Value="[L](?i)[ot]{2}[ ]?[ ]?[\d]*" Threshold="100" Case="False" Excluded="False" Exact="False" kType="4" />
      <Keyword Name="SCHEDULE B" Value="SCHEDULE B" Threshold="100" Case="True" Excluded="True" Exact="False" kType="0" />
      <Keyword Name="full legal description located on page" Value="full legal description located on page" Threshold="85" Case="False" Excluded="True" Exact="False" kType="0" />
      <Keyword Name="" Value="R(?i)ecorder[ ]?of[ ]?deed" Threshold="100" Case="False" Excluded="True" Exact="False" kType="4" />
      <Keyword Name="mortgagee" Value="mortgagee" Threshold="100" Case="False" Excluded="True" Exact="False" kType="0" />
      <Keyword Name="legal description attached hereto and made a part hereof" Value="legal description attached hereto and made a part hereof" Threshold="84" Case="False" Excluded="True" Exact="False" kType="0" />
      <Keyword Name="Affidavit of title" Value="Affidavit of title" Threshold="84" Case="False" Excluded="True" Exact="False" kType="0" />
      <Keyword Name="conditions and stipulations" Value="conditions and stipulations" Threshold="84" Case="False" Excluded="True" Exact="False" kType="0" />
      <Keyword Name="[$][\d\,]{4,12}[.][\d]{2}" Value="[$][\d\,]{4,12}[.][\d]{2}" Threshold="100" Case="False" Excluded="True" Exact="False" kType="4" />
      <Keyword Name="exhibit a attached hereto and made a part hereof" Value="exhibit a attached hereto and made a part hereof" Threshold="84" Case="False" Excluded="True" Exact="False" kType="0" />
    </Rule>
    <Rule ModelId="155" Priority="2" MaxDistance="-1">
      <Keyword Name="(?i)Schedu[|li1]{1}e[ ]{0,4}(&quot;)?A(&quot;)?[\s ]{0,4}[\s]{0,4}[ ]{0,4}[(]?[ ]?cont[|li1]{1}nued|(?i)Schedu[|li1]{1}e[ ]{0,4}(&quot;)?A(&quot;)?[\s ]{0,4}[\s]{0,4}[ ]{0,4}(.)?[ ]?cont[|li1]{1}nued|(?i)Schedu[|li1]{1}e[ ]{0,4}(&quot;)?A(&quot;)?[\s ]{0,4}[\s]{0,4}[ ]{0,4}(.)?[ ]?cont[|li1]{1}nuat[|li1]{1}on" Value="(?i)Schedu[|li1]{1}e[ ]{0,4}(&quot;)?A(&quot;)?[\s ]{0,4}[\s]{0,4}[ ]{0,4}[(]?[ ]?cont[|li1]{1}nued|(?i)Schedu[|li1]{1}e[ ]{0,4}(&quot;)?A(&quot;)?[\s ]{0,4}[\s]{0,4}[ ]{0,4}(.)?[ ]?cont[|li1]{1}nued|(?i)Schedu[|li1]{1}e[ ]{0,4}(&quot;)?A(&quot;)?[\s ]{0,4}[\s]{0,4}[ ]{0,4}(.)?[ ]?cont[|li1]{1}nuat[|li1]{1}on" Threshold="100" Case="False" Excluded="False" Exact="False" kType="4" />
      <Keyword Name="" Value="(?i)[|li1]{1}ot(.)?(s)?|(?i)townsh[il|1]{1}p" Threshold="100" Case="False" Excluded="False" Exact="True" kType="4" />
      <Keyword Name="SCHEDULE B" Value="SCHEDULE B" Threshold="100" Case="True" Excluded="True" Exact="False" kType="0" />
      <Keyword Name="full legal description located on page" Value="full legal description located on page" Threshold="85" Case="False" Excluded="True" Exact="False" kType="0" />
      <Keyword Name="R(?i)ecorder[ ]?of[ ]?deed" Value="R(?i)ecorder[ ]?of[ ]?deed" Threshold="100" Case="False" Excluded="True" Exact="False" kType="4" />
      <Keyword Name="mortgagee" Value="mortgagee" Threshold="100" Case="False" Excluded="True" Exact="False" kType="0" />
      <Keyword Name="legal description attached hereto and made a part hereof" Value="legal description attached hereto and made a part hereof" Threshold="84" Case="False" Excluded="True" Exact="False" kType="0" />
      <Keyword Name="Affidavit of title" Value="Affidavit of title" Threshold="84" Case="False" Excluded="True" Exact="False" kType="0" />
      <Keyword Name="conditions and stipulations" Value="conditions and stipulations" Threshold="84" Case="False" Excluded="True" Exact="False" kType="0" />
      <Keyword Name="" Value="[$][\d\,]{4,12}[.][\d]{2}" Threshold="100" Case="False" Excluded="True" Exact="False" kType="4" />
      <Keyword Name="exhibit a attached hereto and made a part hereof" Value="exhibit a attached hereto and made a part hereof" Threshold="84" Case="False" Excluded="True" Exact="False" kType="0" />
      <Keyword Name="((?i)north|(?i)south)|((?i)east|(?i)west)" Value="((?i)north|(?i)south)|((?i)east|(?i)west)" Threshold="100" Case="False" Excluded="False" Exact="False" kType="4" />
    </Rule>
    <Rule ModelId="155" Priority="2" MaxDistance="-1">
      <Keyword Name="(?i)parce[|li1]{1}|(?i)[|li1]{1}ot(.)?(s)?(.)?" Value="(?i)parce[|li1]{1}|(?i)[|li1]{1}ot(.)?(s)?(.)?" Threshold="100" Case="False" Excluded="False" Exact="True" kType="4" />
      <Keyword Name="(?i)A[|li1]{2}[ ]?[ ]?that[ ]?[ ]?certa[|li1]{1}n|(?i)A[|li1]{2}[ ]?[ ]?those[ ]?[ ]?certa[|li1]{1}n" Value="(?i)A[|li1]{2}[ ]?[ ]?that[ ]?[ ]?certa[|li1]{1}n|(?i)A[|li1]{2}[ ]?[ ]?those[ ]?[ ]?certa[|li1]{1}n" Threshold="100" Case="False" Excluded="False" Exact="False" kType="4" />
      <Keyword Name="land" Value="land" Threshold="100" Case="False" Excluded="False" Exact="False" kType="0" />
      <Keyword Name="SCHEDULE B" Value="SCHEDULE B" Threshold="80" Case="True" Excluded="True" Exact="False" kType="0" />
      <Keyword Name="full legal description located on page" Value="full legal description located on page" Threshold="85" Case="False" Excluded="True" Exact="False" kType="0" />
      <Keyword Name="R(?i)ecorder[ ]?of[ ]?deed" Value="R(?i)ecorder[ ]?of[ ]?deed" Threshold="100" Case="False" Excluded="True" Exact="False" kType="4" />
      <Keyword Name="mortgagee" Value="mortgagee" Threshold="100" Case="False" Excluded="True" Exact="False" kType="0" />
      <Keyword Name="legal description attached hereto and made a part hereof" Value="legal description attached hereto and made a part hereof" Threshold="84" Case="False" Excluded="True" Exact="False" kType="0" />
      <Keyword Name="Affidavit of title" Value="Affidavit of title" Threshold="84" Case="False" Excluded="True" Exact="False" kType="0" />
      <Keyword Name="conditions and stipulations" Value="conditions and stipulations" Threshold="84" Case="False" Excluded="True" Exact="False" kType="0" />
      <Keyword Name="" Value="[$][\d\,]{4,12}[.][\d]{2}" Threshold="100" Case="False" Excluded="True" Exact="False" kType="4" />
      <Keyword Name="exhibit a attached hereto and made a part hereof" Value="exhibit a attached hereto and made a part hereof" Threshold="84" Case="False" Excluded="True" Exact="False" kType="0" />
    </Rule>
    <Rule ModelId="155" Priority="1" MaxDistance="-1">
      <Keyword Name="" Value="([E](?i)xhibit[ ]?[ ]?)(&quot;)?[A|B](&quot;)?|(?i)schedule[ ]?[ ]?(.)?A(.)?" Threshold="100" Case="False" Excluded="False" Exact="False" kType="4" />
      <Keyword Name="NOTICE OF CLAIM" Value="NOTICE OF CLAIM" Threshold="90" Case="True" Excluded="True" Exact="False" kType="0" />
      <Keyword Name="" Value="S(?i)chedule[ ]?B" Threshold="100" Case="False" Excluded="True" Exact="False" kType="4" />
      <Keyword Name="full legal description located on page" Value="full legal description located on page" Threshold="85" Case="False" Excluded="True" Exact="False" kType="0" />
      <Keyword Name="R(?i)ecorder[ ]?of[ ]?deed" Value="R(?i)ecorder[ ]?of[ ]?deed" Threshold="100" Case="False" Excluded="True" Exact="False" kType="4" />
      <Keyword Name="mortgagee" Value="mortgagee" Threshold="100" Case="False" Excluded="True" Exact="False" kType="0" />
      <Keyword Name="legal description attached hereto and made a part hereof" Value="legal description attached hereto and made a part hereof" Threshold="84" Case="False" Excluded="True" Exact="False" kType="0" />
      <Keyword Name="Affidavit of title" Value="Affidavit of title" Threshold="84" Case="False" Excluded="True" Exact="False" kType="0" />
      <Keyword Name="conditions and stipulations" Value="conditions and stipulations" Threshold="84" Case="False" Excluded="True" Exact="False" kType="0" />
      <Keyword Name="[$][\d\,]{4,12}[.][\d]{2}" Value="[$][\d\,]{4,12}[.][\d]{2}" Threshold="100" Case="False" Excluded="True" Exact="False" kType="4" />
      <Keyword Name="exhibit a attached hereto and made a part hereof" Value="exhibit a attached hereto and made a part hereof" Threshold="84" Case="False" Excluded="True" Exact="False" kType="0" />
      <Keyword Name="((?i)parce[|li1]{1}|(?i)p[|li1]{1}ece)|((?i)[|li1]{1}ot(.)?(s)?(.)|(?i)[|li1]{1}and)" Value="((?i)parce[|li1]{1}|(?i)p[|li1]{1}ece)|((?i)[|li1]{1}ot(.)?(s)?(.)|(?i)[|li1]{1}and)" Threshold="100" Case="False" Excluded="False" Exact="True" kType="4" />
    </Rule>
    <Rule ModelId="155" Priority="1" MaxDistance="-1">
      <Keyword Name="NOTICE OF CLAIM" Value="NOTICE OF CLAIM" Threshold="90" Case="True" Excluded="True" Exact="False" kType="0" />
      <Keyword Name="[E](?i)[xhibit]{6}[ ]?[ ]?(&quot;)?([A]|[O](?i)[ne]{2}|[I]|[1])(&quot;)?" Value="[E](?i)[xhibit]{6}[ ]?[ ]?(&quot;)?([A]|[O](?i)[ne]{2}|[I]|[1])(&quot;)?" Threshold="100" Case="False" Excluded="False" Exact="False" kType="4" />
      <Keyword Name="" Value="S(?i)chedule[ ]?B" Threshold="100" Case="False" Excluded="True" Exact="False" kType="4" />
      <Keyword Name="full legal description located on page" Value="full legal description located on page" Threshold="85" Case="False" Excluded="True" Exact="False" kType="0" />
      <Keyword Name="R(?i)ecorder[ ]?of[ ]?deed" Value="R(?i)ecorder[ ]?of[ ]?deed" Threshold="100" Case="False" Excluded="True" Exact="False" kType="4" />
      <Keyword Name="mortgagee" Value="mortgagee" Threshold="100" Case="False" Excluded="True" Exact="False" kType="0" />
      <Keyword Name="legal description attached hereto and made a part hereof" Value="legal description attached hereto and made a part hereof" Threshold="84" Case="False" Excluded="True" Exact="False" kType="0" />
      <Keyword Name="Affidavit of title" Value="Affidavit of title" Threshold="84" Case="False" Excluded="True" Exact="False" kType="0" />
      <Keyword Name="conditions and stipulations" Value="conditions and stipulations" Threshold="84" Case="False" Excluded="True" Exact="False" kType="0" />
      <Keyword Name="" Value="[$][\d\,]{4,12}[.][\d]{2}" Threshold="100" Case="False" Excluded="True" Exact="False" kType="4" />
      <Keyword Name="exhibit a attached hereto and made a part hereof" Value="exhibit a attached hereto and made a part hereof" Threshold="84" Case="False" Excluded="True" Exact="False" kType="0" />
    </Rule>
    <Rule ModelId="155" Priority="2" MaxDistance="-1">
      <Keyword Name="" Value="[L](?i)[ot]{2}[ ]?[ ]?[\d]*" Threshold="100" Case="False" Excluded="False" Exact="False" kType="4" />
      <Keyword Name="E(?i)xhibit" Value="E(?i)xhibit" Threshold="100" Case="False" Excluded="False" Exact="False" kType="4" />
      <Keyword Name="NOTICE OF CLAIM" Value="NOTICE OF CLAIM" Threshold="90" Case="True" Excluded="True" Exact="False" kType="0" />
      <Keyword Name="" Value="S(?i)chedule[ ]?B" Threshold="100" Case="False" Excluded="True" Exact="False" kType="4" />
      <Keyword Name="full legal description located on page" Value="full legal description located on page" Threshold="85" Case="False" Excluded="True" Exact="False" kType="0" />
      <Keyword Name="R(?i)ecorder[ ]?of[ ]?deed" Value="R(?i)ecorder[ ]?of[ ]?deed" Threshold="100" Case="False" Excluded="True" Exact="False" kType="4" />
      <Keyword Name="mortgagee" Value="mortgagee" Threshold="100" Case="False" Excluded="True" Exact="False" kType="0" />
      <Keyword Name="legal description attached hereto and made a part hereof" Value="legal description attached hereto and made a part hereof" Threshold="84" Case="False" Excluded="True" Exact="False" kType="0" />
      <Keyword Name="Affidavit of title" Value="Affidavit of title" Threshold="84" Case="False" Excluded="True" Exact="False" kType="0" />
      <Keyword Name="conditions and stipulations" Value="conditions and stipulations" Threshold="84" Case="False" Excluded="True" Exact="False" kType="0" />
      <Keyword Name="[$][\d\,]{4,12}[.][\d]{2}" Value="[$][\d\,]{4,12}[.][\d]{2}" Threshold="100" Case="False" Excluded="True" Exact="False" kType="4" />
      <Keyword Name="exhibit a attached hereto and made a part hereof" Value="exhibit a attached hereto and made a part hereof" Threshold="84" Case="False" Excluded="True" Exact="False" kType="0" />
    </Rule>
    <Rule ModelId="155" Priority="0" MaxDistance="-1">
      <Keyword Name="(?i)schedule(.)?[ ]?(&quot;)?C(&quot;)?" Value="(?i)schedule(.)?[ ]?(&quot;)?C(&quot;)?" Threshold="100" Case="False" Excluded="False" Exact="False" kType="4" />
      <Keyword Name="" Value="S(?i)chedule[ ]?B" Threshold="100" Case="False" Excluded="True" Exact="False" kType="4" />
      <Keyword Name="full legal description located on page" Value="full legal description located on page" Threshold="85" Case="False" Excluded="True" Exact="False" kType="0" />
      <Keyword Name="R(?i)ecorder[ ]?of[ ]?deed" Value="R(?i)ecorder[ ]?of[ ]?deed" Threshold="100" Case="False" Excluded="True" Exact="False" kType="4" />
      <Keyword Name="mortgagee" Value="mortgagee" Threshold="100" Case="False" Excluded="True" Exact="False" kType="0" />
      <Keyword Name="legal description attached hereto and made a part hereof" Value="legal description attached hereto and made a part hereof" Threshold="84" Case="False" Excluded="True" Exact="False" kType="0" />
      <Keyword Name="Affidavit of title" Value="Affidavit of title" Threshold="84" Case="False" Excluded="True" Exact="False" kType="0" />
      <Keyword Name="conditions and stipulations" Value="conditions and stipulations" Threshold="84" Case="False" Excluded="True" Exact="False" kType="0" />
      <Keyword Name="[$][\d\,]{4,12}[.][\d]{2}" Value="[$][\d\,]{4,12}[.][\d]{2}" Threshold="100" Case="False" Excluded="True" Exact="False" kType="4" />
      <Keyword Name="exhibit a attached hereto and made a part hereof" Value="exhibit a attached hereto and made a part hereof" Threshold="84" Case="False" Excluded="True" Exact="False" kType="0" />
    </Rule>
    <Rule ModelId="155" Priority="2" MaxDistance="-1">
      <Keyword Name="BEGINNING" Value="BEGINNING" Threshold="90" Case="True" Excluded="False" Exact="False" kType="0" />
      <Keyword Name="lot" Value="lot" Threshold="100" Case="False" Excluded="False" Exact="True" kType="0" />
      <Keyword Name="parcel" Value="parcel" Threshold="90" Case="False" Excluded="False" Exact="True" kType="0" />
      <Keyword Name="" Value="S(?i)chedule[ ]?B" Threshold="100" Case="False" Excluded="True" Exact="False" kType="4" />
      <Keyword Name="full legal description located on page" Value="full legal description located on page" Threshold="85" Case="False" Excluded="True" Exact="False" kType="0" />
      <Keyword Name="R(?i)ecorder[ ]?of[ ]?deed" Value="R(?i)ecorder[ ]?of[ ]?deed" Threshold="100" Case="False" Excluded="True" Exact="False" kType="4" />
      <Keyword Name="mortgagee" Value="mortgagee" Threshold="100" Case="False" Excluded="True" Exact="False" kType="0" />
      <Keyword Name="legal description attached hereto and made a part hereof" Value="legal description attached hereto and made a part hereof" Threshold="84" Case="False" Excluded="True" Exact="False" kType="0" />
      <Keyword Name="Affidavit of title" Value="Affidavit of title" Threshold="84" Case="False" Excluded="True" Exact="False" kType="0" />
      <Keyword Name="conditions and stipulations" Value="conditions and stipulations" Threshold="84" Case="False" Excluded="True" Exact="False" kType="0" />
      <Keyword Name="[$][\d\,]{4,12}[.][\d]{2}" Value="[$][\d\,]{4,12}[.][\d]{2}" Threshold="100" Case="False" Excluded="True" Exact="False" kType="4" />
      <Keyword Name="exhibit a attached hereto and made a part hereof" Value="exhibit a attached hereto and made a part hereof" Threshold="84" Case="False" Excluded="True" Exact="False" kType="0" />
    </Rule>
    <Rule ModelId="155" Priority="2" MaxDistance="-1">
      <Keyword Name="thence" Value="thence" Threshold="90" Case="False" Excluded="False" Exact="True" kType="0" />
      <Keyword Name="running" Value="running" Threshold="90" Case="False" Excluded="False" Exact="True" kType="0" />
      <Keyword Name="" Value="S(?i)chedule[ ]?B" Threshold="100" Case="False" Excluded="True" Exact="False" kType="4" />
      <Keyword Name="full legal description located on page" Value="full legal description located on page" Threshold="85" Case="False" Excluded="True" Exact="False" kType="0" />
      <Keyword Name="R(?i)ecorder[ ]?of[ ]?deed" Value="R(?i)ecorder[ ]?of[ ]?deed" Threshold="100" Case="False" Excluded="True" Exact="False" kType="4" />
      <Keyword Name="mortgagee" Value="mortgagee" Threshold="100" Case="False" Excluded="True" Exact="False" kType="0" />
      <Keyword Name="legal description attached hereto and made a part hereof" Value="legal description attached hereto and made a part hereof" Threshold="84" Case="False" Excluded="True" Exact="False" kType="0" />
      <Keyword Name="Affidavit of title" Value="Affidavit of title" Threshold="84" Case="False" Excluded="True" Exact="False" kType="0" />
      <Keyword Name="conditions and stipulations" Value="conditions and stipulations" Threshold="84" Case="False" Excluded="True" Exact="False" kType="0" />
      <Keyword Name="[$][\d\,]{4,12}[.][\d]{2}" Value="[$][\d\,]{4,12}[.][\d]{2}" Threshold="100" Case="False" Excluded="True" Exact="False" kType="4" />
      <Keyword Name="exhibit a attached hereto and made a part hereof" Value="exhibit a attached hereto and made a part hereof" Threshold="84" Case="False" Excluded="True" Exact="False" kType="0" />
    </Rule>
    <Rule ModelId="155" Priority="2" MaxDistance="-1">
      <Keyword Name="" Value="L(?i)egal description" Threshold="100" Case="False" Excluded="False" Exact="True" kType="4" />
      <Keyword Name="" Value="S(?i)chedule[ ]?B" Threshold="100" Case="False" Excluded="True" Exact="False" kType="4" />
      <Keyword Name="full legal description located on page" Value="full legal description located on page" Threshold="85" Case="False" Excluded="True" Exact="False" kType="0" />
      <Keyword Name="R(?i)ecorder[ ]?of[ ]?deed" Value="R(?i)ecorder[ ]?of[ ]?deed" Threshold="100" Case="False" Excluded="True" Exact="False" kType="4" />
      <Keyword Name="mortgagee" Value="mortgagee" Threshold="100" Case="False" Excluded="True" Exact="False" kType="0" />
      <Keyword Name="legal description attached hereto and made a part hereof" Value="legal description attached hereto and made a part hereof" Threshold="84" Case="False" Excluded="True" Exact="False" kType="0" />
      <Keyword Name="Affidavit of title" Value="Affidavit of title" Threshold="84" Case="False" Excluded="True" Exact="False" kType="0" />
      <Keyword Name="conditions and stipulations" Value="conditions and stipulations" Threshold="84" Case="False" Excluded="True" Exact="False" kType="0" />
      <Keyword Name="[$][\d\,]{4,12}[.][\d]{2}" Value="[$][\d\,]{4,12}[.][\d]{2}" Threshold="100" Case="False" Excluded="True" Exact="False" kType="4" />
      <Keyword Name="exhibit a attached hereto and made a part hereof" Value="exhibit a attached hereto and made a part hereof" Threshold="84" Case="False" Excluded="True" Exact="False" kType="0" />
    </Rule>
    <Rule ModelId="155" Priority="0" MaxDistance="-1">
      <Keyword Name="A(?i)ll that" Value="A(?i)ll that" Threshold="90" Case="False" Excluded="False" Exact="True" kType="0" />
      <Keyword Name="parcel" Value="parcel" Threshold="100" Case="False" Excluded="False" Exact="False" kType="0" />
      <Keyword Name="" Value="S(?i)chedule[ ]?B" Threshold="100" Case="False" Excluded="True" Exact="False" kType="4" />
      <Keyword Name="full legal description located on page" Value="full legal description located on page" Threshold="85" Case="False" Excluded="True" Exact="False" kType="0" />
      <Keyword Name="R(?i)ecorder[ ]?of[ ]?deed" Value="R(?i)ecorder[ ]?of[ ]?deed" Threshold="100" Case="False" Excluded="True" Exact="False" kType="4" />
      <Keyword Name="mortgagee" Value="mortgagee" Threshold="100" Case="False" Excluded="True" Exact="False" kType="0" />
      <Keyword Name="legal description attached hereto and made a part hereof" Value="legal description attached hereto and made a part hereof" Threshold="84" Case="False" Excluded="True" Exact="False" kType="0" />
      <Keyword Name="Affidavit of title" Value="Affidavit of title" Threshold="84" Case="False" Excluded="True" Exact="False" kType="0" />
      <Keyword Name="conditions and stipulations" Value="conditions and stipulations" Threshold="84" Case="False" Excluded="True" Exact="False" kType="0" />
      <Keyword Name="" Value="[$][\d\,]{4,12}[.][\d]{2}" Threshold="100" Case="False" Excluded="True" Exact="False" kType="4" />
      <Keyword Name="exhibit a attached hereto and made a part hereof" Value="exhibit a attached hereto and made a part hereof" Threshold="84" Case="False" Excluded="True" Exact="False" kType="0" />
    </Rule>
    <Rule ModelId="155" Priority="0" MaxDistance="-1">
      <Keyword Name="land referred to" Value="land referred to" Threshold="90" Case="False" Excluded="False" Exact="False" kType="0" />
      <Keyword Name="" Value="S(?i)chedule[ ]?B" Threshold="100" Case="False" Excluded="True" Exact="False" kType="4" />
      <Keyword Name="full legal description located on page" Value="full legal description located on page" Threshold="85" Case="False" Excluded="True" Exact="False" kType="0" />
      <Keyword Name="R(?i)ecorder[ ]?of[ ]?deed" Value="R(?i)ecorder[ ]?of[ ]?deed" Threshold="100" Case="False" Excluded="True" Exact="False" kType="4" />
      <Keyword Name="mortgagee" Value="mortgagee" Threshold="100" Case="False" Excluded="True" Exact="False" kType="0" />
      <Keyword Name="legal description attached hereto and made a part hereof" Value="legal description attached hereto and made a part hereof" Threshold="84" Case="False" Excluded="True" Exact="False" kType="0" />
      <Keyword Name="Affidavit of title" Value="Affidavit of title" Threshold="84" Case="False" Excluded="True" Exact="False" kType="0" />
      <Keyword Name="conditions and stipulations" Value="conditions and stipulations" Threshold="84" Case="False" Excluded="True" Exact="False" kType="0" />
      <Keyword Name="[$][\d\,]{4,12}[.][\d]{2}" Value="[$][\d\,]{4,12}[.][\d]{2}" Threshold="100" Case="False" Excluded="True" Exact="False" kType="4" />
      <Keyword Name="exhibit a attached hereto and made a part hereof" Value="exhibit a attached hereto and made a part hereof" Threshold="84" Case="False" Excluded="True" Exact="False" kType="0" />
    </Rule>
    <Rule ModelId="155" Priority="0" MaxDistance="-1">
      <Keyword Name="schedule A" Value="schedule A" Threshold="90" Case="False" Excluded="False" Exact="False" kType="0" />
      <Keyword Name="continued" Value="continued" Threshold="90" Case="False" Excluded="False" Exact="False" kType="0" />
      <Keyword Name="land" Value="land" Threshold="100" Case="False" Excluded="False" Exact="True" kType="0" />
      <Keyword Name="" Value="S(?i)chedule[ ]?B" Threshold="100" Case="False" Excluded="True" Exact="False" kType="4" />
      <Keyword Name="full legal description located on page" Value="full legal description located on page" Threshold="85" Case="False" Excluded="True" Exact="False" kType="0" />
      <Keyword Name="R(?i)ecorder[ ]?of[ ]?deed" Value="R(?i)ecorder[ ]?of[ ]?deed" Threshold="100" Case="False" Excluded="True" Exact="False" kType="4" />
      <Keyword Name="mortgagee" Value="mortgagee" Threshold="100" Case="False" Excluded="True" Exact="False" kType="0" />
      <Keyword Name="legal description attached hereto and made a part hereof" Value="legal description attached hereto and made a part hereof" Threshold="84" Case="False" Excluded="True" Exact="False" kType="0" />
      <Keyword Name="Affidavit of title" Value="Affidavit of title" Threshold="84" Case="False" Excluded="True" Exact="False" kType="0" />
      <Keyword Name="conditions and stipulations" Value="conditions and stipulations" Threshold="84" Case="False" Excluded="True" Exact="False" kType="0" />
      <Keyword Name="" Value="[$][\d\,]{4,12}[.][\d]{2}" Threshold="100" Case="False" Excluded="True" Exact="False" kType="4" />
      <Keyword Name="exhibit a attached hereto and made a part hereof" Value="exhibit a attached hereto and made a part hereof" Threshold="84" Case="False" Excluded="True" Exact="False" kType="0" />
    </Rule>
    <Rule ModelId="155" Priority="0" MaxDistance="-1">
      <Keyword Name="a tract of land" Value="a tract of land" Threshold="90" Case="False" Excluded="False" Exact="False" kType="0" />
      <Keyword Name="" Value="S(?i)chedule[ ]?B" Threshold="100" Case="False" Excluded="True" Exact="False" kType="4" />
      <Keyword Name="full legal description located on page" Value="full legal description located on page" Threshold="85" Case="False" Excluded="True" Exact="False" kType="0" />
      <Keyword Name="R(?i)ecorder[ ]?of[ ]?deed" Value="R(?i)ecorder[ ]?of[ ]?deed" Threshold="100" Case="False" Excluded="True" Exact="False" kType="4" />
      <Keyword Name="mortgagee" Value="mortgagee" Threshold="100" Case="False" Excluded="True" Exact="False" kType="0" />
      <Keyword Name="legal description attached hereto and made a part hereof" Value="legal description attached hereto and made a part hereof" Threshold="84" Case="False" Excluded="True" Exact="False" kType="0" />
      <Keyword Name="Affidavit of title" Value="Affidavit of title" Threshold="84" Case="False" Excluded="True" Exact="False" kType="0" />
      <Keyword Name="conditions and stipulations" Value="conditions and stipulations" Threshold="84" Case="False" Excluded="True" Exact="False" kType="0" />
      <Keyword Name="" Value="[$][\d\,]{4,12}[.][\d]{2}" Threshold="100" Case="False" Excluded="True" Exact="False" kType="4" />
      <Keyword Name="exhibit a attached hereto and made a part hereof" Value="exhibit a attached hereto and made a part hereof" Threshold="84" Case="False" Excluded="True" Exact="False" kType="0" />
    </Rule>
    <Rule ModelId="155" Priority="0" MaxDistance="-1">
      <Keyword Name="schedule a" Value="schedule a" Threshold="100" Case="False" Excluded="False" Exact="False" kType="0" />
      <Keyword Name="continued" Value="continued" Threshold="90" Case="False" Excluded="False" Exact="False" kType="0" />
      <Keyword Name="parcel" Value="parcel" Threshold="90" Case="False" Excluded="False" Exact="False" kType="0" />
      <Keyword Name="" Value="S(?i)chedule[ ]?B" Threshold="100" Case="False" Excluded="True" Exact="False" kType="4" />
      <Keyword Name="full legal description located on page" Value="full legal description located on page" Threshold="85" Case="False" Excluded="True" Exact="False" kType="0" />
      <Keyword Name="R(?i)ecorder[ ]?of[ ]?deed" Value="R(?i)ecorder[ ]?of[ ]?deed" Threshold="100" Case="False" Excluded="True" Exact="False" kType="4" />
      <Keyword Name="mortgagee" Value="mortgagee" Threshold="100" Case="False" Excluded="True" Exact="False" kType="0" />
      <Keyword Name="legal description attached hereto and made a part hereof" Value="legal description attached hereto and made a part hereof" Threshold="84" Case="False" Excluded="True" Exact="False" kType="0" />
      <Keyword Name="Affidavit of title" Value="Affidavit of title" Threshold="84" Case="False" Excluded="True" Exact="False" kType="0" />
      <Keyword Name="conditions and stipulations" Value="conditions and stipulations" Threshold="84" Case="False" Excluded="True" Exact="False" kType="0" />
      <Keyword Name="" Value="[$][\d\,]{4,12}[.][\d]{2}" Threshold="100" Case="False" Excluded="True" Exact="False" kType="4" />
      <Keyword Name="exhibit a attached hereto and made a part hereof" Value="exhibit a attached hereto and made a part hereof" Threshold="84" Case="False" Excluded="True" Exact="False" kType="0" />
    </Rule>
    <Rule ModelId="155" Priority="0" MaxDistance="-1">
      <Keyword Name="schedule a" Value="schedule a" Threshold="100" Case="False" Excluded="False" Exact="False" kType="0" />
      <Keyword Name="A(?i)ll that|A(?i)ll those" Value="A(?i)ll that|A(?i)ll those" Threshold="100" Case="False" Excluded="False" Exact="False" kType="4" />
      <Keyword Name="parcel" Value="parcel" Threshold="90" Case="False" Excluded="False" Exact="False" kType="0" />
      <Keyword Name="" Value="S(?i)chedule[ ]?B" Threshold="100" Case="False" Excluded="True" Exact="False" kType="4" />
      <Keyword Name="full legal description located on page" Value="full legal description located on page" Threshold="85" Case="False" Excluded="True" Exact="False" kType="0" />
      <Keyword Name="R(?i)ecorder[ ]?of[ ]?deed" Value="R(?i)ecorder[ ]?of[ ]?deed" Threshold="100" Case="False" Excluded="True" Exact="False" kType="4" />
      <Keyword Name="mortgagee" Value="mortgagee" Threshold="100" Case="False" Excluded="True" Exact="False" kType="0" />
      <Keyword Name="legal description attached hereto and made a part hereof" Value="legal description attached hereto and made a part hereof" Threshold="84" Case="False" Excluded="True" Exact="False" kType="0" />
      <Keyword Name="Affidavit of title" Value="Affidavit of title" Threshold="84" Case="False" Excluded="True" Exact="False" kType="0" />
      <Keyword Name="conditions and stipulations" Value="conditions and stipulations" Threshold="84" Case="False" Excluded="True" Exact="False" kType="0" />
      <Keyword Name="" Value="[$][\d\,]{4,12}[.][\d]{2}" Threshold="100" Case="False" Excluded="True" Exact="False" kType="4" />
      <Keyword Name="exhibit a attached hereto and made a part hereof" Value="exhibit a attached hereto and made a part hereof" Threshold="84" Case="False" Excluded="True" Exact="False" kType="0" />
    </Rule>
    <Rule ModelId="155" Priority="0" MaxDistance="-1">
      <Keyword Name="BEGINNING" Value="BEGINNING" Threshold="90" Case="False" Excluded="False" Exact="False" kType="0" />
      <Keyword Name="lot" Value="lot" Threshold="100" Case="False" Excluded="False" Exact="False" kType="0" />
      <Keyword Name="parcel" Value="parcel" Threshold="90" Case="False" Excluded="False" Exact="False" kType="0" />
      <Keyword Name="" Value="S(?i)chedule[ ]?B" Threshold="100" Case="False" Excluded="True" Exact="False" kType="4" />
      <Keyword Name="full legal description located on page" Value="full legal description located on page" Threshold="85" Case="False" Excluded="True" Exact="False" kType="0" />
      <Keyword Name="R(?i)ecorder[ ]?of[ ]?deed" Value="R(?i)ecorder[ ]?of[ ]?deed" Threshold="100" Case="False" Excluded="True" Exact="False" kType="4" />
      <Keyword Name="mortgagee" Value="mortgagee" Threshold="100" Case="False" Excluded="True" Exact="False" kType="0" />
      <Keyword Name="legal description attached hereto and made a part hereof" Value="legal description attached hereto and made a part hereof" Threshold="84" Case="False" Excluded="True" Exact="False" kType="0" />
      <Keyword Name="Affidavit of title" Value="Affidavit of title" Threshold="84" Case="False" Excluded="True" Exact="False" kType="0" />
      <Keyword Name="conditions and stipulations" Value="conditions and stipulations" Threshold="84" Case="False" Excluded="True" Exact="False" kType="0" />
      <Keyword Name="[$][\d\,]{4,12}[.][\d]{2}" Value="[$][\d\,]{4,12}[.][\d]{2}" Threshold="100" Case="False" Excluded="True" Exact="False" kType="4" />
      <Keyword Name="exhibit a attached hereto and made a part hereof" Value="exhibit a attached hereto and made a part hereof" Threshold="84" Case="False" Excluded="True" Exact="False" kType="0" />
    </Rule>
    <Rule ModelId="155" Priority="0" MaxDistance="-1">
      <Keyword Name="E(?i)xhibit" Value="E(?i)xhibit" Threshold="100" Case="False" Excluded="False" Exact="True" kType="4" />
      <Keyword Name="" Value="parcel" Threshold="90" Case="False" Excluded="False" Exact="False" kType="0" />
      <Keyword Name="" Value="S(?i)chedule[ ]?B" Threshold="100" Case="False" Excluded="True" Exact="False" kType="4" />
      <Keyword Name="full legal description located on page" Value="full legal description located on page" Threshold="85" Case="False" Excluded="True" Exact="False" kType="0" />
      <Keyword Name="R(?i)ecorder[ ]?of[ ]?deed" Value="R(?i)ecorder[ ]?of[ ]?deed" Threshold="100" Case="False" Excluded="True" Exact="False" kType="4" />
      <Keyword Name="mortgagee" Value="mortgagee" Threshold="100" Case="False" Excluded="True" Exact="False" kType="0" />
      <Keyword Name="legal description attached hereto and made a part hereof" Value="legal description attached hereto and made a part hereof" Threshold="84" Case="False" Excluded="True" Exact="False" kType="0" />
      <Keyword Name="Affidavit of title" Value="Affidavit of title" Threshold="84" Case="False" Excluded="True" Exact="False" kType="0" />
      <Keyword Name="conditions and stipulations" Value="conditions and stipulations" Threshold="84" Case="False" Excluded="True" Exact="False" kType="0" />
      <Keyword Name="" Value="[$][\d\,]{4,12}[.][\d]{2}" Threshold="100" Case="False" Excluded="True" Exact="False" kType="4" />
      <Keyword Name="exhibit a attached hereto and made a part hereof" Value="exhibit a attached hereto and made a part hereof" Threshold="84" Case="False" Excluded="True" Exact="False" kType="0" />
    </Rule>
    <Rule ModelId="155" Priority="0" MaxDistance="-1">
      <Keyword Name="survey" Value="survey" Threshold="90" Case="False" Excluded="False" Exact="False" kType="0" />
      <Keyword Name="lot" Value="lot" Threshold="100" Case="False" Excluded="False" Exact="False" kType="0" />
      <Keyword Name="" Value="S(?i)chedule[ ]?B" Threshold="100" Case="False" Excluded="True" Exact="False" kType="4" />
      <Keyword Name="full legal description located on page" Value="full legal description located on page" Threshold="85" Case="False" Excluded="True" Exact="False" kType="0" />
      <Keyword Name="R(?i)ecorder[ ]?of[ ]?deed" Value="R(?i)ecorder[ ]?of[ ]?deed" Threshold="100" Case="False" Excluded="True" Exact="False" kType="4" />
      <Keyword Name="mortgagee" Value="mortgagee" Threshold="100" Case="False" Excluded="True" Exact="False" kType="0" />
      <Keyword Name="legal description attached hereto and made a part hereof" Value="legal description attached hereto and made a part hereof" Threshold="84" Case="False" Excluded="True" Exact="False" kType="0" />
      <Keyword Name="Affidavit of title" Value="Affidavit of title" Threshold="84" Case="False" Excluded="True" Exact="False" kType="0" />
      <Keyword Name="conditions and stipulations" Value="conditions and stipulations" Threshold="84" Case="False" Excluded="True" Exact="False" kType="0" />
      <Keyword Name="" Value="[$][\d\,]{4,12}[.][\d]{2}" Threshold="100" Case="False" Excluded="True" Exact="False" kType="4" />
      <Keyword Name="exhibit a attached hereto and made a part hereof" Value="exhibit a attached hereto and made a part hereof" Threshold="84" Case="False" Excluded="True" Exact="False" kType="0" />
    </Rule>
    <Rule ModelId="155" Priority="0" MaxDistance="-1">
      <Keyword Name="(?i)lot|lots" Value="(?i)lot|lots" Threshold="100" Case="False" Excluded="False" Exact="True" kType="4" />
      <Keyword Name="after conveyance of title" Value="after conveyance of title" Threshold="84" Case="False" Excluded="True" Exact="False" kType="0" />
      <Keyword Name="easement" Value="easement" Threshold="90" Case="False" Excluded="True" Exact="False" kType="0" />
      <Keyword Name="" Value="S(?i)chedule[ ]?B" Threshold="100" Case="False" Excluded="True" Exact="False" kType="4" />
      <Keyword Name="full legal description located on page" Value="full legal description located on page" Threshold="85" Case="False" Excluded="True" Exact="False" kType="0" />
      <Keyword Name="R(?i)ecorder[ ]?of[ ]?deed" Value="R(?i)ecorder[ ]?of[ ]?deed" Threshold="100" Case="False" Excluded="True" Exact="False" kType="4" />
      <Keyword Name="mortgagee" Value="mortgagee" Threshold="100" Case="False" Excluded="True" Exact="False" kType="0" />
      <Keyword Name="legal description attached hereto and made a part hereof" Value="legal description attached hereto and made a part hereof" Threshold="84" Case="False" Excluded="True" Exact="False" kType="0" />
      <Keyword Name="Affidavit of title" Value="Affidavit of title" Threshold="84" Case="False" Excluded="True" Exact="False" kType="0" />
      <Keyword Name="conditions and stipulations" Value="conditions and stipulations" Threshold="84" Case="False" Excluded="True" Exact="False" kType="0" />
      <Keyword Name="" Value="[$][\d\,]{4,12}[.][\d]{2}" Threshold="100" Case="False" Excluded="True" Exact="False" kType="4" />
      <Keyword Name="exhibit a attached hereto and made a part hereof" Value="exhibit a attached hereto and made a part hereof" Threshold="84" Case="False" Excluded="True" Exact="False" kType="0" />
    </Rule>
    <Rule ModelId="155" Priority="2" MaxDistance="-1">
      <Keyword Name="" Value="S(?i)chedule[ ]?a" Threshold="100" Case="False" Excluded="False" Exact="False" kType="4" />
      <Keyword Name="" Value="C(?i)ontinue" Threshold="100" Case="False" Excluded="False" Exact="False" kType="4" />
      <Keyword Name="" Value="L(?i)ot" Threshold="100" Case="False" Excluded="False" Exact="False" kType="4" />
      <Keyword Name="" Value="S(?i)chedule[ ]?B" Threshold="100" Case="False" Excluded="True" Exact="False" kType="4" />
      <Keyword Name="full legal description located on page" Value="full legal description located on page" Threshold="85" Case="False" Excluded="True" Exact="False" kType="0" />
      <Keyword Name="R(?i)ecorder[ ]?of[ ]?deed" Value="R(?i)ecorder[ ]?of[ ]?deed" Threshold="100" Case="False" Excluded="True" Exact="False" kType="4" />
      <Keyword Name="mortgagee" Value="mortgagee" Threshold="100" Case="False" Excluded="True" Exact="False" kType="0" />
      <Keyword Name="legal description attached hereto and made a part hereof" Value="legal description attached hereto and made a part hereof" Threshold="84" Case="False" Excluded="True" Exact="False" kType="0" />
      <Keyword Name="Affidavit of title" Value="Affidavit of title" Threshold="84" Case="False" Excluded="True" Exact="False" kType="0" />
      <Keyword Name="conditions and stipulations" Value="conditions and stipulations" Threshold="84" Case="False" Excluded="True" Exact="False" kType="0" />
      <Keyword Name="" Value="[$][\d\,]{4,12}[.][\d]{2}" Threshold="100" Case="False" Excluded="True" Exact="False" kType="4" />
      <Keyword Name="exhibit a attached hereto and made a part hereof" Value="exhibit a attached hereto and made a part hereof" Threshold="84" Case="False" Excluded="True" Exact="False" kType="0" />
    </Rule>
    <Rule ModelId="155" Priority="0" MaxDistance="-1">
      <Keyword Name="THENCE" Value="THENCE" Threshold="90" Case="True" Excluded="False" Exact="True" kType="0" />
      <Keyword Name="" Value="S(?i)chedule[ ]?B" Threshold="100" Case="False" Excluded="True" Exact="False" kType="4" />
      <Keyword Name="full legal description located on page" Value="full legal description located on page" Threshold="85" Case="False" Excluded="True" Exact="False" kType="0" />
      <Keyword Name="R(?i)ecorder[ ]?of[ ]?deed" Value="R(?i)ecorder[ ]?of[ ]?deed" Threshold="100" Case="False" Excluded="True" Exact="False" kType="4" />
      <Keyword Name="mortgagee" Value="mortgagee" Threshold="100" Case="False" Excluded="True" Exact="False" kType="0" />
      <Keyword Name="legal description attached hereto and made a part hereof" Value="legal description attached hereto and made a part hereof" Threshold="84" Case="False" Excluded="True" Exact="False" kType="0" />
      <Keyword Name="Affidavit of title" Value="Affidavit of title" Threshold="84" Case="False" Excluded="True" Exact="False" kType="0" />
      <Keyword Name="conditions and stipulations" Value="conditions and stipulations" Threshold="84" Case="False" Excluded="True" Exact="False" kType="0" />
      <Keyword Name="" Value="[$][\d\,]{4,12}[.][\d]{2}" Threshold="100" Case="False" Excluded="True" Exact="False" kType="4" />
      <Keyword Name="exhibit a attached hereto and made a part hereof" Value="exhibit a attached hereto and made a part hereof" Threshold="84" Case="False" Excluded="True" Exact="False" kType="0" />
    </Rule>
    <Rule ModelId="155" Priority="0" MaxDistance="-1">
      <Keyword Name="" Value="S(?i)chedule[ ]?A" Threshold="100" Case="False" Excluded="False" Exact="False" kType="4" />
      <Keyword Name="" Value="A(?i)ll[ ]?that|A(?i)ll[ ]?those" Threshold="100" Case="False" Excluded="False" Exact="False" kType="4" />
      <Keyword Name="" Value="land|lot" Threshold="100" Case="False" Excluded="False" Exact="False" kType="4" />
      <Keyword Name="" Value="S(?i)chedule[ ]?B" Threshold="100" Case="False" Excluded="True" Exact="False" kType="4" />
      <Keyword Name="full legal description located on page" Value="full legal description located on page" Threshold="85" Case="False" Excluded="True" Exact="False" kType="0" />
      <Keyword Name="R(?i)ecorder[ ]?of[ ]?deed" Value="R(?i)ecorder[ ]?of[ ]?deed" Threshold="100" Case="False" Excluded="True" Exact="False" kType="4" />
      <Keyword Name="mortgagee" Value="mortgagee" Threshold="100" Case="False" Excluded="True" Exact="False" kType="0" />
      <Keyword Name="legal description attached hereto and made a part hereof" Value="legal description attached hereto and made a part hereof" Threshold="84" Case="False" Excluded="True" Exact="False" kType="0" />
      <Keyword Name="Affidavit of title" Value="Affidavit of title" Threshold="84" Case="False" Excluded="True" Exact="False" kType="0" />
      <Keyword Name="conditions and stipulations" Value="conditions and stipulations" Threshold="84" Case="False" Excluded="True" Exact="False" kType="0" />
      <Keyword Name="" Value="[$][\d\,]{4,12}[.][\d]{2}" Threshold="100" Case="False" Excluded="True" Exact="False" kType="4" />
      <Keyword Name="exhibit a attached hereto and made a part hereof" Value="exhibit a attached hereto and made a part hereof" Threshold="84" Case="False" Excluded="True" Exact="False" kType="0" />
    </Rule>
    <Rule ModelId="156" Priority="2" MaxDistance="-1">
      <Keyword Name="exclusions from coverage" Value="exclusions from coverage" Threshold="80" Case="False" Excluded="False" Exact="False" kType="0" />
    </Rule>
    <Rule ModelId="156" Priority="2" MaxDistance="-1">
      <Keyword Name="exceptions of coverage" Value="exceptions of coverage" Threshold="90" Case="False" Excluded="False" Exact="False" kType="0" />
    </Rule>
    <Rule ModelId="156" Priority="2" MaxDistance="-1">
      <Keyword Name="schedule B" Value="schedule B" Threshold="100" Case="False" Excluded="False" Exact="False" kType="0" />
      <Keyword Name="All that certain " Value="All that certain " Threshold="90" Case="False" Excluded="True" Exact="False" kType="0" />
      <Keyword Name="parcel" Value="parcel" Threshold="90" Case="True" Excluded="True" Exact="False" kType="0" />
    </Rule>
    <Rule ModelId="156" Priority="0" MaxDistance="-1">
      <Keyword Name="[E](?i)[ndorsement]{10}[s]?" Value="[E](?i)[ndorsement]{10}[s]?" Threshold="100" Case="False" Excluded="False" Exact="True" kType="4" />
      <Keyword Name="schedule a" Value="schedule a" Threshold="100" Case="False" Excluded="True" Exact="False" kType="0" />
      <Keyword Name="schedule c" Value="schedule c" Threshold="100" Case="False" Excluded="True" Exact="False" kType="0" />
    </Rule>
    <Rule ModelId="156" Priority="2" MaxDistance="-1">
      <Keyword Name="conditions and stipulations" Value="conditions and stipulations" Threshold="100" Case="False" Excluded="False" Exact="False" kType="0" />
      <Keyword Name="[\dl]{1}[.]?[ ]?[ ]?[N](?i)[ame]{3}[ ]?[of]{2}[ ]?[insured]{7}" Value="[\dl]{1}[.]?[ ]?[ ]?[N](?i)[ame]{3}[ ]?[of]{2}[ ]?[insured]{7}" Threshold="100" Case="False" Excluded="True" Exact="False" kType="4" />
      <Keyword Name="[A](?i)[mount]{5}[ ]?[ ]?[of]{2}[ ]?[ ]?[Insurance]{9}[:]?[ ]?[ ]?[$]?[\d]" Value="[A](?i)[mount]{5}[ ]?[ ]?[of]{2}[ ]?[ ]?[Insurance]{9}[:]?[ ]?[ ]?[$]?[\d]" Threshold="100" Case="False" Excluded="True" Exact="False" kType="4" />
      <Keyword Name="Amount of Insurance:" Value="Amount of Insurance:" Threshold="100" Case="True" Excluded="True" Exact="False" kType="0" />
      <Keyword Name="D(?i)ate of Policy(:)?" Value="D(?i)ate of Policy(:)?" Threshold="100" Case="False" Excluded="True" Exact="False" kType="4" />
    </Rule>
    <Rule ModelId="156" Priority="2" MaxDistance="-1">
      <Keyword Name="PROOF OF LOSS OR DAMAGE" Value="PROOF OF LOSS OR DAMAGE" Threshold="85" Case="True" Excluded="False" Exact="False" kType="0" />
    </Rule>
    <Rule ModelId="156" Priority="2" MaxDistance="-1">
      <Keyword Name="PAYMENT OF LOSS" Value="PAYMENT OF LOSS" Threshold="80" Case="True" Excluded="False" Exact="False" kType="0" />
    </Rule>
    <Rule ModelId="156" Priority="2" MaxDistance="-1">
      <Keyword Name="CONTINUATION OF INSURANCE" Value="CONTINUATION OF INSURANCE" Threshold="80" Case="True" Excluded="False" Exact="False" kType="0" />
    </Rule>
    <Rule ModelId="156" Priority="0" MaxDistance="-1">
      <Keyword Name="land" Value="land" Threshold="90" Case="False" Excluded="False" Exact="False" kType="0" />
      <Keyword Name="NOTICE OF CLAIM" Value="NOTICE OF CLAIM" Threshold="80" Case="True" Excluded="False" Exact="False" kType="0" />
    </Rule>
    <Rule ModelId="156" Priority="0" MaxDistance="-1">
      <Keyword Name="After conveyance of title" Value="After conveyance of title" Threshold="90" Case="False" Excluded="False" Exact="False" kType="0" />
    </Rule>
    <Rule ModelId="156" Priority="2" MaxDistance="-1">
      <Keyword Name="ENDORSEMENT" Value="ENDORSEMENT" Threshold="90" Case="True" Excluded="False" Exact="False" kType="0" />
      <Keyword Name="amount of insurance" Value="amount of insurance" Threshold="90" Case="False" Excluded="True" Exact="False" kType="0" />
    </Rule>
    <Rule ModelId="156" Priority="2" MaxDistance="-1">
      <Keyword Name="" Value="LIMITATION OF LIABILITY" Threshold="90" Case="True" Excluded="False" Exact="False" kType="0" />
    </Rule>
    <Rule ModelId="156" Priority="0" MaxDistance="-1">
      <Keyword Name="(?i)schedule(.)?[ ]?(&quot;)?C(&quot;)?" Value="(?i)schedule(.)?[ ]?(&quot;)?C(&quot;)?" Threshold="100" Case="False" Excluded="True" Exact="False" kType="4" />
      <Keyword Name="" Value="A(?i)ll that" Threshold="100" Case="False" Excluded="True" Exact="False" kType="4" />
      <Keyword Name="" Value="parcel" Threshold="90" Case="False" Excluded="True" Exact="False" kType="0" />
      <Keyword Name="" Value="land referred to" Threshold="100" Case="False" Excluded="True" Exact="False" kType="0" />
      <Keyword Name="schedule A" Value="schedule A" Threshold="90" Case="False" Excluded="True" Exact="False" kType="0" />
      <Keyword Name="continued" Value="continued" Threshold="90" Case="False" Excluded="True" Exact="False" kType="0" />
      <Keyword Name="land" Value="land" Threshold="100" Case="False" Excluded="True" Exact="True" kType="0" />
      <Keyword Name="a tract of land" Value="a tract of land" Threshold="90" Case="False" Excluded="True" Exact="False" kType="0" />
      <Keyword Name="" Value="(?i)SCHEDULE(.)?[ ]?(&quot;)?A(&quot;)?" Threshold="100" Case="False" Excluded="True" Exact="False" kType="4" />
      <Keyword Name="Schedule C" Value="Schedule C" Threshold="100" Case="False" Excluded="True" Exact="False" kType="0" />
      <Keyword Name="" Value="(?i)lot|(?i)parcel" Threshold="100" Case="False" Excluded="True" Exact="False" kType="4" />
      <Keyword Name="" Value="(?i)schedule(.)?[ ]?(&quot;)?C(&quot;)?" Threshold="100" Case="False" Excluded="True" Exact="False" kType="4" />
      <Keyword Name="" Value="A(?i)ll that|A(?i)ll those" Threshold="100" Case="False" Excluded="True" Exact="False" kType="4" />
      <Keyword Name="" Value="BEGINNING" Threshold="90" Case="False" Excluded="True" Exact="False" kType="0" />
      <Keyword Name="lot" Value="lot" Threshold="100" Case="False" Excluded="True" Exact="False" kType="0" />
      <Keyword Name="E(?i)xhibit" Value="E(?i)xhibit" Threshold="100" Case="False" Excluded="True" Exact="True" kType="4" />
      <Keyword Name="" Value="survey" Threshold="90" Case="False" Excluded="True" Exact="False" kType="0" />
      <Keyword Name="" Value="(?i)lot|lots" Threshold="100" Case="False" Excluded="True" Exact="True" kType="4" />
      <Keyword Name="" Value="S(?i)chedule[ ]?A" Threshold="100" Case="False" Excluded="True" Exact="False" kType="4" />
      <Keyword Name="" Value="THENCE" Threshold="90" Case="True" Excluded="True" Exact="True" kType="0" />
      <Keyword Name="" Value="A(?i)ll[ ]?that|A(?i)ll[ ]?those" Threshold="100" Case="False" Excluded="True" Exact="False" kType="4" />
      <Keyword Name="" Value="land|lot" Threshold="100" Case="False" Excluded="True" Exact="False" kType="4" />
      <Keyword Name="" Value="P(?i)olicy[ ]?number" Threshold="100" Case="False" Excluded="False" Exact="False" kType="4" />
      <Keyword Name="" Value="A(?i)mount" Threshold="100" Case="False" Excluded="True" Exact="False" kType="4" />
      <Keyword Name="" Value="N(?i)ame[ ]?of[ ]?insured" Threshold="100" Case="False" Excluded="True" Exact="False" kType="4" />
      <Keyword Name="" Value="D(?i)ate" Threshold="100" Case="False" Excluded="True" Exact="False" kType="4" />
      <Keyword Name="(.){1}" Value="(.){1}" Threshold="100" Case="False" Excluded="False" Exact="False" kType="4" />
    </Rule>
    <Rule ModelId="184" Priority="0" MaxDistance="-1">
      <Keyword Name="Materials" Value="Materials" Threshold="100" Case="False" Excluded="False" Exact="False" kType="0" />
      <Keyword Name="INVOICE" Value="INVOICE" Threshold="100" Case="False" Excluded="False" Exact="False" kType="0" />
      <Keyword Name="Seller Information" Value="Seller Information" Threshold="100" Case="False" Excluded="False" Exact="False" kType="0" />
    </Rule>
    <Rule ModelId="198" Priority="0" MaxDistance="-1">
      <Keyword Name="EMC" Value="EMC" Threshold="100" Case="False" Excluded="False" Exact="False" kType="0" />
      <Keyword Name="Insurance Company" Value="Insurance Company" Threshold="100" Case="False" Excluded="False" Exact="False" kType="0" />
    </Rule>
  </Rules>
</FullTextClassifier>