<?xml version="1.0" encoding="UTF-8" standalone="yes" ?>
<UIMDocRoot checksum1="559869171299526761" >
<Document Name="CobaltSaleInvoice_DocType" DocumentType="CobaltSaleInvoice DocType" Author="OPENTEXT\sgangadi" UpdatedUtc="2024-11-08T06:32:59Z" Project="Default">
  <Fields _ID_="IndexFieldSet">
    <IndexField Name="SCompanyName" FieldId="1" IndexLevel="1" ReadOnly="false" source="Input" LabelText="Seller Company Name">
      <SampleRect>195.2,196.16,168,23.04</SampleRect>
      <SamplePageId>-1</SamplePageId>
      <FieldValidation IndexFieldType="String" Required="false">
        <HighlightSuggestions>false</HighlightSuggestions>
      </FieldValidation>
      <OcrEngineName>Advanced_MP_FullText_English_Accurate.reco</OcrEngineName>
      <StartSection _ID_="SectionDescriptor" Name="Segment1" LabelText="Segment1" StartScreen="true" />
      <OcrThreshold>60</OcrThreshold>
      <ExtractFirstValue>true</ExtractFirstValue>
      <IsPopulationTrigger>false</IsPopulationTrigger>
      <OptionsPopulatedBy></OptionsPopulatedBy>
      <IsCalculationTarget>false</IsCalculationTarget>
    </IndexField>
    <IndexField Name="InvoiceDate" FieldId="2" Index="1" Array="false" IndexLevel="1" ReadOnly="false" source="Input" ListOrder="1" LabelText="Invoice Date">
      <SampleRect>127.36,424,168,23.04</SampleRect>
      <SamplePageId>-1</SamplePageId>
      <FieldValidation IndexFieldType="String" Required="false">
        <HighlightSuggestions>false</HighlightSuggestions>
      </FieldValidation>
      <OcrEngineName>Advanced_MP_FullText_English_Accurate.reco</OcrEngineName>
      <OcrThreshold>60</OcrThreshold>
      <ExtractFirstValue>true</ExtractFirstValue>
      <IsPopulationTrigger>false</IsPopulationTrigger>
      <OptionsPopulatedBy></OptionsPopulatedBy>
      <IsCalculationTarget>false</IsCalculationTarget>
    </IndexField>
    <IndexField Name="InvoiceNumber" FieldId="3" Index="2" Array="false" IndexLevel="1" ReadOnly="false" source="Input" ListOrder="2" LabelText="Invoice Number">
      <SampleRect>193.28,400.64,168,23.04</SampleRect>
      <SamplePageId>-1</SamplePageId>
      <FieldValidation IndexFieldType="String" Required="false">
        <HighlightSuggestions>false</HighlightSuggestions>
      </FieldValidation>
      <OcrEngineName>Advanced_MP_FullText_English_Accurate.reco</OcrEngineName>
      <OcrThreshold>60</OcrThreshold>
      <ExtractFirstValue>true</ExtractFirstValue>
      <IsPopulationTrigger>false</IsPopulationTrigger>
      <OptionsPopulatedBy></OptionsPopulatedBy>
      <IsCalculationTarget>false</IsCalculationTarget>
    </IndexField>
    <IndexField Name="OrderNumber" FieldId="4" Index="3" Array="false" IndexLevel="1" ReadOnly="false" source="Input" ListOrder="3" LabelText="Order Number">
      <SampleRect>579.2,400.64,168,23.04</SampleRect>
      <SamplePageId>-1</SamplePageId>
      <FieldValidation IndexFieldType="String" Required="false">
        <HighlightSuggestions>false</HighlightSuggestions>
      </FieldValidation>
      <OcrEngineName>Advanced_MP_FullText_English_Accurate.reco</OcrEngineName>
      <OcrThreshold>60</OcrThreshold>
      <ExtractFirstValue>true</ExtractFirstValue>
      <IsPopulationTrigger>false</IsPopulationTrigger>
      <OptionsPopulatedBy></OptionsPopulatedBy>
      <IsCalculationTarget>false</IsCalculationTarget>
    </IndexField>
    <IndexField Name="DeliveryDate" FieldId="5" Index="4" Array="false" IndexLevel="1" ReadOnly="false" source="Input" ListOrder="4" LabelText="Delivery Date">
      <SampleRect>572.48,424.96,168,23.04</SampleRect>
      <SamplePageId>-1</SamplePageId>
      <FieldValidation IndexFieldType="String" Required="false">
        <HighlightSuggestions>false</HighlightSuggestions>
      </FieldValidation>
      <OcrEngineName>Advanced_MP_FullText_English_Accurate.reco</OcrEngineName>
      <OcrThreshold>60</OcrThreshold>
      <ExtractFirstValue>true</ExtractFirstValue>
      <IsPopulationTrigger>false</IsPopulationTrigger>
      <OptionsPopulatedBy></OptionsPopulatedBy>
      <IsCalculationTarget>false</IsCalculationTarget>
    </IndexField>
    <IndexField Name="Purity" FieldId="6" Index="5" Array="false" IndexLevel="1" ReadOnly="false" source="Input" ListOrder="5" LabelText="Purity">
      <SampleRect>168.32,621.76,168,23.04</SampleRect>
      <SamplePageId>-1</SamplePageId>
      <FieldValidation IndexFieldType="String" Required="false">
        <HighlightSuggestions>false</HighlightSuggestions>
      </FieldValidation>
      <OcrEngineName>Advanced_MP_FullText_English_Accurate.reco</OcrEngineName>
      <OcrThreshold>60</OcrThreshold>
      <ExtractFirstValue>true</ExtractFirstValue>
      <IsPopulationTrigger>false</IsPopulationTrigger>
      <OptionsPopulatedBy></OptionsPopulatedBy>
      <IsCalculationTarget>false</IsCalculationTarget>
    </IndexField>
    <IndexField Name="Quantity" FieldId="9" Index="6" Array="true" IndexLevel="1" ReadOnly="false" source="Input" ListOrder="6" LabelText="Quantity">
      <FieldValidation IndexFieldType="String" Required="false" />
      <StartSection _ID_="SectionDescriptor" Name="TableContent" LabelText="TableContent" StartScreen="false" />
      <ExtractFirstValue>true</ExtractFirstValue>
      <IsPopulationTrigger>false</IsPopulationTrigger>
      <OptionsPopulatedBy></OptionsPopulatedBy>
      <IsCalculationTarget>false</IsCalculationTarget>
    </IndexField>
    <IndexField Name="TotalPrice" FieldId="10" Index="7" Array="true" IndexLevel="1" ReadOnly="false" source="Input" ListOrder="7" LabelText="Total Price">
      <FieldValidation IndexFieldType="String" Required="false" />
      <ExtractFirstValue>true</ExtractFirstValue>
      <IsPopulationTrigger>false</IsPopulationTrigger>
      <OptionsPopulatedBy></OptionsPopulatedBy>
      <IsCalculationTarget>false</IsCalculationTarget>
    </IndexField>
    <IndexField Name="ItemName" FieldId="7" Index="8" Array="false" IndexLevel="1" ReadOnly="false" source="Input" ListOrder="8" LabelText="Item Name">
      <SampleRect>146.24,529.6,168,23.04</SampleRect>
      <SamplePageId>-1</SamplePageId>
      <FieldValidation IndexFieldType="String" Required="false">
        <HighlightSuggestions>false</HighlightSuggestions>
      </FieldValidation>
      <OcrEngineName>Advanced_MP_FullText_English_Accurate.reco</OcrEngineName>
      <StartSection _ID_="SectionDescriptor" Name="Section1" LabelText="Segment1" StartScreen="false" />
      <OcrThreshold>60</OcrThreshold>
      <ExtractFirstValue>true</ExtractFirstValue>
      <IsPopulationTrigger>false</IsPopulationTrigger>
      <OptionsPopulatedBy></OptionsPopulatedBy>
      <IsCalculationTarget>false</IsCalculationTarget>
    </IndexField>
    <IndexField Name="BatchNumber" FieldId="8" Index="9" Array="false" IndexLevel="1" ReadOnly="false" source="Input" ListOrder="9" LabelText="Batch Number">
      <SampleRect>630.72,621.76,168,23.04</SampleRect>
      <SamplePageId>-1</SamplePageId>
      <FieldValidation IndexFieldType="String" Required="false">
        <HighlightSuggestions>false</HighlightSuggestions>
      </FieldValidation>
      <OcrEngineName>Advanced_MP_FullText_English_Accurate.reco</OcrEngineName>
      <OcrThreshold>60</OcrThreshold>
      <ExtractFirstValue>true</ExtractFirstValue>
      <IsPopulationTrigger>false</IsPopulationTrigger>
      <OptionsPopulatedBy></OptionsPopulatedBy>
      <IsCalculationTarget>false</IsCalculationTarget>
    </IndexField>
  </Fields>
  <DataEntryForm>
    <FormControlSet>
      <FormControl Name="SCompanyName" ControlType="TextBox" BoundIndexfield="SCompanyName" Rect="20,20,100,20" SectionName="Segment1" />
      <FormControl Name="FC1" ControlType="Label" BoundIndexfield="SCompanyName" Rect="20,-0.5833333333333357,140.25333333333333,20.583333333333336" SectionName="Segment1">
        <DataText>Seller Company Name</DataText>
      </FormControl>
      <FormControl Name="InvoiceDate" ControlType="TextBox" BoundIndexfield="InvoiceDate" Rect="20,60,100,20" SectionName="Segment1" ListOrder="1" />
      <FormControl Name="FC2" ControlType="Label" BoundIndexfield="InvoiceDate" Rect="20,39.416666666666664,82.056666666666672,20.583333333333336" SectionName="Segment1" ListOrder="1">
        <DataText>Invoice Date</DataText>
      </FormControl>
      <FormControl Name="InvoiceNumber" ControlType="TextBox" BoundIndexfield="InvoiceNumber" Rect="20,100,100,20" SectionName="Segment1" ListOrder="2" />
      <FormControl Name="FC3" ControlType="Label" BoundIndexfield="InvoiceNumber" Rect="20,79.416666666666657,101.71333333333334,20.583333333333336" SectionName="Segment1" ListOrder="2">
        <DataText>Invoice Number</DataText>
      </FormControl>
      <FormControl Name="OrderNumber" ControlType="TextBox" BoundIndexfield="OrderNumber" Rect="20,140,100,20" SectionName="Segment1" ListOrder="3" />
      <FormControl Name="FC4" ControlType="Label" BoundIndexfield="OrderNumber" Rect="20,119.41666666666666,92.523333333333341,20.583333333333336" SectionName="Segment1" ListOrder="3">
        <DataText>Order Number</DataText>
      </FormControl>
      <FormControl Name="DeliveryDate" ControlType="TextBox" BoundIndexfield="DeliveryDate" Rect="20,180,100,20" SectionName="Segment1" ListOrder="4" />
      <FormControl Name="FC5" ControlType="Label" BoundIndexfield="DeliveryDate" Rect="20,159.41666666666666,87.903333333333336,20.583333333333336" SectionName="Segment1" ListOrder="4">
        <DataText>Delivery Date</DataText>
      </FormControl>
      <FormControl Name="Purity" ControlType="TextBox" BoundIndexfield="Purity" Rect="20,300,100,20" SectionName="Segment1" ListOrder="5" />
      <FormControl Name="FC8" ControlType="Label" BoundIndexfield="Purity" Rect="20,279.41666666666669,41.013333333333335,20.583333333333336" SectionName="Segment1" ListOrder="5">
        <DataText>Purity</DataText>
      </FormControl>
      <FormControl Name="Quantity" ControlType="TextBox" BoundIndexfield="Quantity" Rect="20,20,100,20" SectionName="TableContent" ListOrder="6" />
      <FormControl Name="FC9" ControlType="Label" BoundIndexfield="Quantity" Rect="20,-0.5833333333333357,57.63333333333334,20.583333333333336" SectionName="TableContent" ListOrder="6">
        <DataText>Quantity</DataText>
      </FormControl>
      <FormControl Name="TotalPrice" ControlType="TextBox" BoundIndexfield="TotalPrice" Rect="20,60,100,20" SectionName="TableContent" ListOrder="7" />
      <FormControl Name="FC10" ControlType="Label" BoundIndexfield="TotalPrice" Rect="20,39.416666666666664,67.893333333333345,20.583333333333336" SectionName="TableContent" ListOrder="7">
        <DataText>Total Price</DataText>
      </FormControl>
      <FormControl Name="ItemName" ControlType="TextBox" BoundIndexfield="ItemName" Rect="20,220,100,20" SectionName="Section1" ListOrder="8" />
      <FormControl Name="FC6" ControlType="Label" BoundIndexfield="ItemName" Rect="20,199.41666666666666,73.83,20.583333333333336" SectionName="Section1" ListOrder="8">
        <DataText>Item Name</DataText>
      </FormControl>
      <FormControl Name="BatchNumber" ControlType="TextBox" BoundIndexfield="BatchNumber" Rect="20,260,100,20" SectionName="Section1" ListOrder="9" />
      <FormControl Name="FC7" ControlType="Label" BoundIndexfield="BatchNumber" Rect="20,239.41666666666666,92.22,20.583333333333336" SectionName="Section1" ListOrder="9">
        <DataText>Batch Number</DataText>
      </FormControl>
    </FormControlSet>
    <FormSectionSet>
      <FormSection Name="Segment1" LayoutType="Subform" Height="395" />
      <FormSection Name="TableContent" LayoutType="SubformArray" Height="155" />
      <FormSection Name="Section1" LayoutType="Subform" Height="355" />
    </FormSectionSet>
  </DataEntryForm>
  <ValidationRuleSet />
  <TemplateIdList>203</TemplateIdList>
  <PopulationRuleSet />
  <PdfSettings EnabledPdfCache="true" OcrEngineList="" PdfRenderingResolution="300" />
  <ProjectType>AR</ProjectType>
  <FieldNameMapSet />
</Document>
</UIMDocRoot>
