<?xml version="1.0" encoding="UTF-8" standalone="yes" ?>
<UIMDocRoot checksum1="232830819532558339" >
<Document Name="CorpSource" DocumentType="CorpSource" Version="0" Author="OPENTEXT\sgangadi" UpdatedUtc="2024-10-30T06:37:58Z" Project="Default">
  <Description></Description>
  <Fields _ID_="IndexFieldSet">
    <IndexField Name="InvoiceNumber" FieldId="1" IndexFieldType="Number" Index="0" Array="false" ConfirmKind="NeverConfirm" IndexLevel="1" SummaryField="true" ListOrder="0" LabelText="Invoice No.">
      <SampleText>8430</SampleText>
      <SampleRect>742.4,20.8,70.4,20.48</SampleRect>
      <SamplePageId>-1</SamplePageId>
      <FieldValidation IndexFieldType="Number">
        <HighlightSuggestions>false</HighlightSuggestions>
      </FieldValidation>
      <OcrEngineName>Advanced_MP_Num.reco</OcrEngineName>
      <StartSection _ID_="SectionDescriptor" Name="SectionTop" LabelText="SectionTop" StartScreen="true" />
      <OcrThreshold>0</OcrThreshold>
      <ExtractFirstValue>true</ExtractFirstValue>
      <IsPopulationTrigger>false</IsPopulationTrigger>
      <OptionsPopulatedBy></OptionsPopulatedBy>
      <IsCalculationTarget>false</IsCalculationTarget>
      <IndexFieldSubtype>General</IndexFieldSubtype>
    </IndexField>
    <IndexField Name="InvoiceDate" FieldId="2" IndexFieldType="DateTime" Index="1" Array="false" IndexLevel="1" SummaryField="true" ListOrder="1" LabelText="Date:">
      <SampleText>12/5/2003</SampleText>
      <SampleRect>520,770.24,93.44,35.84</SampleRect>
      <SamplePageId>-1</SamplePageId>
      <FieldValidation IndexFieldType="DateTime" ViewFormat="D" />
      <OcrEngineName>Advanced_MP_FullText_English.reco</OcrEngineName>
      <OcrThreshold>0</OcrThreshold>
      <ExtractFirstValue>true</ExtractFirstValue>
      <IsPopulationTrigger>false</IsPopulationTrigger>
      <OptionsPopulatedBy></OptionsPopulatedBy>
      <IsCalculationTarget>false</IsCalculationTarget>
    </IndexField>
    <IndexField Name="PONumber" FieldId="11" IndexFieldType="Number" Index="2" Array="false" ConfirmKind="NeverConfirm" IndexLevel="1" ListOrder="2" LabelText="P.O. Number">
      <SampleText>3263</SampleText>
      <SampleRect>743.04,43.2,60.16,18.56</SampleRect>
      <SamplePageId>-1</SamplePageId>
      <FieldValidation IndexFieldType="Number" />
      <OcrEngineName>Advanced_MP_Num.reco</OcrEngineName>
      <OcrThreshold>0</OcrThreshold>
      <ExtractFirstValue>true</ExtractFirstValue>
      <IsPopulationTrigger>false</IsPopulationTrigger>
      <OptionsPopulatedBy></OptionsPopulatedBy>
      <IsCalculationTarget>false</IsCalculationTarget>
    </IndexField>
    <IndexField Name="FOB" FieldId="29" Index="3" Array="false" IndexLevel="1" ReadOnly="false" source="Input" ListOrder="3" LabelText="F.O.B">
      <SampleRect></SampleRect>
      <SamplePageId></SamplePageId>
      <FieldValidation IndexFieldType="String" Required="false" />
      <OcrEngineName>Advanced_MP_FullText_English.reco</OcrEngineName>
      <OcrThreshold>0</OcrThreshold>
      <ExtractFirstValue>true</ExtractFirstValue>
      <IsPopulationTrigger>false</IsPopulationTrigger>
      <OptionsPopulatedBy></OptionsPopulatedBy>
      <IsCalculationTarget>false</IsCalculationTarget>
    </IndexField>
    <IndexField Name="ShipVia" FieldId="15" Index="4" Array="false" IndexLevel="1" ListOrder="4" LabelText="Ship Via">
      <SampleText>UPS</SampleText>
      <SampleRect>202.24,58.56,64,26.24</SampleRect>
      <SamplePageId>-4</SamplePageId>
      <FieldValidation IndexFieldType="String" />
      <OcrEngineName>Advanced_MP_FullText_English.reco</OcrEngineName>
      <OcrThreshold>0</OcrThreshold>
      <ExtractFirstValue>true</ExtractFirstValue>
      <IsPopulationTrigger>false</IsPopulationTrigger>
      <OptionsPopulatedBy></OptionsPopulatedBy>
      <IsCalculationTarget>false</IsCalculationTarget>
    </IndexField>
    <IndexField Name="VendorName" FieldId="3" Index="5" ConfirmKind="NeverConfirm" IndexLevel="1" SummaryField="true" ListOrder="6" LabelText="Vendor">
      <SampleText>THE DOODADS C?.</SampleText>
      <SampleRect>738.56,88.32,81.6,25.92</SampleRect>
      <SamplePageId>-1</SamplePageId>
      <FieldValidation IndexFieldType="String" />
      <OcrEngineName>Advanced_MP_FullText_English.reco</OcrEngineName>
      <OcrThreshold>0</OcrThreshold>
      <ExtractFirstValue>true</ExtractFirstValue>
      <IsPopulationTrigger>false</IsPopulationTrigger>
      <OptionsPopulatedBy></OptionsPopulatedBy>
      <IsCalculationTarget>false</IsCalculationTarget>
    </IndexField>
    <IndexField Name="VendorAddress1" FieldId="4" Index="6" IndexLevel="1" SummaryField="true" ListOrder="7">
      <SampleText>9534 ?. CHESTNU? AVE.</SampleText>
      <SampleRect>37.44,304.96,148.48,68.8</SampleRect>
      <SamplePageId>-2</SamplePageId>
      <FieldValidation IndexFieldType="String" />
      <OcrEngineName>Advanced_MP_FullText_English.reco</OcrEngineName>
      <OcrThreshold>0</OcrThreshold>
      <ExtractFirstValue>true</ExtractFirstValue>
      <IsPopulationTrigger>false</IsPopulationTrigger>
      <OptionsPopulatedBy></OptionsPopulatedBy>
      <IsCalculationTarget>false</IsCalculationTarget>
    </IndexField>
    <IndexField Name="ShipToVendor" FieldId="8" Index="7" IndexLevel="1" ListOrder="9" LabelText="Ship To Vendor">
      <SampleText>SAME</SampleText>
      <SampleRect>286.4,29.12,264.96,32.96</SampleRect>
      <SamplePageId>-1</SamplePageId>
      <FieldValidation IndexFieldType="String" />
      <OcrEngineName>Advanced_MP_FullText_English.reco</OcrEngineName>
      <OcrThreshold>0</OcrThreshold>
      <ExtractFirstValue>true</ExtractFirstValue>
      <IsPopulationTrigger>false</IsPopulationTrigger>
      <OptionsPopulatedBy></OptionsPopulatedBy>
      <IsCalculationTarget>false</IsCalculationTarget>
    </IndexField>
    <IndexField Name="ShipToAddress2" FieldId="9" Index="8" IndexLevel="1" ListOrder="10">
      <SampleText></SampleText>
      <SampleRect>472,308.48,152.96,66.24</SampleRect>
      <SamplePageId>-2</SamplePageId>
      <FieldValidation IndexFieldType="String" />
      <OcrEngineName>Advanced_MP_FullText_English.reco</OcrEngineName>
      <OcrThreshold>0</OcrThreshold>
      <ExtractFirstValue>true</ExtractFirstValue>
      <IsPopulationTrigger>false</IsPopulationTrigger>
      <OptionsPopulatedBy></OptionsPopulatedBy>
      <IsCalculationTarget>false</IsCalculationTarget>
    </IndexField>
    <IndexField Name="QTY" FieldId="19" Index="9" Array="true" IndexLevel="1" ReadOnly="false" source="Input" ListOrder="12" LabelText="QTY">
      <SampleRect></SampleRect>
      <SamplePageId></SamplePageId>
      <FieldValidation IndexFieldType="String" Required="false" />
      <OcrEngineName>Advanced_MP_Num.reco</OcrEngineName>
      <StartSection _ID_="SectionDescriptor" Name="LineItems" LabelText="LineItems" StartScreen="false" />
      <OcrThreshold>0</OcrThreshold>
      <ExtractFirstValue>true</ExtractFirstValue>
      <IsPopulationTrigger>false</IsPopulationTrigger>
      <OptionsPopulatedBy></OptionsPopulatedBy>
      <IsCalculationTarget>false</IsCalculationTarget>
    </IndexField>
    <IndexField Name="PO" FieldId="20" Index="10" Array="true" IndexLevel="1" ReadOnly="false" source="Input" ListOrder="13" LabelText="PO #">
      <SampleRect></SampleRect>
      <SamplePageId></SamplePageId>
      <FieldValidation IndexFieldType="String" Required="false" />
      <OcrEngineName>Advanced_MP_Num.reco</OcrEngineName>
      <OcrThreshold>0</OcrThreshold>
      <ExtractFirstValue>true</ExtractFirstValue>
      <IsPopulationTrigger>false</IsPopulationTrigger>
      <OptionsPopulatedBy></OptionsPopulatedBy>
      <IsCalculationTarget>false</IsCalculationTarget>
    </IndexField>
    <IndexField Name="MFPartNumber" FieldId="28" Index="11" Array="true" IndexLevel="1" ReadOnly="false" source="Input" ListOrder="14" LabelText="Mfr. Part Number">
      <SampleRect></SampleRect>
      <SamplePageId></SamplePageId>
      <FieldValidation IndexFieldType="String" Required="false" />
      <OcrEngineName>Advanced_MP_FullText_English.reco</OcrEngineName>
      <OcrThreshold>0</OcrThreshold>
      <ExtractFirstValue>true</ExtractFirstValue>
      <IsPopulationTrigger>false</IsPopulationTrigger>
      <OptionsPopulatedBy></OptionsPopulatedBy>
      <IsCalculationTarget>false</IsCalculationTarget>
    </IndexField>
    <IndexField Name="Description" FieldId="21" Index="12" Array="true" IndexLevel="1" ReadOnly="false" source="Input" ListOrder="15" LabelText="Mfr. Description">
      <SampleRect></SampleRect>
      <SamplePageId></SamplePageId>
      <FieldValidation IndexFieldType="String" Required="false" />
      <OcrEngineName>Advanced_MP_FullText_English.reco</OcrEngineName>
      <OcrThreshold>0</OcrThreshold>
      <ExtractFirstValue>true</ExtractFirstValue>
      <IsPopulationTrigger>false</IsPopulationTrigger>
      <OptionsPopulatedBy></OptionsPopulatedBy>
      <IsCalculationTarget>false</IsCalculationTarget>
    </IndexField>
    <IndexField Name="MFSerial" FieldId="22" Index="13" Array="true" IndexLevel="1" ReadOnly="false" source="Input" ListOrder="17" LabelText="Mfr. Serial Num.">
      <SampleRect></SampleRect>
      <SamplePageId></SamplePageId>
      <FieldValidation IndexFieldType="String" Required="false" />
      <OcrEngineName>Advanced_MP_FullText_English.reco</OcrEngineName>
      <OcrThreshold>0</OcrThreshold>
      <ExtractFirstValue>true</ExtractFirstValue>
      <IsPopulationTrigger>false</IsPopulationTrigger>
      <OptionsPopulatedBy></OptionsPopulatedBy>
      <IsCalculationTarget>false</IsCalculationTarget>
    </IndexField>
    <IndexField Name="BillLoc" FieldId="23" Index="14" Array="true" IndexLevel="1" ReadOnly="false" source="Input" ListOrder="18" LabelText="Bill Loc">
      <SampleRect></SampleRect>
      <SamplePageId></SamplePageId>
      <FieldValidation IndexFieldType="String" Required="false" />
      <OcrEngineName>Advanced_MP_FullText_English.reco</OcrEngineName>
      <OcrThreshold>0</OcrThreshold>
      <ExtractFirstValue>true</ExtractFirstValue>
      <IsPopulationTrigger>false</IsPopulationTrigger>
      <OptionsPopulatedBy></OptionsPopulatedBy>
      <IsCalculationTarget>false</IsCalculationTarget>
    </IndexField>
    <IndexField Name="EquipLoc" FieldId="24" Index="15" Array="true" IndexLevel="1" ReadOnly="false" source="Input" ListOrder="19" LabelText="Equip Loc">
      <SampleRect></SampleRect>
      <SamplePageId></SamplePageId>
      <FieldValidation IndexFieldType="String" Required="false" />
      <OcrEngineName>Advanced_MP_FullText_English.reco</OcrEngineName>
      <OcrThreshold>0</OcrThreshold>
      <ExtractFirstValue>true</ExtractFirstValue>
      <IsPopulationTrigger>false</IsPopulationTrigger>
      <OptionsPopulatedBy></OptionsPopulatedBy>
      <IsCalculationTarget>false</IsCalculationTarget>
    </IndexField>
    <IndexField Name="InventoryNumber" FieldId="25" Index="16" Array="true" IndexLevel="1" ReadOnly="false" source="Input" ListOrder="20" LabelText="Inventory #">
      <SampleRect></SampleRect>
      <SamplePageId></SamplePageId>
      <FieldValidation IndexFieldType="String" Required="false" />
      <OcrEngineName>Advanced_MP_FullText_English.reco</OcrEngineName>
      <OcrThreshold>0</OcrThreshold>
      <ExtractFirstValue>true</ExtractFirstValue>
      <IsPopulationTrigger>false</IsPopulationTrigger>
      <OptionsPopulatedBy></OptionsPopulatedBy>
      <IsCalculationTarget>false</IsCalculationTarget>
    </IndexField>
    <IndexField Name="Vendor" FieldId="26" Index="17" Array="true" IndexLevel="1" ReadOnly="false" source="Input" ListOrder="21" LabelText="Vendor">
      <SampleRect></SampleRect>
      <SamplePageId></SamplePageId>
      <FieldValidation IndexFieldType="String" Required="false" />
      <OcrEngineName>Advanced_MP_FullText_English.reco</OcrEngineName>
      <OcrThreshold>0</OcrThreshold>
      <ExtractFirstValue>true</ExtractFirstValue>
      <IsPopulationTrigger>false</IsPopulationTrigger>
      <OptionsPopulatedBy></OptionsPopulatedBy>
      <IsCalculationTarget>false</IsCalculationTarget>
    </IndexField>
    <IndexField Name="Equipmentcost" FieldId="27" Index="18" Array="true" IndexLevel="1" ReadOnly="false" source="Input" ListOrder="22" LabelText="Equipment Cost">
      <SampleRect></SampleRect>
      <SamplePageId></SamplePageId>
      <FieldValidation IndexFieldType="String" Required="false" />
      <OcrEngineName>Advanced_MP_Num.reco</OcrEngineName>
      <OcrThreshold>0</OcrThreshold>
      <ExtractFirstValue>true</ExtractFirstValue>
      <IsPopulationTrigger>false</IsPopulationTrigger>
      <OptionsPopulatedBy></OptionsPopulatedBy>
      <IsCalculationTarget>false</IsCalculationTarget>
    </IndexField>
    <IndexField Name="InvoiceTotal" FieldId="18" IndexFieldType="Number" Index="19" Array="false" ConfirmKind="NeverConfirm" IndexLevel="1" ListOrder="23" LabelText="Invoice Total:">
      <SampleText>815.75</SampleText>
      <SampleRect>901.12,278.08,55.68,24</SampleRect>
      <SamplePageId>-2</SamplePageId>
      <FieldValidation IndexFieldType="Number" ViewFormat="C2" />
      <OcrEngineName>Advanced_MP_Num.reco</OcrEngineName>
      <StartSection _ID_="SectionDescriptor" Name="Section1" LabelText="LineItems" StartScreen="false" />
      <OcrThreshold>0</OcrThreshold>
      <ExtractFirstValue>true</ExtractFirstValue>
      <IsPopulationTrigger>false</IsPopulationTrigger>
      <OptionsPopulatedBy></OptionsPopulatedBy>
      <IsCalculationTarget>false</IsCalculationTarget>
    </IndexField>
  </Fields>
  <DataEntryForm TextLabelPadding="4" FormWidth="845">
    <FormControlSet>
      <FormControl Name="Label_InvoiceNumber" ControlType="Label" BoundIndexfield="InvoiceNumber" Rect="535.76666666666665,109.70833333333333,74.233333333333334,20.583333333333336" SectionName="SectionTop" ListOrder="0" LabelPosition="Left" />
      <FormControl Name="InvoiceNumber" StyleName="DES1" ControlType="TextBox" BoundIndexfield="InvoiceNumber" Rect="610,110,140,20" SectionName="SectionTop" ListOrder="0" />
      <FormControl Name="Label_InvoiceDate" ControlType="Label" BoundIndexfield="InvoiceDate" Rect="570.2166666666667,149.70833333333334,39.783333333333339,20.583333333333336" SectionName="SectionTop" ListOrder="1" LabelPosition="Left" />
      <FormControl Name="InvoiceDate" StyleName="DES1" ControlType="TextBox" BoundIndexfield="InvoiceDate" Rect="610,150,140,20" SectionName="SectionTop" ListOrder="1" />
      <FormControl Name="Label_PONumber" ControlType="Label" BoundIndexfield="PONumber" Rect="528.30666666666662,194.70833333333334,81.693333333333342,20.583333333333336" SectionName="SectionTop" ListOrder="2" LabelPosition="Left" />
      <FormControl Name="PONumber" StyleName="DES1" ControlType="TextBox" BoundIndexfield="PONumber" TextAlignment="Center" Rect="610,195,140,20" SectionName="SectionTop" HorizontalStretch="true" ListOrder="2" />
      <FormControl Name="FC4" ControlType="Label" BoundIndexfield="FOB" Rect="572.63,234.70833333333334,37.370000000000005,20.583333333333336" SectionName="SectionTop" ListOrder="3" LabelPosition="Left">
        <DataText>F.O.B</DataText>
      </FormControl>
      <FormControl Name="FOB" ControlType="TextBox" BoundIndexfield="FOB" Rect="610,235,140,20" SectionName="SectionTop" ListOrder="3" />
      <FormControl Name="ShipVia" StyleName="DES1" ControlType="TextBox" BoundIndexfield="ShipVia" TextAlignment="Center" Rect="610,275,140,20" SectionName="SectionTop" ListOrder="4" />
      <FormControl Name="Label_ShipVia" ControlType="Label" BoundIndexfield="ShipVia" Rect="554.51,274.70833333333331,55.49,20.583333333333336" SectionName="SectionTop" ListOrder="4" LabelPosition="Left" />
      <FormControl Name="VendorGroupBox" ControlType="GroupBox" BoundIndexfield="" Rect="20,40,320,160" SectionName="SectionTop" ListOrder="5">
        <DataText>Vendor Info</DataText>
      </FormControl>
      <FormControl Name="FC1" ControlType="Label" BoundIndexfield="VendorName" Rect="-100000,19.416666666666664,52.826666666666668,20" ListOrder="6" LabelPosition="Hide">
        <DataText>Label_VendorName</DataText>
      </FormControl>
      <FormControl Name="VendorName" StyleName="DES1" ControlType="TextBox" BoundIndexfield="VendorName" Rect="40,80,260,20" SectionName="SectionTop" ListOrder="6" />
      <FormControl Name="VendorAddress1" StyleName="DES1" ControlType="TextBox" BoundIndexfield="VendorAddress1" Rect="40,120,260,60" SectionName="SectionTop" ListOrder="7" />
      <FormControl Name="FC2" ControlType="Label" BoundIndexfield="VendorAddress1" Rect="-100000,39.416666666666664,108.39,20" ListOrder="7" LabelPosition="Hide">
        <DataText>Label_VendorAddress1</DataText>
      </FormControl>
      <FormControl Name="GroupBox_ShipTo" StyleName="BillToGroupBox" ControlType="GroupBox" BoundIndexfield="" Rect="20,220,320,160" SectionName="SectionTop" ListOrder="8">
        <DataText>Customer Info</DataText>
      </FormControl>
      <FormControl Name="FC8" ControlType="Label" BoundIndexfield="ShipToVendor" Rect="-100000,159.41666666666666,106.80666666666667,20" ListOrder="9" LabelPosition="Hide">
        <DataText>Ship To Vendor</DataText>
      </FormControl>
      <FormControl Name="ShipToVendor" StyleName="DES1" ControlType="TextBox" BoundIndexfield="ShipToVendor" Rect="40,260,260,20" SectionName="SectionTop" ListOrder="9" />
      <FormControl Name="FC9" ControlType="Label" BoundIndexfield="ShipToAddress2" Rect="-100000,179.41666666666666,106.80666666666667,20" ListOrder="10" LabelPosition="Hide">
        <DataText>Label_ShipToAddress2</DataText>
      </FormControl>
      <FormControl Name="ShipToAddress2" StyleName="DES1" ControlType="TextBox" BoundIndexfield="ShipToAddress2" Rect="40,300,260,60" SectionName="SectionTop" MultiLine="true" ListOrder="10" />
      <FormControl Name="PictureBox1" ControlType="PictureBox" BoundIndexfield="" Rect="580,20,200,60" SectionName="SectionTop" ListOrder="11">
        <DataText>PictureBox1</DataText>
        <ImageSource>ImageSource13.jpg</ImageSource>
      </FormControl>
      <FormControl Name="QTY" ControlType="TextBox" BoundIndexfield="QTY" Rect="20,40,100,20" SectionName="LineItems" ListOrder="12" />
      <FormControl Name="FC17" ControlType="Label" BoundIndexfield="QTY" Rect="20,19.416666666666664,30.223333333333336,20.583333333333336" SectionName="LineItems" ListOrder="12">
        <DataText>QTY</DataText>
      </FormControl>
      <FormControl Name="FC18" ControlType="Label" BoundIndexfield="PO" Rect="120,19.416666666666664,36.723333333333336,20.583333333333336" SectionName="LineItems" ListOrder="13">
        <DataText>PO #</DataText>
      </FormControl>
      <FormControl Name="PO" ControlType="TextBox" BoundIndexfield="PO" Rect="120,40,100,20" SectionName="LineItems" ListOrder="13" />
      <FormControl Name="FC3" ControlType="Label" BoundIndexfield="MFPartNumber" Rect="220,19.416666666666664,108.55333333333334,20.583333333333336" SectionName="LineItems" ListOrder="14">
        <DataText>Mfr. Part Number</DataText>
      </FormControl>
      <FormControl Name="MFPartNumber" ControlType="TextBox" BoundIndexfield="MFPartNumber" Rect="220,40,140,20" SectionName="LineItems" ListOrder="14" />
      <FormControl Name="FC19" ControlType="Label" BoundIndexfield="Description" Rect="19.963333333333324,89.708333333333329,100.03666666666668,20.583333333333336" SectionName="LineItems" ListOrder="15" LabelPosition="Left">
        <DataText>Mfr. Description</DataText>
      </FormControl>
      <FormControl Name="Description" ControlType="TextBox" BoundIndexfield="Description" Rect="120,60,240,80" SectionName="LineItems" MultiLine="false" ListOrder="15" />
      <FormControl Name="GroupBox1" ControlType="GroupBox" BoundIndexfield="" Rect="120,140,240,220" SectionName="LineItems" ListOrder="16">
        <DataText></DataText>
      </FormControl>
      <FormControl Name="MFSerial" ControlType="TextBox" BoundIndexfield="MFSerial" Rect="240,240,60,20" SectionName="LineItems" ListOrder="17" />
      <FormControl Name="FC23" ControlType="Label" BoundIndexfield="MFSerial" Rect="240,219.41666666666666,103.44000000000001,20.583333333333336" SectionName="LineItems" ListOrder="17">
        <DataText>Mfr. Serial Num.</DataText>
      </FormControl>
      <FormControl Name="FC20" ControlType="Label" BoundIndexfield="BillLoc" Rect="140,159.41666666666666,48.543333333333337,20.583333333333336" SectionName="LineItems" ListOrder="18">
        <DataText>Bill Loc</DataText>
      </FormControl>
      <FormControl Name="BillLoc" ControlType="TextBox" BoundIndexfield="BillLoc" Rect="140,180,60,20" SectionName="LineItems" ListOrder="18" />
      <FormControl Name="EquipLoc" ControlType="TextBox" BoundIndexfield="EquipLoc" Rect="240,180,60,20" SectionName="LineItems" ListOrder="19" />
      <FormControl Name="FC21" ControlType="Label" BoundIndexfield="EquipLoc" Rect="240,159.41666666666666,63.863333333333337,20.583333333333336" SectionName="LineItems" ListOrder="19">
        <DataText>Equip Loc</DataText>
      </FormControl>
      <FormControl Name="FC22" ControlType="Label" BoundIndexfield="InventoryNumber" Rect="140,219.41666666666666,78.54,20.583333333333336" SectionName="LineItems" ListOrder="20">
        <DataText>Inventory #</DataText>
      </FormControl>
      <FormControl Name="InventoryNumber" ControlType="TextBox" BoundIndexfield="InventoryNumber" Rect="140,240,60,20" SectionName="LineItems" ListOrder="20" />
      <FormControl Name="FC24" ControlType="Label" BoundIndexfield="Vendor" Rect="140,279.41666666666669,48.24,20.583333333333336" SectionName="LineItems" ListOrder="21">
        <DataText>Vendor</DataText>
      </FormControl>
      <FormControl Name="Vendor" ControlType="TextBox" BoundIndexfield="Vendor" Rect="140,300,60,20" SectionName="LineItems" ListOrder="21" />
      <FormControl Name="FC25" ControlType="Label" BoundIndexfield="Equipmentcost" Rect="240,279.41666666666669,101.44000000000001,20.583333333333336" SectionName="LineItems" ListOrder="22">
        <DataText>Equipment Cost</DataText>
      </FormControl>
      <FormControl Name="Equipmentcost" ControlType="TextBox" BoundIndexfield="Equipmentcost" Rect="240,300,80,20" SectionName="LineItems" ListOrder="22" />
      <FormControl Name="Label_InvoiceTotal" ControlType="Label" BoundIndexfield="InvoiceTotal" Rect="590,19.416666666666664,87.793333333333337,20.583333333333336" SectionName="Section1" ListOrder="23" />
      <FormControl Name="InvoiceTotal" StyleName="DES1" ControlType="TextBox" BoundIndexfield="InvoiceTotal" Rect="590,40,140,20" SectionName="Section1" HorizontalStretch="true" ListOrder="23" />
    </FormControlSet>
    <FormSectionSet>
      <FormSection Name="SectionTop" StyleName="DES1" LayoutType="Subform" Height="455" />
      <FormSection Name="LineItems" StyleName="DES1" LayoutType="SubformArray" Height="435" />
      <FormSection Name="Section1" LayoutType="Subform" Height="135" />
    </FormSectionSet>
  </DataEntryForm>
  <ValidationRuleSet />
  <HelpFileNameWithExtension></HelpFileNameWithExtension>
  <DocumentNameFormat>{S|_docType}-{S|VendorName}-{S|_documentPosition}</DocumentNameFormat>
  <FolderNameFormat>{S|"CorpSourceFolder"} {S|_folderPosition}</FolderNameFormat>
  <TemplateIdList>37,38,39,40</TemplateIdList>
  <PopulationRuleSet />
  <AllowQuestionMarks>false</AllowQuestionMarks>
  <PdfSettings EnabledPdfCache="true" OcrEngineList="" PdfRenderingResolution="300" />
  <FieldNameMapSet />
</Document>
</UIMDocRoot>
