<?xml version="1.0" encoding="UTF-8" standalone="yes" ?>
<UIMDocRoot checksum1="819755658105595818" >
<Document Name="HWDocus" DocumentType="HWDocus" Author="OPENTEXT\sgangadi" UpdatedUtc="2024-10-30T06:37:58Z" Project="Default">
  <Fields _ID_="IndexFieldSet">
    <IndexField Name="CompanyName" FieldId="1" IndexLevel="1" ReadOnly="false" source="Input" LabelText="Field1">
      <SampleRect>200.96,253.12,266.24,27.2</SampleRect>
      <SamplePageId>-1</SamplePageId>
      <FieldValidation IndexFieldType="String" Required="false">
        <HighlightSuggestions>false</HighlightSuggestions>
      </FieldValidation>
      <OcrEngineName>Advanced_MP_FullText_English.reco</OcrEngineName>
      <StartSection _ID_="SectionDescriptor" Name="Segment1" LabelText="Segment1" StartScreen="true" />
      <OcrThreshold>60</OcrThreshold>
      <ExtractFirstValue>true</ExtractFirstValue>
      <IsPopulationTrigger>false</IsPopulationTrigger>
      <OptionsPopulatedBy></OptionsPopulatedBy>
      <IsCalculationTarget>false</IsCalculationTarget>
    </IndexField>
    <IndexField Name="Date" FieldId="2" Index="1" Array="false" IndexLevel="1" ReadOnly="false" source="Input" ListOrder="1" LabelText="Date">
      <SampleRect>126.72,292.48,152.32,21.76</SampleRect>
      <SamplePageId>-1</SamplePageId>
      <FieldValidation IndexFieldType="String" Required="false">
        <HighlightSuggestions>false</HighlightSuggestions>
      </FieldValidation>
      <OcrEngineName>Advanced_MP_FullText_English.reco</OcrEngineName>
      <OcrThreshold>0</OcrThreshold>
      <ExtractFirstValue>true</ExtractFirstValue>
      <IsPopulationTrigger>false</IsPopulationTrigger>
      <OptionsPopulatedBy></OptionsPopulatedBy>
      <IsCalculationTarget>false</IsCalculationTarget>
    </IndexField>
    <IndexField Name="Address" FieldId="3" Index="2" Array="false" IndexLevel="1" ReadOnly="false" source="Input" ListOrder="2" LabelText="Address">
      <SampleRect>502.4,285.76,201.92,27.52</SampleRect>
      <SamplePageId>-1</SamplePageId>
      <FieldValidation IndexFieldType="String" Required="false">
        <HighlightSuggestions>false</HighlightSuggestions>
      </FieldValidation>
      <OcrEngineName>Advanced_MP_FullText_English_Accurate.reco</OcrEngineName>
      <OcrThreshold>60</OcrThreshold>
      <ExtractFirstValue>true</ExtractFirstValue>
      <IsPopulationTrigger>false</IsPopulationTrigger>
      <OptionsPopulatedBy></OptionsPopulatedBy>
      <IsCalculationTarget>false</IsCalculationTarget>
    </IndexField>
    <IndexField Name="BillNumber" FieldId="4" Index="3" Array="false" IndexLevel="1" ReadOnly="false" source="Input" ListOrder="3" LabelText="Field1">
      <SampleRect>138.88,328,201.92,27.52</SampleRect>
      <SamplePageId>-1</SamplePageId>
      <FieldValidation IndexFieldType="String" Required="false">
        <HighlightSuggestions>false</HighlightSuggestions>
      </FieldValidation>
      <OcrEngineName>Advanced_MP_FullText_English_Accurate.reco</OcrEngineName>
      <OcrThreshold>60</OcrThreshold>
      <ExtractFirstValue>true</ExtractFirstValue>
      <IsPopulationTrigger>false</IsPopulationTrigger>
      <OptionsPopulatedBy></OptionsPopulatedBy>
      <IsCalculationTarget>false</IsCalculationTarget>
    </IndexField>
    <IndexField Name="PhoneNumber" FieldId="5" Index="4" Array="false" IndexLevel="1" ReadOnly="false" source="Input" ListOrder="4" LabelText="PhoneNumber">
      <SampleRect>525.44,325.76,169.92,28.48</SampleRect>
      <SamplePageId>-1</SamplePageId>
      <FieldValidation IndexFieldType="String" Required="false">
        <HighlightSuggestions>false</HighlightSuggestions>
      </FieldValidation>
      <OcrEngineName>Advanced_MP_FullText_English_Accurate.reco</OcrEngineName>
      <OcrThreshold>60</OcrThreshold>
      <ExtractFirstValue>true</ExtractFirstValue>
      <IsPopulationTrigger>false</IsPopulationTrigger>
      <OptionsPopulatedBy></OptionsPopulatedBy>
      <IsCalculationTarget>false</IsCalculationTarget>
    </IndexField>
    <IndexField Name="Total" FieldId="6" Index="5" Array="false" IndexLevel="1" ReadOnly="false" source="Input" ListOrder="5" LabelText="Total">
      <SampleRect>578.24,580.48,119.36,26.24</SampleRect>
      <SamplePageId>-1</SamplePageId>
      <FieldValidation IndexFieldType="String" Required="false">
        <HighlightSuggestions>false</HighlightSuggestions>
      </FieldValidation>
      <OcrEngineName>Advanced_MP_FullText_English_Accurate.reco</OcrEngineName>
      <OcrThreshold>60</OcrThreshold>
      <ExtractFirstValue>true</ExtractFirstValue>
      <IsPopulationTrigger>false</IsPopulationTrigger>
      <OptionsPopulatedBy></OptionsPopulatedBy>
      <IsCalculationTarget>false</IsCalculationTarget>
    </IndexField>
    <IndexField Name="Price" FieldId="7" Index="6" Array="true" IndexLevel="1" ReadOnly="false" source="Input" ListOrder="6" LabelText="Price">
      <FieldValidation IndexFieldType="String" Required="false" />
      <StartSection _ID_="SectionDescriptor" Name="Datatable" LabelText="Datatable" StartScreen="false" />
      <ExtractFirstValue>true</ExtractFirstValue>
      <IsPopulationTrigger>false</IsPopulationTrigger>
      <OptionsPopulatedBy></OptionsPopulatedBy>
      <IsCalculationTarget>false</IsCalculationTarget>
    </IndexField>
    <IndexField Name="Quantity" FieldId="8" Index="7" Array="true" IndexLevel="1" ReadOnly="false" source="Input" ListOrder="7" LabelText="Quantity">
      <FieldValidation IndexFieldType="String" Required="false" />
      <ExtractFirstValue>true</ExtractFirstValue>
      <IsPopulationTrigger>false</IsPopulationTrigger>
      <OptionsPopulatedBy></OptionsPopulatedBy>
      <IsCalculationTarget>false</IsCalculationTarget>
    </IndexField>
    <IndexField Name="Purity" FieldId="9" Index="8" Array="true" IndexLevel="1" ReadOnly="false" source="Input" ListOrder="8" LabelText="Purity">
      <FieldValidation IndexFieldType="String" Required="false" />
      <ExtractFirstValue>true</ExtractFirstValue>
      <IsPopulationTrigger>false</IsPopulationTrigger>
      <OptionsPopulatedBy></OptionsPopulatedBy>
      <IsCalculationTarget>false</IsCalculationTarget>
    </IndexField>
    <IndexField Name="SNo" FieldId="10" Index="9" Array="true" IndexLevel="1" ReadOnly="false" source="Input" ListOrder="9" LabelText="SNo">
      <FieldValidation IndexFieldType="String" Required="false" />
      <ExtractFirstValue>true</ExtractFirstValue>
      <IsPopulationTrigger>false</IsPopulationTrigger>
      <OptionsPopulatedBy></OptionsPopulatedBy>
      <IsCalculationTarget>false</IsCalculationTarget>
    </IndexField>
    <IndexField Name="ItemName" FieldId="11" Index="10" Array="true" IndexLevel="1" ReadOnly="false" source="Input" ListOrder="10" LabelText="ItemName">
      <FieldValidation IndexFieldType="String" Required="false" />
      <ExtractFirstValue>true</ExtractFirstValue>
      <IsPopulationTrigger>false</IsPopulationTrigger>
      <OptionsPopulatedBy></OptionsPopulatedBy>
      <IsCalculationTarget>false</IsCalculationTarget>
    </IndexField>
  </Fields>
  <DataEntryForm>
    <FormControlSet>
      <FormControl Name="CompanyName" ControlType="TextBox" BoundIndexfield="CompanyName" Rect="20,20,100,20" SectionName="Segment1" />
      <FormControl Name="FC1" ControlType="Label" BoundIndexfield="CompanyName" Rect="20,-0.5833333333333357,41.74,20.583333333333336" SectionName="Segment1">
        <DataText>Field1</DataText>
      </FormControl>
      <FormControl Name="Date" ControlType="TextBox" BoundIndexfield="Date" Rect="20,60,100,20" SectionName="Segment1" ListOrder="1" />
      <FormControl Name="FC2" ControlType="Label" BoundIndexfield="Date" Rect="20,39.416666666666664,34.333333333333336,20.583333333333336" SectionName="Segment1" ListOrder="1">
        <DataText>Date</DataText>
      </FormControl>
      <FormControl Name="Address" ControlType="TextBox" BoundIndexfield="Address" Rect="20,100,100,20" SectionName="Segment1" ListOrder="2" />
      <FormControl Name="FC3" ControlType="Label" BoundIndexfield="Address" Rect="20,79.416666666666657,53.933333333333337,20.583333333333336" SectionName="Segment1" ListOrder="2">
        <DataText>Address</DataText>
      </FormControl>
      <FormControl Name="BillNumber" ControlType="TextBox" BoundIndexfield="BillNumber" Rect="20,140,100,20" SectionName="Segment1" ListOrder="3" />
      <FormControl Name="FC4" ControlType="Label" BoundIndexfield="BillNumber" Rect="20,119.41666666666666,41.74,20.583333333333336" SectionName="Segment1" ListOrder="3">
        <DataText>Field1</DataText>
      </FormControl>
      <FormControl Name="PhoneNumber" ControlType="TextBox" BoundIndexfield="PhoneNumber" Rect="20,180,100,20" SectionName="Segment1" ListOrder="4" />
      <FormControl Name="FC5" ControlType="Label" BoundIndexfield="PhoneNumber" Rect="20,159.41666666666666,90.846666666666678,20.583333333333336" SectionName="Segment1" ListOrder="4">
        <DataText>PhoneNumber</DataText>
      </FormControl>
      <FormControl Name="Total" ControlType="TextBox" BoundIndexfield="Total" Rect="20,220,100,20" SectionName="Segment1" ListOrder="5" />
      <FormControl Name="FC11" ControlType="Label" BoundIndexfield="Total" Rect="20,199.41666666666666,34.620000000000005,20.583333333333336" SectionName="Segment1" ListOrder="5">
        <DataText>Total</DataText>
      </FormControl>
      <FormControl Name="Price" ControlType="TextBox" BoundIndexfield="Price" Rect="20,180,100,20" SectionName="Datatable" ListOrder="6" />
      <FormControl Name="FC10" ControlType="Label" BoundIndexfield="Price" Rect="20,159.41666666666666,35.053333333333335,20.583333333333336" SectionName="Datatable" ListOrder="6">
        <DataText>Price</DataText>
      </FormControl>
      <FormControl Name="Quantity" ControlType="TextBox" BoundIndexfield="Quantity" Rect="20,140,100,20" SectionName="Datatable" ListOrder="7" />
      <FormControl Name="FC9" ControlType="Label" BoundIndexfield="Quantity" Rect="20,119.41666666666666,57.63333333333334,20.583333333333336" SectionName="Datatable" ListOrder="7">
        <DataText>Quantity</DataText>
      </FormControl>
      <FormControl Name="Purity" ControlType="TextBox" BoundIndexfield="Purity" Rect="20,100,100,20" SectionName="Datatable" ListOrder="8" />
      <FormControl Name="FC8" ControlType="Label" BoundIndexfield="Purity" Rect="20,79.416666666666657,41.013333333333335,20.583333333333336" SectionName="Datatable" ListOrder="8">
        <DataText>Purity</DataText>
      </FormControl>
      <FormControl Name="SNo" ControlType="TextBox" BoundIndexfield="SNo" Rect="20,20,100,20" SectionName="Datatable" ListOrder="9" />
      <FormControl Name="FC6" ControlType="Label" BoundIndexfield="SNo" Rect="20,-0.5833333333333357,30.463333333333335,20.583333333333336" SectionName="Datatable" ListOrder="9">
        <DataText>SNo</DataText>
      </FormControl>
      <FormControl Name="ItemName" ControlType="TextBox" BoundIndexfield="ItemName" Rect="20,60,100,20" SectionName="Datatable" ListOrder="10" />
      <FormControl Name="FC7" ControlType="Label" BoundIndexfield="ItemName" Rect="20,39.416666666666664,69.610000000000014,20.583333333333336" SectionName="Datatable" ListOrder="10">
        <DataText>ItemName</DataText>
      </FormControl>
    </FormControlSet>
    <FormSectionSet>
      <FormSection Name="Segment1" LayoutType="Subform" Height="315" />
      <FormSection Name="Datatable" LayoutType="SubformArray" Height="275" />
    </FormSectionSet>
  </DataEntryForm>
  <ValidationRuleSet />
  <TemplateIdList>169</TemplateIdList>
  <PopulationRuleSet />
  <PdfSettings EnabledPdfCache="true" OcrEngineList="" PdfRenderingResolution="300" />
  <ProjectType>AR</ProjectType>
  <FieldNameMapSet />
</Document>
</UIMDocRoot>
