<?xml version="1.0" encoding="UTF-8" standalone="yes" ?>
<UIMDocRoot checksum1="450771549016832574" >
<Document Name="IE_Broker_Statement" DocumentType="IE Broker Statement" Author="CLUND-WS19\Administrator" UpdatedUtc="2019-11-26T18:36:54Z" Locale="en-US" Project="InformationExtraction">
  <Fields _ID_="IndexFieldSet">
    <IndexField Name="For" Index="0" Array="false" IndexLevel="1" ReadOnly="false" source="Input" ListOrder="0" LabelText="For Company">
      <FieldValidation IndexFieldType="String" Required="false">
        <HighlightSuggestions>false</HighlightSuggestions>
      </FieldValidation>
      <StartSection _ID_="SectionDescriptor" Name="Segment1" LabelText="Segment1" StartScreen="true" />
      <ExtractFirstValue>true</ExtractFirstValue>
      <IsPopulationTrigger>false</IsPopulationTrigger>
      <OptionsPopulatedBy></OptionsPopulatedBy>
      <IsCalculationTarget>false</IsCalculationTarget>
    </IndexField>
    <IndexField Name="From" Index="1" Array="false" IndexLevel="1" ReadOnly="false" source="Input" ListOrder="1" LabelText="From Company">
      <FieldValidation IndexFieldType="String" Required="false">
        <HighlightSuggestions>false</HighlightSuggestions>
      </FieldValidation>
      <ExtractFirstValue>true</ExtractFirstValue>
      <IsPopulationTrigger>false</IsPopulationTrigger>
      <OptionsPopulatedBy></OptionsPopulatedBy>
      <IsCalculationTarget>false</IsCalculationTarget>
    </IndexField>
    <IndexField Name="BrokerNumber" IndexFieldType="Number" Index="2" Array="false" IndexLevel="1" ReadOnly="false" source="Input" ListOrder="2" LabelText="Broker Number">
      <FieldValidation IndexFieldType="Number" Required="false" CheckMin="false" CheckMax="false" />
      <ExtractFirstValue>true</ExtractFirstValue>
      <IsPopulationTrigger>false</IsPopulationTrigger>
      <OptionsPopulatedBy></OptionsPopulatedBy>
      <IsCalculationTarget>false</IsCalculationTarget>
      <IndexFieldSubtype>Decimal</IndexFieldSubtype>
    </IndexField>
    <IndexField Name="Date" IndexFieldType="DateTime" Index="3" Array="false" IndexLevel="1" ReadOnly="false" source="Input" ListOrder="3" LabelText="Date">
      <FieldValidation IndexFieldType="DateTime" Required="false" ViewFormat="d">
        <HighlightSuggestions>true</HighlightSuggestions>
      </FieldValidation>
      <ExtractFirstValue>true</ExtractFirstValue>
      <IsPopulationTrigger>false</IsPopulationTrigger>
      <OptionsPopulatedBy></OptionsPopulatedBy>
      <IsCalculationTarget>false</IsCalculationTarget>
    </IndexField>
    <IndexField Name="AccountMonth" IndexFieldType="String" Index="4" Array="false" IndexLevel="1" ReadOnly="false" source="Input" ListOrder="4" LabelText="Account Month">
      <FieldValidation IndexFieldType="String" Required="false" ViewFormat="MM/yyyy" InputMaskPattern="">
        <ValidationExpression>(0?[1-9]|1[012])/(20\d{2})</ValidationExpression>
        <FormattingExpression>\1/\2</FormattingExpression>
        <HighlightSuggestions>true</HighlightSuggestions>
      </FieldValidation>
      <ExtractFirstValue>true</ExtractFirstValue>
      <IsPopulationTrigger>false</IsPopulationTrigger>
      <OptionsPopulatedBy></OptionsPopulatedBy>
      <IsCalculationTarget>false</IsCalculationTarget>
      <IndexFieldSubtype>RegularExpression</IndexFieldSubtype>
    </IndexField>
    <IndexField Name="CompanyCode" IndexFieldType="Number" Index="5" Array="false" IndexLevel="1" ReadOnly="false" source="Input" ListOrder="5" LabelText="Company Code">
      <FieldValidation IndexFieldType="Number" Required="false" />
      <ExtractFirstValue>true</ExtractFirstValue>
      <IsPopulationTrigger>false</IsPopulationTrigger>
      <OptionsPopulatedBy></OptionsPopulatedBy>
      <IsCalculationTarget>false</IsCalculationTarget>
      <IndexFieldSubtype>Decimal</IndexFieldSubtype>
    </IndexField>
    <IndexField Name="Premiums_Insured" Index="6" Array="true" IndexLevel="1" ReadOnly="false" source="Input" ListOrder="6" LabelText="Insured">
      <FieldValidation IndexFieldType="String" Required="false" />
      <StartSection _ID_="SectionDescriptor" Name="Premiums" LabelText="Premiums" StartScreen="false" />
      <ExtractFirstValue>true</ExtractFirstValue>
      <IsPopulationTrigger>false</IsPopulationTrigger>
      <OptionsPopulatedBy></OptionsPopulatedBy>
      <IsCalculationTarget>false</IsCalculationTarget>
    </IndexField>
    <IndexField Name="Premiums_PolicyNumber" Index="7" Array="true" IndexLevel="1" ReadOnly="false" source="Input" ListOrder="7" LabelText="Policy #">
      <FieldValidation IndexFieldType="String" Required="false" InputMaskPattern="">
        <ValidationExpression>\d{10}</ValidationExpression>
      </FieldValidation>
      <ExtractFirstValue>true</ExtractFirstValue>
      <IsPopulationTrigger>false</IsPopulationTrigger>
      <OptionsPopulatedBy></OptionsPopulatedBy>
      <IsCalculationTarget>false</IsCalculationTarget>
      <IndexFieldSubtype>RegularExpression</IndexFieldSubtype>
    </IndexField>
    <IndexField Name="Premiums_ClientCode" Index="8" Array="true" IndexLevel="1" ReadOnly="false" source="Input" ListOrder="8" LabelText="Client Code">
      <FieldValidation IndexFieldType="String" Required="false" InputMaskPattern="00000000" IncludeMaskLiterals="false">
        <ValidationExpression></ValidationExpression>
      </FieldValidation>
      <ExtractFirstValue>true</ExtractFirstValue>
      <IsPopulationTrigger>false</IsPopulationTrigger>
      <OptionsPopulatedBy></OptionsPopulatedBy>
      <IsCalculationTarget>false</IsCalculationTarget>
      <IndexFieldSubtype>Pattern</IndexFieldSubtype>
    </IndexField>
    <IndexField Name="Premiums_EffectiveDate" IndexFieldType="DateTime" Index="9" Array="true" IndexLevel="1" ReadOnly="false" source="Input" ListOrder="9" LabelText="Effective">
      <FieldValidation IndexFieldType="DateTime" Required="false" ViewFormat="d" />
      <ExtractFirstValue>true</ExtractFirstValue>
      <IsPopulationTrigger>false</IsPopulationTrigger>
      <OptionsPopulatedBy></OptionsPopulatedBy>
      <IsCalculationTarget>false</IsCalculationTarget>
    </IndexField>
    <IndexField Name="Premiums_GrossPremium" IndexFieldType="Number" Index="10" Array="true" IndexLevel="1" ReadOnly="false" source="Input" ListOrder="10" LabelText="Gross Premium">
      <FieldValidation IndexFieldType="Number" Required="false" ViewFormat="n">
        <DigitsAfterDecimal>Two</DigitsAfterDecimal>
      </FieldValidation>
      <ExtractFirstValue>true</ExtractFirstValue>
      <IsPopulationTrigger>false</IsPopulationTrigger>
      <OptionsPopulatedBy></OptionsPopulatedBy>
      <IsCalculationTarget>false</IsCalculationTarget>
      <IndexFieldSubtype>Decimal</IndexFieldSubtype>
    </IndexField>
    <IndexField Name="Premiums_CommissionRate" IndexFieldType="Number" Index="11" Array="true" IndexLevel="1" ReadOnly="false" source="Input" ListOrder="11" LabelText="Commission %">
      <FieldValidation IndexFieldType="Number" Required="false" ViewFormat="g" />
      <ExtractFirstValue>true</ExtractFirstValue>
      <IsPopulationTrigger>false</IsPopulationTrigger>
      <OptionsPopulatedBy></OptionsPopulatedBy>
      <IsCalculationTarget>false</IsCalculationTarget>
      <IndexFieldSubtype>Decimal</IndexFieldSubtype>
    </IndexField>
    <IndexField Name="Premiums_NetPremium" IndexFieldType="Number" Index="12" Array="true" IndexLevel="1" ReadOnly="false" source="Input" ListOrder="12" LabelText="Net Premium">
      <FieldValidation IndexFieldType="Number" Required="false" ViewFormat="n">
        <DigitsAfterDecimal>Two</DigitsAfterDecimal>
      </FieldValidation>
      <ExtractFirstValue>true</ExtractFirstValue>
      <IsPopulationTrigger>false</IsPopulationTrigger>
      <OptionsPopulatedBy></OptionsPopulatedBy>
      <IsCalculationTarget>false</IsCalculationTarget>
      <IndexFieldSubtype>Decimal</IndexFieldSubtype>
    </IndexField>
    <IndexField Name="TotalGross" IndexFieldType="Number" Index="13" Array="false" IndexLevel="1" ReadOnly="false" source="Input" ListOrder="13" LabelText="Total Gross Premiums">
      <FieldValidation IndexFieldType="Number" Required="false" CheckMin="false" CheckMax="false" ViewFormat="n">
        <DigitsAfterDecimal>Two</DigitsAfterDecimal>
        <HighlightSuggestions>true</HighlightSuggestions>
      </FieldValidation>
      <StartSection _ID_="SectionDescriptor" Name="Section1" LabelText="Section1" StartScreen="false" />
      <ExtractFirstValue>true</ExtractFirstValue>
      <IsPopulationTrigger>false</IsPopulationTrigger>
      <OptionsPopulatedBy></OptionsPopulatedBy>
      <IsCalculationTarget>false</IsCalculationTarget>
      <IndexFieldSubtype>Decimal</IndexFieldSubtype>
    </IndexField>
    <IndexField Name="TotalNet" IndexFieldType="Number" Index="14" Array="false" IndexLevel="1" ReadOnly="false" source="Input" ListOrder="14" LabelText="Total Net Premiums">
      <FieldValidation IndexFieldType="Number" Required="false" ViewFormat="n">
        <DigitsAfterDecimal>Two</DigitsAfterDecimal>
        <HighlightSuggestions>true</HighlightSuggestions>
      </FieldValidation>
      <ExtractFirstValue>true</ExtractFirstValue>
      <IsPopulationTrigger>false</IsPopulationTrigger>
      <OptionsPopulatedBy></OptionsPopulatedBy>
      <IsCalculationTarget>false</IsCalculationTarget>
      <IndexFieldSubtype>Decimal</IndexFieldSubtype>
    </IndexField>
    <IndexField Name="PaymentNumber" IndexFieldType="Number" Index="15" Array="false" IndexLevel="1" ReadOnly="false" source="Input" ListOrder="15" LabelText="Payment #">
      <FieldValidation IndexFieldType="Number" Required="false" />
      <ExtractFirstValue>true</ExtractFirstValue>
      <IsPopulationTrigger>false</IsPopulationTrigger>
      <OptionsPopulatedBy></OptionsPopulatedBy>
      <IsCalculationTarget>false</IsCalculationTarget>
      <IndexFieldSubtype>Decimal</IndexFieldSubtype>
    </IndexField>
  </Fields>
  <DataEntryForm>
    <FormControlSet>
      <FormControl Name="For" ControlType="TextBox" BoundIndexfield="For" Rect="20,25,160,20" SectionName="Segment1" MultiLine="false" ListOrder="0" />
      <FormControl Name="FC3" ControlType="Label" BoundIndexfield="For" Rect="20,4.4166666666666643,85.823333333333338,20.583333333333336" SectionName="Segment1" ListOrder="0">
        <DataText>For Company</DataText>
      </FormControl>
      <FormControl Name="From" ControlType="TextBox" BoundIndexfield="From" Rect="200,25,160,20" SectionName="Segment1" MultiLine="false" ListOrder="1" />
      <FormControl Name="FC4" ControlType="Label" BoundIndexfield="From" Rect="200,4.4166666666666643,97.79,20.583333333333336" SectionName="Segment1" ListOrder="1">
        <DataText>From Company</DataText>
      </FormControl>
      <FormControl Name="BrokerNumber" ControlType="TextBox" BoundIndexfield="BrokerNumber" Rect="380,25,120,20" SectionName="Segment1" ListOrder="2" />
      <FormControl Name="FC5" ControlType="Label" BoundIndexfield="BrokerNumber" Rect="380,4.4166666666666643,98.093333333333334,20.583333333333336" SectionName="Segment1" ListOrder="2">
        <DataText>Broker Number</DataText>
      </FormControl>
      <FormControl Name="Date" ControlType="TextBox" BoundIndexfield="Date" Rect="20,70,160,20" SectionName="Segment1" ListOrder="3" />
      <FormControl Name="FC6" ControlType="Label" BoundIndexfield="Date" Rect="20,49.416666666666664,34.333333333333336,20.583333333333336" SectionName="Segment1" ListOrder="3">
        <DataText>Date</DataText>
      </FormControl>
      <FormControl Name="AccountMonth" ControlType="TextBox" BoundIndexfield="AccountMonth" Rect="200,70,160,20" SectionName="Segment1" ListOrder="4" />
      <FormControl Name="FC7" ControlType="Label" BoundIndexfield="AccountMonth" Rect="200,49.416666666666664,95.443333333333342,20.583333333333336" SectionName="Segment1" ListOrder="4">
        <DataText>Account Month</DataText>
      </FormControl>
      <FormControl Name="CompanyCode" ControlType="TextBox" BoundIndexfield="CompanyCode" Rect="380,70,120,20" SectionName="Segment1" ListOrder="5" />
      <FormControl Name="FC8" ControlType="Label" BoundIndexfield="CompanyCode" Rect="380,49.416666666666664,97.106666666666669,20.583333333333336" SectionName="Segment1" ListOrder="5">
        <DataText>Company Code</DataText>
      </FormControl>
      <FormControl Name="Premiums_Insured" ControlType="TextBox" BoundIndexfield="Premiums_Insured" Rect="20,30,150,20" SectionName="Premiums" ListOrder="6" />
      <FormControl Name="FC10" ControlType="Label" BoundIndexfield="Premiums_Insured" Rect="20,9.4166666666666643,52.236666666666672,20.583333333333336" SectionName="Premiums" ListOrder="6">
        <DataText>Insured</DataText>
      </FormControl>
      <FormControl Name="Premiums_PolicyNumber" ControlType="TextBox" BoundIndexfield="Premiums_PolicyNumber" Rect="180,30,120,20" SectionName="Premiums" ListOrder="7" />
      <FormControl Name="FC11" ControlType="Label" BoundIndexfield="Premiums_PolicyNumber" Rect="180,9.4166666666666643,54.206666666666671,20.583333333333336" SectionName="Premiums" ListOrder="7">
        <DataText>Policy #</DataText>
      </FormControl>
      <FormControl Name="Premiums_ClientCode" ControlType="TextBox" BoundIndexfield="Premiums_ClientCode" Rect="310,30,110,20" SectionName="Premiums" ListOrder="8" />
      <FormControl Name="FC12" ControlType="Label" BoundIndexfield="Premiums_ClientCode" Rect="310,9.4166666666666643,74.95,20.583333333333336" SectionName="Premiums" ListOrder="8">
        <DataText>Client Code</DataText>
      </FormControl>
      <FormControl Name="Premiums_EffectiveDate" ControlType="TextBox" BoundIndexfield="Premiums_EffectiveDate" Rect="430,30,100,20" SectionName="Premiums" ListOrder="9" />
      <FormControl Name="FC13" ControlType="Label" BoundIndexfield="Premiums_EffectiveDate" Rect="430,9.4166666666666643,57.6,20.583333333333336" SectionName="Premiums" ListOrder="9">
        <DataText>Effective</DataText>
      </FormControl>
      <FormControl Name="Premiums_GrossPremium" ControlType="TextBox" BoundIndexfield="Premiums_GrossPremium" Rect="540,30,100,20" SectionName="Premiums" ListOrder="10" />
      <FormControl Name="FC14" ControlType="Label" BoundIndexfield="Premiums_GrossPremium" Rect="540,9.4166666666666643,98.173333333333346,20.583333333333336" SectionName="Premiums" ListOrder="10">
        <DataText>Gross Premium</DataText>
      </FormControl>
      <FormControl Name="Premiums_CommissionRate" ControlType="TextBox" BoundIndexfield="Premiums_CommissionRate" Rect="650,30,95,20" SectionName="Premiums" ListOrder="11" />
      <FormControl Name="FC15" ControlType="Label" BoundIndexfield="Premiums_CommissionRate" Rect="650,9.4166666666666643,96.113333333333344,20.583333333333336" SectionName="Premiums" ListOrder="11">
        <DataText>Commission %</DataText>
      </FormControl>
      <FormControl Name="Premiums_NetPremium" ControlType="TextBox" BoundIndexfield="Premiums_NetPremium" Rect="755,30,100,20" SectionName="Premiums" ListOrder="12" />
      <FormControl Name="FC16" ControlType="Label" BoundIndexfield="Premiums_NetPremium" Rect="755,9.4166666666666643,84.816666666666677,20.583333333333336" SectionName="Premiums" ListOrder="12">
        <DataText>Net Premium</DataText>
      </FormControl>
      <FormControl Name="TotalGross" ControlType="TextBox" BoundIndexfield="TotalGross" Rect="380,35,120,20" SectionName="Section1" ListOrder="13" />
      <FormControl Name="FC18" ControlType="Label" BoundIndexfield="TotalGross" Rect="242.73333333333332,34.708333333333329,137.26666666666668,20.583333333333336" SectionName="Section1" ListOrder="13" LabelPosition="Left">
        <DataText>Total Gross Premiums</DataText>
      </FormControl>
      <FormControl Name="TotalNet" ControlType="TextBox" BoundIndexfield="TotalNet" Rect="380,75,120,20" SectionName="Section1" ListOrder="14" />
      <FormControl Name="FC19" ControlType="Label" BoundIndexfield="TotalNet" Rect="256.09,74.708333333333329,123.91000000000001,20.583333333333336" SectionName="Section1" ListOrder="14" LabelPosition="Left">
        <DataText>Total Net Premiums</DataText>
      </FormControl>
      <FormControl Name="PaymentNumber" ControlType="TextBox" BoundIndexfield="PaymentNumber" Rect="380,115,120,20" SectionName="Section1" ListOrder="15" />
      <FormControl Name="FC20" ControlType="Label" BoundIndexfield="PaymentNumber" Rect="307.65666666666664,114.70833333333333,72.343333333333334,20.583333333333336" SectionName="Section1" ListOrder="15" LabelPosition="Left">
        <DataText>Payment #</DataText>
      </FormControl>
    </FormControlSet>
    <FormSectionSet>
      <FormSection Name="Segment1" LayoutType="Subform" Height="165" />
      <FormSection Name="Premiums" LayoutType="SubformArray" Height="125" />
      <FormSection Name="Section1" LayoutType="Subform" Height="210" />
    </FormSectionSet>
  </DataEntryForm>
  <ValidationRuleSet />
  <PopulationRuleSet />
  <PdfSettings EnabledPdfCache="false" OcrEngineList="" PdfRenderingResolution="300" />
  <ProjectType>IEE</ProjectType>
</Document>
</UIMDocRoot>
