<?xml version="1.0" encoding="UTF-8" standalone="yes" ?>
<UIMDocRoot checksum1="1071817002831585513" >
<Document Name="IE_Delivery_Note" DocumentType="IE Delivery Note" Author="CLUND-WS19\Administrator" UpdatedUtc="2019-11-26T18:36:54Z" Project="InformationExtraction">
  <Fields _ID_="IndexFieldSet">
    <IndexField Name="DeliveryNumber" Index="0" Array="false" IndexLevel="1" ReadOnly="false" source="Input" ListOrder="0" LabelText="Delivery Number">
      <FieldValidation IndexFieldType="String" Required="false">
        <HighlightSuggestions>false</HighlightSuggestions>
      </FieldValidation>
      <StartSection _ID_="SectionDescriptor" Name="Segment1" LabelText="Segment1" StartScreen="true" />
      <ExtractFirstValue>true</ExtractFirstValue>
      <IsPopulationTrigger>false</IsPopulationTrigger>
      <OptionsPopulatedBy></OptionsPopulatedBy>
      <IsCalculationTarget>false</IsCalculationTarget>
    </IndexField>
    <IndexField Name="DeliveryDate" IndexFieldType="DateTime" Index="1" Array="false" IndexLevel="1" ReadOnly="false" source="Input" ListOrder="1" LabelText="Date">
      <FieldValidation IndexFieldType="DateTime" Required="false" ViewFormat="d" />
      <ExtractFirstValue>true</ExtractFirstValue>
      <IsPopulationTrigger>false</IsPopulationTrigger>
      <OptionsPopulatedBy></OptionsPopulatedBy>
      <IsCalculationTarget>false</IsCalculationTarget>
    </IndexField>
    <IndexField Name="OrderNumber" Index="2" Array="false" IndexLevel="1" ReadOnly="false" source="Input" ListOrder="2" LabelText="Order Number">
      <FieldValidation IndexFieldType="String" Required="false">
        <HighlightSuggestions>false</HighlightSuggestions>
      </FieldValidation>
      <ExtractFirstValue>true</ExtractFirstValue>
      <IsPopulationTrigger>false</IsPopulationTrigger>
      <OptionsPopulatedBy></OptionsPopulatedBy>
      <IsCalculationTarget>false</IsCalculationTarget>
    </IndexField>
    <IndexField Name="Vendor" Index="3" Array="false" IndexLevel="1" ReadOnly="false" source="Input" ListOrder="3" LabelText="Vendor">
      <FieldValidation IndexFieldType="String" Required="false">
        <HighlightSuggestions>false</HighlightSuggestions>
      </FieldValidation>
      <ExtractFirstValue>true</ExtractFirstValue>
      <IsPopulationTrigger>false</IsPopulationTrigger>
      <OptionsPopulatedBy></OptionsPopulatedBy>
      <IsCalculationTarget>false</IsCalculationTarget>
    </IndexField>
    <IndexField Name="Barcode" Index="4" Array="false" IndexLevel="1" ReadOnly="false" source="Input" ListOrder="4" LabelText="Barcode">
      <FieldValidation IndexFieldType="String" Required="false">
        <HighlightSuggestions>false</HighlightSuggestions>
      </FieldValidation>
      <ExtractFirstValue>true</ExtractFirstValue>
      <IsPopulationTrigger>false</IsPopulationTrigger>
      <OptionsPopulatedBy></OptionsPopulatedBy>
      <IsCalculationTarget>false</IsCalculationTarget>
    </IndexField>
    <IndexField Name="Items_Position" Index="5" Array="true" IndexLevel="1" ReadOnly="false" source="Input" ListOrder="5" LabelText="Item #">
      <FieldValidation IndexFieldType="String" Required="false" />
      <StartSection _ID_="SectionDescriptor" Name="Items" LabelText="Items" StartScreen="false" />
      <ExtractFirstValue>true</ExtractFirstValue>
      <IsPopulationTrigger>false</IsPopulationTrigger>
      <OptionsPopulatedBy></OptionsPopulatedBy>
      <IsCalculationTarget>false</IsCalculationTarget>
    </IndexField>
    <IndexField Name="Items_MaterialNumber" Index="6" Array="true" IndexLevel="1" ReadOnly="false" source="Input" ListOrder="6" LabelText="Material #">
      <FieldValidation IndexFieldType="String" Required="false" />
      <ExtractFirstValue>true</ExtractFirstValue>
      <IsPopulationTrigger>false</IsPopulationTrigger>
      <OptionsPopulatedBy></OptionsPopulatedBy>
      <IsCalculationTarget>false</IsCalculationTarget>
    </IndexField>
    <IndexField Name="Items_Quantity" IndexFieldType="Number" Index="7" Array="true" IndexLevel="1" ReadOnly="false" source="Input" ListOrder="7" LabelText="Quantity">
      <FieldValidation IndexFieldType="Number" Required="false" />
      <ExtractFirstValue>true</ExtractFirstValue>
      <IsPopulationTrigger>false</IsPopulationTrigger>
      <OptionsPopulatedBy></OptionsPopulatedBy>
      <IsCalculationTarget>false</IsCalculationTarget>
      <IndexFieldSubtype>Decimal</IndexFieldSubtype>
    </IndexField>
    <IndexField Name="Items_Unit" Index="8" Array="true" IndexLevel="1" ReadOnly="false" source="Input" ListOrder="8" LabelText="Unit">
      <FieldValidation IndexFieldType="String" Required="false" />
      <ExtractFirstValue>true</ExtractFirstValue>
      <IsPopulationTrigger>false</IsPopulationTrigger>
      <OptionsPopulatedBy></OptionsPopulatedBy>
      <IsCalculationTarget>false</IsCalculationTarget>
    </IndexField>
    <IndexField Name="Items_Text" Index="9" Array="true" IndexLevel="1" ReadOnly="false" source="Input" ListOrder="9" LabelText="Full-row Text">
      <FieldValidation IndexFieldType="String" Required="false" />
      <ExtractFirstValue>true</ExtractFirstValue>
      <IsPopulationTrigger>false</IsPopulationTrigger>
      <OptionsPopulatedBy></OptionsPopulatedBy>
      <IsCalculationTarget>false</IsCalculationTarget>
    </IndexField>
  </Fields>
  <DataEntryForm>
    <FormControlSet>
      <FormControl Name="DeliveryNumber" ControlType="TextBox" BoundIndexfield="DeliveryNumber" Rect="20,20,120,20" SectionName="Segment1" ListOrder="0" />
      <FormControl Name="FC2" ControlType="Label" BoundIndexfield="DeliveryNumber" Rect="20,-0.5833333333333357,107.56,20.583333333333336" SectionName="Segment1" ListOrder="0">
        <DataText>Delivery Number</DataText>
      </FormControl>
      <FormControl Name="DeliveryDate" ControlType="TextBox" BoundIndexfield="DeliveryDate" Rect="20,65,120,20" SectionName="Segment1" ListOrder="1" />
      <FormControl Name="FC3" ControlType="Label" BoundIndexfield="DeliveryDate" Rect="20,44.416666666666664,34.333333333333336,20.583333333333336" SectionName="Segment1" ListOrder="1">
        <DataText>Date</DataText>
      </FormControl>
      <FormControl Name="OrderNumber" ControlType="TextBox" BoundIndexfield="OrderNumber" Rect="155,20,120,20" SectionName="Segment1" ListOrder="2" />
      <FormControl Name="FC4" ControlType="Label" BoundIndexfield="OrderNumber" Rect="155,-0.5833333333333357,92.523333333333341,20.583333333333336" SectionName="Segment1" ListOrder="2">
        <DataText>Order Number</DataText>
      </FormControl>
      <FormControl Name="Vendor" ControlType="TextBox" BoundIndexfield="Vendor" Rect="155,65,120,20" SectionName="Segment1" ListOrder="3" />
      <FormControl Name="FC5" ControlType="Label" BoundIndexfield="Vendor" Rect="155,44.416666666666664,48.24,20.583333333333336" SectionName="Segment1" ListOrder="3">
        <DataText>Vendor</DataText>
      </FormControl>
      <FormControl Name="Barcode" ControlType="TextBox" BoundIndexfield="Barcode" Rect="20,105,130,20" SectionName="Segment1" ListOrder="4" />
      <FormControl Name="FC6" ControlType="Label" BoundIndexfield="Barcode" Rect="20,84.416666666666657,54.716666666666669,20.583333333333336" SectionName="Segment1" ListOrder="4">
        <DataText>Barcode</DataText>
      </FormControl>
      <FormControl Name="Items_Position" ControlType="TextBox" BoundIndexfield="Items_Position" Rect="20,20,45,20" SectionName="Items" ListOrder="5" />
      <FormControl Name="FC8" ControlType="Label" BoundIndexfield="Items_Position" Rect="20,-0.5833333333333357,48.643333333333338,20.583333333333336" SectionName="Items" ListOrder="5">
        <DataText>Item #</DataText>
      </FormControl>
      <FormControl Name="Items_MaterialNumber" ControlType="TextBox" BoundIndexfield="Items_MaterialNumber" Rect="80,20,100,20" SectionName="Items" ListOrder="6" />
      <FormControl Name="FC9" ControlType="Label" BoundIndexfield="Items_MaterialNumber" Rect="80,-0.5833333333333357,68.153333333333336,20.583333333333336" SectionName="Items" ListOrder="6">
        <DataText>Material #</DataText>
      </FormControl>
      <FormControl Name="Items_Quantity" ControlType="TextBox" BoundIndexfield="Items_Quantity" Rect="195,20,65,20" SectionName="Items" ListOrder="7" />
      <FormControl Name="FC10" ControlType="Label" BoundIndexfield="Items_Quantity" Rect="195,-0.5833333333333357,57.63333333333334,20.583333333333336" SectionName="Items" ListOrder="7">
        <DataText>Quantity</DataText>
      </FormControl>
      <FormControl Name="Items_Unit" ControlType="TextBox" BoundIndexfield="Items_Unit" Rect="275,20,60,20" SectionName="Items" ListOrder="8" />
      <FormControl Name="FC11" ControlType="Label" BoundIndexfield="Items_Unit" Rect="275,-0.5833333333333357,30.400000000000002,20.583333333333336" SectionName="Items" ListOrder="8">
        <DataText>Unit</DataText>
      </FormControl>
      <FormControl Name="Items_Text" ControlType="TextBox" BoundIndexfield="Items_Text" Rect="350,20,230,20" SectionName="Items" ListOrder="9" />
      <FormControl Name="FC12" ControlType="Label" BoundIndexfield="Items_Text" Rect="350,-0.5833333333333357,84.056666666666672,20.583333333333336" SectionName="Items" ListOrder="9">
        <DataText>Full-row Text</DataText>
      </FormControl>
    </FormControlSet>
    <FormSectionSet>
      <FormSection Name="Segment1" LayoutType="Subform" Height="200" />
      <FormSection Name="Items" LayoutType="SubformArray" Height="115" />
    </FormSectionSet>
  </DataEntryForm>
  <ValidationRuleSet />
  <PopulationRuleSet />
  <PdfSettings EnabledPdfCache="false" OcrEngineList="" PdfRenderingResolution="300" />
  <ProjectType>IEE</ProjectType>
</Document>
</UIMDocRoot>
