<?xml version="1.0" encoding="UTF-8" standalone="yes" ?>
<UIMDocRoot checksum1="417251896303040385" >
<Document Name="IE_Incoming_Quotation" DocumentType="IE Incoming Quotation" Author="CLUND-WS19\Administrator" UpdatedUtc="2019-11-26T18:37:42Z" Project="InformationExtraction">
  <Fields _ID_="IndexFieldSet">
    <IndexField Name="RfqNumber" Index="0" Array="false" IndexLevel="1" ReadOnly="false" source="Input" ListOrder="0" LabelText="RFQ #">
      <FieldValidation IndexFieldType="String" Required="false">
        <ValidationExpression>\d{10}</ValidationExpression>
        <HighlightSuggestions>true</HighlightSuggestions>
      </FieldValidation>
      <StartSection _ID_="SectionDescriptor" Name="Segment1" LabelText="Segment1" StartScreen="true" />
      <ExtractFirstValue>true</ExtractFirstValue>
      <IsPopulationTrigger>false</IsPopulationTrigger>
      <OptionsPopulatedBy></OptionsPopulatedBy>
      <IsCalculationTarget>false</IsCalculationTarget>
      <IndexFieldSubtype>RegularExpression</IndexFieldSubtype>
    </IndexField>
    <IndexField Name="DocumentNumber" Index="1" Array="false" IndexLevel="1" ReadOnly="false" source="Input" ListOrder="1" LabelText="Quote #">
      <FieldValidation IndexFieldType="String" Required="false">
        <HighlightSuggestions>false</HighlightSuggestions>
      </FieldValidation>
      <ExtractFirstValue>true</ExtractFirstValue>
      <IsPopulationTrigger>false</IsPopulationTrigger>
      <OptionsPopulatedBy></OptionsPopulatedBy>
      <IsCalculationTarget>false</IsCalculationTarget>
      <IndexFieldSubtype>Pattern</IndexFieldSubtype>
    </IndexField>
    <IndexField Name="DocumentDate" IndexFieldType="DateTime" Index="2" Array="false" IndexLevel="1" ReadOnly="false" source="Input" ListOrder="2" LabelText="Quote Date">
      <FieldValidation IndexFieldType="DateTime" Required="false" ViewFormat="d">
        <HighlightSuggestions>true</HighlightSuggestions>
      </FieldValidation>
      <ExtractFirstValue>true</ExtractFirstValue>
      <IsPopulationTrigger>false</IsPopulationTrigger>
      <OptionsPopulatedBy></OptionsPopulatedBy>
      <IsCalculationTarget>false</IsCalculationTarget>
    </IndexField>
    <IndexField Name="ValidityEndDate" IndexFieldType="DateTime" Index="3" Array="false" IndexLevel="1" ReadOnly="false" source="Input" ListOrder="3" LabelText="Validity End Date">
      <FieldValidation IndexFieldType="DateTime" Required="false" ViewFormat="d">
        <HighlightSuggestions>true</HighlightSuggestions>
      </FieldValidation>
      <ExtractFirstValue>true</ExtractFirstValue>
      <IsPopulationTrigger>false</IsPopulationTrigger>
      <OptionsPopulatedBy></OptionsPopulatedBy>
      <IsCalculationTarget>false</IsCalculationTarget>
    </IndexField>
    <IndexField Name="Salesperson" Index="4" Array="false" IndexLevel="1" ReadOnly="false" source="Input" ListOrder="4" LabelText="Salesperson">
      <FieldValidation IndexFieldType="String" Required="false">
        <HighlightSuggestions>false</HighlightSuggestions>
      </FieldValidation>
      <ExtractFirstValue>true</ExtractFirstValue>
      <IsPopulationTrigger>false</IsPopulationTrigger>
      <OptionsPopulatedBy></OptionsPopulatedBy>
      <IsCalculationTarget>false</IsCalculationTarget>
    </IndexField>
    <IndexField Name="Telephone" Index="5" Array="false" IndexLevel="1" ReadOnly="false" source="Input" ListOrder="5" LabelText="Telephone">
      <FieldValidation IndexFieldType="String" Required="false">
        <ValidationExpression>\(?(\d{3})[).-]? ?(\d{3})[ .-]?(\d{4})</ValidationExpression>
        <FormattingExpression>(\1) \2-\3</FormattingExpression>
        <HighlightSuggestions>true</HighlightSuggestions>
      </FieldValidation>
      <ExtractFirstValue>true</ExtractFirstValue>
      <IsPopulationTrigger>false</IsPopulationTrigger>
      <OptionsPopulatedBy></OptionsPopulatedBy>
      <IsCalculationTarget>false</IsCalculationTarget>
      <IndexFieldSubtype>RegularExpression</IndexFieldSubtype>
    </IndexField>
    <IndexField Name="Items_Number" Index="6" Array="true" IndexLevel="1" ReadOnly="false" source="Input" ListOrder="6" LabelText="Item #">
      <FieldValidation IndexFieldType="String" Required="false" />
      <StartSection _ID_="SectionDescriptor" Name="Items" LabelText="Items" StartScreen="false" />
      <ExtractFirstValue>true</ExtractFirstValue>
      <IsPopulationTrigger>false</IsPopulationTrigger>
      <OptionsPopulatedBy></OptionsPopulatedBy>
      <IsCalculationTarget>false</IsCalculationTarget>
    </IndexField>
    <IndexField Name="Items_MaterialNumber" Index="7" Array="true" IndexLevel="1" ReadOnly="false" source="Input" ListOrder="7" LabelText="Material #">
      <FieldValidation IndexFieldType="String" Required="false" />
      <ExtractFirstValue>true</ExtractFirstValue>
      <IsPopulationTrigger>false</IsPopulationTrigger>
      <OptionsPopulatedBy></OptionsPopulatedBy>
      <IsCalculationTarget>false</IsCalculationTarget>
    </IndexField>
    <IndexField Name="Items_Text" Index="8" Array="true" IndexLevel="1" ReadOnly="false" source="Input" ListOrder="8" LabelText="Full-row Text">
      <FieldValidation IndexFieldType="String" Required="false" />
      <ExtractFirstValue>true</ExtractFirstValue>
      <IsPopulationTrigger>false</IsPopulationTrigger>
      <OptionsPopulatedBy></OptionsPopulatedBy>
      <IsCalculationTarget>false</IsCalculationTarget>
    </IndexField>
    <IndexField Name="Items_DeliveryDate" IndexFieldType="DateTime" Index="9" Array="true" IndexLevel="1" ReadOnly="false" source="Input" ListOrder="9" LabelText="Delivery Date">
      <FieldValidation IndexFieldType="DateTime" Required="false" ViewFormat="d" />
      <ExtractFirstValue>true</ExtractFirstValue>
      <IsPopulationTrigger>false</IsPopulationTrigger>
      <OptionsPopulatedBy></OptionsPopulatedBy>
      <IsCalculationTarget>false</IsCalculationTarget>
    </IndexField>
    <IndexField Name="Items_Quantity" IndexFieldType="Number" Index="10" Array="true" IndexLevel="1" ReadOnly="false" source="Input" ListOrder="10" LabelText="Quantity">
      <FieldValidation IndexFieldType="Number" Required="false" />
      <ExtractFirstValue>true</ExtractFirstValue>
      <IsPopulationTrigger>false</IsPopulationTrigger>
      <OptionsPopulatedBy></OptionsPopulatedBy>
      <IsCalculationTarget>false</IsCalculationTarget>
      <IndexFieldSubtype>Decimal</IndexFieldSubtype>
    </IndexField>
    <IndexField Name="Items_Unit" Index="11" Array="true" IndexLevel="1" ReadOnly="false" source="Input" ListOrder="11" LabelText="UOM">
      <FieldValidation IndexFieldType="String" Required="false" />
      <ExtractFirstValue>true</ExtractFirstValue>
      <IsPopulationTrigger>false</IsPopulationTrigger>
      <OptionsPopulatedBy></OptionsPopulatedBy>
      <IsCalculationTarget>false</IsCalculationTarget>
    </IndexField>
    <IndexField Name="Items_UnitPrice" IndexFieldType="Number" Index="12" Array="true" IndexLevel="1" ReadOnly="false" source="Input" ListOrder="12" LabelText="Price">
      <FieldValidation IndexFieldType="Number" Required="false" ViewFormat="n">
        <DigitsAfterDecimal>Two</DigitsAfterDecimal>
      </FieldValidation>
      <ExtractFirstValue>true</ExtractFirstValue>
      <IsPopulationTrigger>false</IsPopulationTrigger>
      <OptionsPopulatedBy></OptionsPopulatedBy>
      <IsCalculationTarget>false</IsCalculationTarget>
      <IndexFieldSubtype>Decimal</IndexFieldSubtype>
    </IndexField>
    <IndexField Name="Items_Amount" IndexFieldType="Number" Index="13" Array="true" IndexLevel="1" ReadOnly="false" source="Input" ListOrder="13" LabelText="Amount">
      <FieldValidation IndexFieldType="Number" Required="false" ViewFormat="n">
        <DigitsAfterDecimal>Two</DigitsAfterDecimal>
      </FieldValidation>
      <ExtractFirstValue>true</ExtractFirstValue>
      <IsPopulationTrigger>false</IsPopulationTrigger>
      <OptionsPopulatedBy></OptionsPopulatedBy>
      <IsCalculationTarget>false</IsCalculationTarget>
      <IndexFieldSubtype>Decimal</IndexFieldSubtype>
    </IndexField>
    <IndexField Name="NetAmount_Amount" IndexFieldType="Number" Index="14" Array="false" IndexLevel="1" ReadOnly="false" source="Input" ListOrder="14" LabelText="Total">
      <FieldValidation IndexFieldType="Number" Required="false" ViewFormat="n">
        <DigitsAfterDecimal>Two</DigitsAfterDecimal>
        <HighlightSuggestions>true</HighlightSuggestions>
      </FieldValidation>
      <StartSection _ID_="SectionDescriptor" Name="Section1" LabelText="Segment1" StartScreen="false" />
      <ExtractFirstValue>true</ExtractFirstValue>
      <IsPopulationTrigger>false</IsPopulationTrigger>
      <OptionsPopulatedBy></OptionsPopulatedBy>
      <IsCalculationTarget>false</IsCalculationTarget>
      <IndexFieldSubtype>Decimal</IndexFieldSubtype>
    </IndexField>
    <IndexField Name="DocumentCurrency" Index="15" Array="false" IndexLevel="1" ReadOnly="false" source="Input" ListOrder="15" LabelText="Currency">
      <FieldValidation IndexFieldType="String" Required="false">
        <HighlightSuggestions>false</HighlightSuggestions>
      </FieldValidation>
      <ExtractFirstValue>true</ExtractFirstValue>
      <IsPopulationTrigger>false</IsPopulationTrigger>
      <OptionsPopulatedBy></OptionsPopulatedBy>
      <IsCalculationTarget>false</IsCalculationTarget>
    </IndexField>
  </Fields>
  <DataEntryForm>
    <FormControlSet>
      <FormControl Name="RfqNumber" ControlType="TextBox" BoundIndexfield="RfqNumber" Rect="20,20,150,20" SectionName="Segment1" ListOrder="0" />
      <FormControl Name="FC2" ControlType="Label" BoundIndexfield="RfqNumber" Rect="20,-0.5833333333333357,44.726666666666667,20.583333333333336" SectionName="Segment1" ListOrder="0">
        <DataText>RFQ #</DataText>
      </FormControl>
      <FormControl Name="DocumentNumber" ControlType="TextBox" BoundIndexfield="DocumentNumber" Rect="20,60,150,20" SectionName="Segment1" ListOrder="1" />
      <FormControl Name="FC3" ControlType="Label" BoundIndexfield="DocumentNumber" Rect="20,39.416666666666664,56.243333333333339,20.583333333333336" SectionName="Segment1" ListOrder="1">
        <DataText>Quote #</DataText>
      </FormControl>
      <FormControl Name="DocumentDate" ControlType="TextBox" BoundIndexfield="DocumentDate" Rect="20,100,150,20" SectionName="Segment1" ListOrder="2" />
      <FormControl Name="FC4" ControlType="Label" BoundIndexfield="DocumentDate" Rect="20,79.416666666666657,74.756666666666675,20.583333333333336" SectionName="Segment1" ListOrder="2">
        <DataText>Quote Date</DataText>
      </FormControl>
      <FormControl Name="ValidityEndDate" ControlType="TextBox" BoundIndexfield="ValidityEndDate" Rect="20,140,150,20" SectionName="Segment1" ListOrder="3" />
      <FormControl Name="FC5" ControlType="Label" BoundIndexfield="ValidityEndDate" Rect="20,119.41666666666666,109.38000000000001,20.583333333333336" SectionName="Segment1" ListOrder="3">
        <DataText>Validity End Date</DataText>
      </FormControl>
      <FormControl Name="Salesperson" ControlType="TextBox" BoundIndexfield="Salesperson" Rect="210,20,150,20" SectionName="Segment1" ListOrder="4" />
      <FormControl Name="FC8" ControlType="Label" BoundIndexfield="Salesperson" Rect="210,-0.5833333333333357,78.983333333333334,20.583333333333336" SectionName="Segment1" ListOrder="4">
        <DataText>Salesperson</DataText>
      </FormControl>
      <FormControl Name="Telephone" ControlType="TextBox" BoundIndexfield="Telephone" Rect="210,60,150,20" SectionName="Segment1" ListOrder="5" />
      <FormControl Name="FC9" ControlType="Label" BoundIndexfield="Telephone" Rect="210,39.416666666666664,66.796666666666681,20.583333333333336" SectionName="Segment1" ListOrder="5">
        <DataText>Telephone</DataText>
      </FormControl>
      <FormControl Name="Items_Number" ControlType="TextBox" BoundIndexfield="Items_Number" Rect="20,20,60,20" SectionName="Items" ListOrder="6" />
      <FormControl Name="FC11" ControlType="Label" BoundIndexfield="Items_Number" Rect="20,-0.5833333333333357,48.643333333333338,20.583333333333336" SectionName="Items" ListOrder="6">
        <DataText>Item #</DataText>
      </FormControl>
      <FormControl Name="Items_MaterialNumber" ControlType="TextBox" BoundIndexfield="Items_MaterialNumber" Rect="90,20,110,20" SectionName="Items" ListOrder="7" />
      <FormControl Name="FC12" ControlType="Label" BoundIndexfield="Items_MaterialNumber" Rect="90,-0.5833333333333357,68.153333333333336,20.583333333333336" SectionName="Items" ListOrder="7">
        <DataText>Material #</DataText>
      </FormControl>
      <FormControl Name="Items_Text" ControlType="TextBox" BoundIndexfield="Items_Text" Rect="210,20,235,20" SectionName="Items" ListOrder="8" />
      <FormControl Name="FC18" ControlType="Label" BoundIndexfield="Items_Text" Rect="210,-0.5833333333333357,84.056666666666672,20.583333333333336" SectionName="Items" ListOrder="8">
        <DataText>Full-row Text</DataText>
      </FormControl>
      <FormControl Name="Items_DeliveryDate" ControlType="TextBox" BoundIndexfield="Items_DeliveryDate" Rect="455,20,100,20" SectionName="Items" ListOrder="9" />
      <FormControl Name="FC13" ControlType="Label" BoundIndexfield="Items_DeliveryDate" Rect="455,-0.5833333333333357,87.903333333333336,20.583333333333336" SectionName="Items" ListOrder="9">
        <DataText>Delivery Date</DataText>
      </FormControl>
      <FormControl Name="Items_Quantity" ControlType="TextBox" BoundIndexfield="Items_Quantity" Rect="565,20,70,20" SectionName="Items" ListOrder="10" />
      <FormControl Name="FC14" ControlType="Label" BoundIndexfield="Items_Quantity" Rect="565,-0.5833333333333357,57.63333333333334,20.583333333333336" SectionName="Items" ListOrder="10">
        <DataText>Quantity</DataText>
      </FormControl>
      <FormControl Name="Items_Unit" ControlType="TextBox" BoundIndexfield="Items_Unit" Rect="645,20,50,20" SectionName="Items" ListOrder="11" />
      <FormControl Name="FC15" ControlType="Label" BoundIndexfield="Items_Unit" Rect="645,-0.5833333333333357,34.343333333333334,20.583333333333336" SectionName="Items" ListOrder="11">
        <DataText>UOM</DataText>
      </FormControl>
      <FormControl Name="Items_UnitPrice" ControlType="TextBox" BoundIndexfield="Items_UnitPrice" Rect="705,20,70,20" SectionName="Items" ListOrder="12" />
      <FormControl Name="FC16" ControlType="Label" BoundIndexfield="Items_UnitPrice" Rect="705,-0.5833333333333357,35.053333333333335,20.583333333333336" SectionName="Items" ListOrder="12">
        <DataText>Price</DataText>
      </FormControl>
      <FormControl Name="Items_Amount" ControlType="TextBox" BoundIndexfield="Items_Amount" Rect="785,20,70,20" SectionName="Items" ListOrder="13" />
      <FormControl Name="FC17" ControlType="Label" BoundIndexfield="Items_Amount" Rect="785,-0.5833333333333357,53.076666666666668,20.583333333333336" SectionName="Items" ListOrder="13">
        <DataText>Amount</DataText>
      </FormControl>
      <FormControl Name="NetAmount_Amount" ControlType="TextBox" BoundIndexfield="NetAmount_Amount" Rect="20,20,100,20" SectionName="Section1" ListOrder="14" />
      <FormControl Name="FC7" ControlType="Label" BoundIndexfield="NetAmount_Amount" Rect="20,-0.5833333333333357,34.620000000000005,20.583333333333336" SectionName="Section1" ListOrder="14">
        <DataText>Total</DataText>
      </FormControl>
      <FormControl Name="DocumentCurrency" ControlType="TextBox" BoundIndexfield="DocumentCurrency" Rect="125,20,100,20" SectionName="Section1" ListOrder="15" />
      <FormControl Name="FC6" ControlType="Label" BoundIndexfield="DocumentCurrency" Rect="125,-0.5833333333333357,60.31,20.583333333333336" SectionName="Section1" ListOrder="15">
        <DataText>Currency</DataText>
      </FormControl>
    </FormControlSet>
    <FormSectionSet>
      <FormSection Name="Segment1" LayoutType="Subform" Height="235" />
      <FormSection Name="Items" LayoutType="SubformArray" Height="115" />
      <FormSection Name="Section1" LayoutType="Subform" Height="115" />
    </FormSectionSet>
  </DataEntryForm>
  <ValidationRuleSet />
  <PopulationRuleSet />
  <PdfSettings EnabledPdfCache="false" OcrEngineList="" PdfRenderingResolution="300" />
  <ProjectType>IEE</ProjectType>
</Document>
</UIMDocRoot>
