<?xml version="1.0" encoding="UTF-8" standalone="yes" ?>
<UIMDocRoot checksum1="519615212282753609" >
<Document Name="IE_Invoice" DocumentType="IE Invoice" Author="CLUND-WS19\Administrator" UpdatedUtc="2019-11-26T18:36:54Z" Project="InformationExtraction">
  <Fields _ID_="IndexFieldSet">
    <IndexField Name="TaxInvoice" Index="0" Array="false" IndexLevel="1" ReadOnly="false" source="Input" ListOrder="0" LabelText="TaxInvoice">
      <FieldValidation IndexFieldType="String" Required="false">
        <HighlightSuggestions>false</HighlightSuggestions>
      </FieldValidation>
      <StartSection _ID_="SectionDescriptor" Name="Segment1" LabelText="Segment1" StartScreen="true" />
      <ExtractFirstValue>true</ExtractFirstValue>
      <IsPopulationTrigger>false</IsPopulationTrigger>
      <OptionsPopulatedBy></OptionsPopulatedBy>
      <IsCalculationTarget>false</IsCalculationTarget>
    </IndexField>
    <IndexField Name="InvoiceNumber" Index="1" Array="false" IndexLevel="1" ReadOnly="false" source="Input" ListOrder="1" LabelText="Invoice #">
      <FieldValidation IndexFieldType="String" Required="false">
        <HighlightSuggestions>false</HighlightSuggestions>
      </FieldValidation>
      <ExtractFirstValue>true</ExtractFirstValue>
      <IsPopulationTrigger>false</IsPopulationTrigger>
      <OptionsPopulatedBy></OptionsPopulatedBy>
      <IsCalculationTarget>false</IsCalculationTarget>
    </IndexField>
    <IndexField Name="InvoiceDate" IndexFieldType="DateTime" Index="2" Array="false" IndexLevel="1" ReadOnly="false" source="Input" ListOrder="2" LabelText="Invoice Date">
      <FieldValidation IndexFieldType="DateTime" Required="false" ViewFormat="d">
        <HighlightSuggestions>true</HighlightSuggestions>
      </FieldValidation>
      <ExtractFirstValue>true</ExtractFirstValue>
      <IsPopulationTrigger>false</IsPopulationTrigger>
      <OptionsPopulatedBy></OptionsPopulatedBy>
      <IsCalculationTarget>false</IsCalculationTarget>
    </IndexField>
    <IndexField Name="InvoiceDeliveryDate" IndexFieldType="DateTime" Index="3" Array="false" IndexLevel="1" ReadOnly="false" source="Input" ListOrder="3" LabelText="Delivery Date">
      <FieldValidation IndexFieldType="DateTime" Required="false" ViewFormat="d">
        <HighlightSuggestions>true</HighlightSuggestions>
      </FieldValidation>
      <ExtractFirstValue>true</ExtractFirstValue>
      <IsPopulationTrigger>false</IsPopulationTrigger>
      <OptionsPopulatedBy></OptionsPopulatedBy>
      <IsCalculationTarget>false</IsCalculationTarget>
    </IndexField>
    <IndexField Name="InvoiceDeliveryNote" Index="4" Array="false" IndexLevel="1" ReadOnly="false" source="Input" ListOrder="4" LabelText="InvoiceDeliveryNote">
      <FieldValidation IndexFieldType="String" Required="false">
        <HighlightSuggestions>false</HighlightSuggestions>
      </FieldValidation>
      <ExtractFirstValue>true</ExtractFirstValue>
      <IsPopulationTrigger>false</IsPopulationTrigger>
      <OptionsPopulatedBy></OptionsPopulatedBy>
      <IsCalculationTarget>false</IsCalculationTarget>
    </IndexField>
    <IndexField Name="InvoiceRequesterEmail" Index="5" Array="false" IndexLevel="1" ReadOnly="false" source="Input" ListOrder="5" LabelText="InvoiceRequesterEmail">
      <FieldValidation IndexFieldType="String" Required="false">
        <HighlightSuggestions>false</HighlightSuggestions>
      </FieldValidation>
      <ExtractFirstValue>true</ExtractFirstValue>
      <IsPopulationTrigger>false</IsPopulationTrigger>
      <OptionsPopulatedBy></OptionsPopulatedBy>
      <IsCalculationTarget>false</IsCalculationTarget>
    </IndexField>
    <IndexField Name="ESRNumber" Index="6" Array="false" IndexLevel="1" ReadOnly="false" source="Input" ListOrder="6" LabelText="ESRNumber">
      <FieldValidation IndexFieldType="String" Required="false">
        <HighlightSuggestions>false</HighlightSuggestions>
      </FieldValidation>
      <ExtractFirstValue>true</ExtractFirstValue>
      <IsPopulationTrigger>false</IsPopulationTrigger>
      <OptionsPopulatedBy></OptionsPopulatedBy>
      <IsCalculationTarget>false</IsCalculationTarget>
    </IndexField>
    <IndexField Name="KIDNumber" Index="7" Array="false" IndexLevel="1" ReadOnly="false" source="Input" ListOrder="7" LabelText="KIDNumber">
      <FieldValidation IndexFieldType="String" Required="false">
        <HighlightSuggestions>false</HighlightSuggestions>
      </FieldValidation>
      <ExtractFirstValue>true</ExtractFirstValue>
      <IsPopulationTrigger>false</IsPopulationTrigger>
      <OptionsPopulatedBy></OptionsPopulatedBy>
      <IsCalculationTarget>false</IsCalculationTarget>
    </IndexField>
    <IndexField Name="PONumber" Index="8" Array="false" IndexLevel="1" ReadOnly="false" source="Input" ListOrder="8" LabelText="PO Numbers">
      <FieldValidation IndexFieldType="String" Required="false">
        <HighlightSuggestions>false</HighlightSuggestions>
      </FieldValidation>
      <ExtractFirstValue>true</ExtractFirstValue>
      <IsPopulationTrigger>false</IsPopulationTrigger>
      <OptionsPopulatedBy></OptionsPopulatedBy>
      <IsCalculationTarget>false</IsCalculationTarget>
    </IndexField>
    <IndexField Name="DownPayment" Index="9" Array="false" IndexLevel="1" ReadOnly="false" source="Input" ListOrder="9" LabelText="DownPayment">
      <FieldValidation IndexFieldType="String" Required="false">
        <HighlightSuggestions>false</HighlightSuggestions>
      </FieldValidation>
      <ExtractFirstValue>true</ExtractFirstValue>
      <IsPopulationTrigger>false</IsPopulationTrigger>
      <OptionsPopulatedBy></OptionsPopulatedBy>
      <IsCalculationTarget>false</IsCalculationTarget>
    </IndexField>
    <IndexField Name="VendorTaxNumber" Index="10" Array="false" IndexLevel="1" ReadOnly="false" source="Input" ListOrder="10" LabelText="Vendor Tax ID">
      <FieldValidation IndexFieldType="String" Required="false">
        <HighlightSuggestions>false</HighlightSuggestions>
      </FieldValidation>
      <ExtractFirstValue>true</ExtractFirstValue>
      <IsPopulationTrigger>false</IsPopulationTrigger>
      <OptionsPopulatedBy></OptionsPopulatedBy>
      <IsCalculationTarget>false</IsCalculationTarget>
    </IndexField>
    <IndexField Name="Items_MaterialNumber" Index="11" Array="true" IndexLevel="1" ReadOnly="false" source="Input" ListOrder="11" LabelText="MaterialNumber">
      <FieldValidation IndexFieldType="String" Required="false" />
      <StartSection _ID_="SectionDescriptor" Name="Items" LabelText="Items" StartScreen="false" />
      <ExtractFirstValue>true</ExtractFirstValue>
      <IsPopulationTrigger>false</IsPopulationTrigger>
      <OptionsPopulatedBy></OptionsPopulatedBy>
      <IsCalculationTarget>false</IsCalculationTarget>
    </IndexField>
    <IndexField Name="Items_PONumber" Index="12" Array="true" IndexLevel="1" ReadOnly="false" source="Input" ListOrder="12" LabelText="PONumber">
      <FieldValidation IndexFieldType="String" Required="false" />
      <ExtractFirstValue>true</ExtractFirstValue>
      <IsPopulationTrigger>false</IsPopulationTrigger>
      <OptionsPopulatedBy></OptionsPopulatedBy>
      <IsCalculationTarget>false</IsCalculationTarget>
    </IndexField>
    <IndexField Name="Items_Text" Index="13" Array="true" IndexLevel="1" ReadOnly="false" source="Input" ListOrder="13" LabelText="Full-row Text">
      <FieldValidation IndexFieldType="String" Required="false" />
      <ExtractFirstValue>true</ExtractFirstValue>
      <IsPopulationTrigger>false</IsPopulationTrigger>
      <OptionsPopulatedBy></OptionsPopulatedBy>
      <IsCalculationTarget>false</IsCalculationTarget>
    </IndexField>
    <IndexField Name="Items_Quantity" IndexFieldType="Number" Index="14" Array="true" IndexLevel="1" ReadOnly="false" source="Input" ListOrder="14" LabelText="Quantity">
      <FieldValidation IndexFieldType="Number" Required="false" />
      <ExtractFirstValue>true</ExtractFirstValue>
      <IsPopulationTrigger>false</IsPopulationTrigger>
      <OptionsPopulatedBy></OptionsPopulatedBy>
      <IsCalculationTarget>false</IsCalculationTarget>
      <IndexFieldSubtype>Decimal</IndexFieldSubtype>
    </IndexField>
    <IndexField Name="Items_Unit" Index="15" Array="true" IndexLevel="1" ReadOnly="false" source="Input" ListOrder="15" LabelText="Unit of Measure">
      <FieldValidation IndexFieldType="String" Required="false" />
      <ExtractFirstValue>true</ExtractFirstValue>
      <IsPopulationTrigger>false</IsPopulationTrigger>
      <OptionsPopulatedBy></OptionsPopulatedBy>
      <IsCalculationTarget>false</IsCalculationTarget>
    </IndexField>
    <IndexField Name="Items_UnitPrice" IndexFieldType="Number" Index="16" Array="true" IndexLevel="1" ReadOnly="false" source="Input" ListOrder="16" LabelText="Price">
      <FieldValidation IndexFieldType="Number" Required="false" ViewFormat="n">
        <DigitsAfterDecimal>Two</DigitsAfterDecimal>
      </FieldValidation>
      <ExtractFirstValue>true</ExtractFirstValue>
      <IsPopulationTrigger>false</IsPopulationTrigger>
      <OptionsPopulatedBy></OptionsPopulatedBy>
      <IsCalculationTarget>false</IsCalculationTarget>
      <IndexFieldSubtype>Decimal</IndexFieldSubtype>
    </IndexField>
    <IndexField Name="Items_VatRate" IndexFieldType="Number" Index="17" Array="true" IndexLevel="1" ReadOnly="false" source="Input" ListOrder="17" LabelText="VatRate">
      <FieldValidation IndexFieldType="Number" Required="false" />
      <ExtractFirstValue>true</ExtractFirstValue>
      <IsPopulationTrigger>false</IsPopulationTrigger>
      <OptionsPopulatedBy></OptionsPopulatedBy>
      <IsCalculationTarget>false</IsCalculationTarget>
      <IndexFieldSubtype>Decimal</IndexFieldSubtype>
    </IndexField>
    <IndexField Name="Items_VatAmount" IndexFieldType="Number" Index="18" Array="true" IndexLevel="1" ReadOnly="false" source="Input" ListOrder="18" LabelText="Tax">
      <FieldValidation IndexFieldType="Number" Required="false" ViewFormat="n">
        <DigitsAfterDecimal>Two</DigitsAfterDecimal>
      </FieldValidation>
      <ExtractFirstValue>true</ExtractFirstValue>
      <IsPopulationTrigger>false</IsPopulationTrigger>
      <OptionsPopulatedBy></OptionsPopulatedBy>
      <IsCalculationTarget>false</IsCalculationTarget>
      <IndexFieldSubtype>Decimal</IndexFieldSubtype>
    </IndexField>
    <IndexField Name="Items_CA_GST_Rate" IndexFieldType="Number" Index="19" Array="true" IndexLevel="1" ReadOnly="false" source="Input" ListOrder="19" LabelText="CA_GST_Rate">
      <FieldValidation IndexFieldType="Number" Required="false" />
      <ExtractFirstValue>true</ExtractFirstValue>
      <IsPopulationTrigger>false</IsPopulationTrigger>
      <OptionsPopulatedBy></OptionsPopulatedBy>
      <IsCalculationTarget>false</IsCalculationTarget>
      <IndexFieldSubtype>Decimal</IndexFieldSubtype>
    </IndexField>
    <IndexField Name="Items_CA_GST" IndexFieldType="Number" Index="20" Array="true" IndexLevel="1" ReadOnly="false" source="Input" ListOrder="20" LabelText="CA_GST">
      <FieldValidation IndexFieldType="Number" Required="false" />
      <ExtractFirstValue>true</ExtractFirstValue>
      <IsPopulationTrigger>false</IsPopulationTrigger>
      <OptionsPopulatedBy></OptionsPopulatedBy>
      <IsCalculationTarget>false</IsCalculationTarget>
      <IndexFieldSubtype>Decimal</IndexFieldSubtype>
    </IndexField>
    <IndexField Name="Items_CA_PST_Rate" IndexFieldType="Number" Index="21" Array="true" IndexLevel="1" ReadOnly="false" source="Input" ListOrder="21" LabelText="CA_PST_Rate">
      <FieldValidation IndexFieldType="Number" Required="false" />
      <ExtractFirstValue>true</ExtractFirstValue>
      <IsPopulationTrigger>false</IsPopulationTrigger>
      <OptionsPopulatedBy></OptionsPopulatedBy>
      <IsCalculationTarget>false</IsCalculationTarget>
      <IndexFieldSubtype>Decimal</IndexFieldSubtype>
    </IndexField>
    <IndexField Name="Items_CA_PST" IndexFieldType="Number" Index="22" Array="true" IndexLevel="1" ReadOnly="false" source="Input" ListOrder="22" LabelText="CA_PST">
      <FieldValidation IndexFieldType="Number" Required="false" />
      <ExtractFirstValue>true</ExtractFirstValue>
      <IsPopulationTrigger>false</IsPopulationTrigger>
      <OptionsPopulatedBy></OptionsPopulatedBy>
      <IsCalculationTarget>false</IsCalculationTarget>
      <IndexFieldSubtype>Decimal</IndexFieldSubtype>
    </IndexField>
    <IndexField Name="Items_CA_HST_Rate" IndexFieldType="Number" Index="23" Array="true" IndexLevel="1" ReadOnly="false" source="Input" ListOrder="23" LabelText="CA_HST_Rate">
      <FieldValidation IndexFieldType="Number" Required="false" />
      <ExtractFirstValue>true</ExtractFirstValue>
      <IsPopulationTrigger>false</IsPopulationTrigger>
      <OptionsPopulatedBy></OptionsPopulatedBy>
      <IsCalculationTarget>false</IsCalculationTarget>
      <IndexFieldSubtype>Decimal</IndexFieldSubtype>
    </IndexField>
    <IndexField Name="Items_CA_HST" IndexFieldType="Number" Index="24" Array="true" IndexLevel="1" ReadOnly="false" source="Input" ListOrder="24" LabelText="CA_HST">
      <FieldValidation IndexFieldType="Number" Required="false" />
      <ExtractFirstValue>true</ExtractFirstValue>
      <IsPopulationTrigger>false</IsPopulationTrigger>
      <OptionsPopulatedBy></OptionsPopulatedBy>
      <IsCalculationTarget>false</IsCalculationTarget>
      <IndexFieldSubtype>Decimal</IndexFieldSubtype>
    </IndexField>
    <IndexField Name="Items_IN_CGST_Rate" IndexFieldType="Number" Index="25" Array="true" IndexLevel="1" ReadOnly="false" source="Input" ListOrder="25" LabelText="IN_CGST_Rate">
      <FieldValidation IndexFieldType="Number" Required="false" />
      <ExtractFirstValue>true</ExtractFirstValue>
      <IsPopulationTrigger>false</IsPopulationTrigger>
      <OptionsPopulatedBy></OptionsPopulatedBy>
      <IsCalculationTarget>false</IsCalculationTarget>
      <IndexFieldSubtype>Decimal</IndexFieldSubtype>
    </IndexField>
    <IndexField Name="Items_IN_CGST" IndexFieldType="Number" Index="26" Array="true" IndexLevel="1" ReadOnly="false" source="Input" ListOrder="26" LabelText="IN_CGST">
      <FieldValidation IndexFieldType="Number" Required="false" />
      <ExtractFirstValue>true</ExtractFirstValue>
      <IsPopulationTrigger>false</IsPopulationTrigger>
      <OptionsPopulatedBy></OptionsPopulatedBy>
      <IsCalculationTarget>false</IsCalculationTarget>
      <IndexFieldSubtype>Decimal</IndexFieldSubtype>
    </IndexField>
    <IndexField Name="Items_IN_IGST_Rate" IndexFieldType="Number" Index="27" Array="true" IndexLevel="1" ReadOnly="false" source="Input" ListOrder="27" LabelText="IN_IGST_Rate">
      <FieldValidation IndexFieldType="Number" Required="false" />
      <ExtractFirstValue>true</ExtractFirstValue>
      <IsPopulationTrigger>false</IsPopulationTrigger>
      <OptionsPopulatedBy></OptionsPopulatedBy>
      <IsCalculationTarget>false</IsCalculationTarget>
      <IndexFieldSubtype>Decimal</IndexFieldSubtype>
    </IndexField>
    <IndexField Name="Items_IN_IGST" IndexFieldType="Number" Index="28" Array="true" IndexLevel="1" ReadOnly="false" source="Input" ListOrder="28" LabelText="IN_IGST">
      <FieldValidation IndexFieldType="Number" Required="false" />
      <ExtractFirstValue>true</ExtractFirstValue>
      <IsPopulationTrigger>false</IsPopulationTrigger>
      <OptionsPopulatedBy></OptionsPopulatedBy>
      <IsCalculationTarget>false</IsCalculationTarget>
      <IndexFieldSubtype>Decimal</IndexFieldSubtype>
    </IndexField>
    <IndexField Name="Items_IN_SGST_Rate" IndexFieldType="Number" Index="29" Array="true" IndexLevel="1" ReadOnly="false" source="Input" ListOrder="29" LabelText="IN_SGST_Rate">
      <FieldValidation IndexFieldType="Number" Required="false" />
      <ExtractFirstValue>true</ExtractFirstValue>
      <IsPopulationTrigger>false</IsPopulationTrigger>
      <OptionsPopulatedBy></OptionsPopulatedBy>
      <IsCalculationTarget>false</IsCalculationTarget>
      <IndexFieldSubtype>Decimal</IndexFieldSubtype>
    </IndexField>
    <IndexField Name="Items_IN_SGST" IndexFieldType="Number" Index="30" Array="true" IndexLevel="1" ReadOnly="false" source="Input" ListOrder="30" LabelText="IN_SGST">
      <FieldValidation IndexFieldType="Number" Required="false" />
      <ExtractFirstValue>true</ExtractFirstValue>
      <IsPopulationTrigger>false</IsPopulationTrigger>
      <OptionsPopulatedBy></OptionsPopulatedBy>
      <IsCalculationTarget>false</IsCalculationTarget>
      <IndexFieldSubtype>Decimal</IndexFieldSubtype>
    </IndexField>
    <IndexField Name="Items_Amount" IndexFieldType="Number" Index="31" Array="true" IndexLevel="1" ReadOnly="false" source="Input" ListOrder="31" LabelText="Amount">
      <FieldValidation IndexFieldType="Number" Required="false" ViewFormat="n">
        <DigitsAfterDecimal>Two</DigitsAfterDecimal>
      </FieldValidation>
      <ExtractFirstValue>true</ExtractFirstValue>
      <IsPopulationTrigger>false</IsPopulationTrigger>
      <OptionsPopulatedBy></OptionsPopulatedBy>
      <IsCalculationTarget>false</IsCalculationTarget>
      <IndexFieldSubtype>Decimal</IndexFieldSubtype>
    </IndexField>
    <IndexField Name="Items_CarPlate" Index="32" Array="true" IndexLevel="1" ReadOnly="false" source="Input" ListOrder="32" LabelText="CarPlate">
      <FieldValidation IndexFieldType="String" Required="false" />
      <ExtractFirstValue>true</ExtractFirstValue>
      <IsPopulationTrigger>false</IsPopulationTrigger>
      <OptionsPopulatedBy></OptionsPopulatedBy>
      <IsCalculationTarget>false</IsCalculationTarget>
    </IndexField>
    <IndexField Name="Items_DriverName" Index="33" Array="true" IndexLevel="1" ReadOnly="false" source="Input" ListOrder="33" LabelText="DriverName">
      <FieldValidation IndexFieldType="String" Required="false" />
      <ExtractFirstValue>true</ExtractFirstValue>
      <IsPopulationTrigger>false</IsPopulationTrigger>
      <OptionsPopulatedBy></OptionsPopulatedBy>
      <IsCalculationTarget>false</IsCalculationTarget>
    </IndexField>
    <IndexField Name="Items_LeasingContractNumber" Index="34" Array="true" IndexLevel="1" ReadOnly="false" source="Input" ListOrder="34" LabelText="LeasingContractNumber">
      <FieldValidation IndexFieldType="String" Required="false" />
      <ExtractFirstValue>true</ExtractFirstValue>
      <IsPopulationTrigger>false</IsPopulationTrigger>
      <OptionsPopulatedBy></OptionsPopulatedBy>
      <IsCalculationTarget>false</IsCalculationTarget>
    </IndexField>
    <IndexField Name="InvoiceAmountBlock_Net_Amount" IndexFieldType="Number" Index="35" Array="false" IndexLevel="1" ReadOnly="false" source="Input" ListOrder="35" LabelText="Subtotal">
      <FieldValidation IndexFieldType="Number" Required="false" ViewFormat="n">
        <DigitsAfterDecimal>Two</DigitsAfterDecimal>
      </FieldValidation>
      <StartSection _ID_="SectionDescriptor" Name="Section3" LabelText="Segment1" StartScreen="false" />
      <ExtractFirstValue>true</ExtractFirstValue>
      <IsPopulationTrigger>false</IsPopulationTrigger>
      <OptionsPopulatedBy></OptionsPopulatedBy>
      <IsCalculationTarget>false</IsCalculationTarget>
      <IndexFieldSubtype>Decimal</IndexFieldSubtype>
    </IndexField>
    <IndexField Name="InvoiceAmountBlock_Total_Amount" IndexFieldType="Number" Index="36" Array="false" IndexLevel="1" ReadOnly="false" source="Input" ListOrder="36" LabelText="Total">
      <FieldValidation IndexFieldType="Number" Required="false" ViewFormat="n">
        <DigitsAfterDecimal>Two</DigitsAfterDecimal>
      </FieldValidation>
      <ExtractFirstValue>true</ExtractFirstValue>
      <IsPopulationTrigger>false</IsPopulationTrigger>
      <OptionsPopulatedBy></OptionsPopulatedBy>
      <IsCalculationTarget>false</IsCalculationTarget>
      <IndexFieldSubtype>Decimal</IndexFieldSubtype>
    </IndexField>
    <IndexField Name="InvoiceAmountBlock_DocumentCurrency" Index="37" Array="false" IndexLevel="1" ReadOnly="false" source="Input" ListOrder="37" LabelText="Currency">
      <FieldValidation IndexFieldType="String" Required="false">
        <HighlightSuggestions>false</HighlightSuggestions>
      </FieldValidation>
      <ExtractFirstValue>true</ExtractFirstValue>
      <IsPopulationTrigger>false</IsPopulationTrigger>
      <OptionsPopulatedBy></OptionsPopulatedBy>
      <IsCalculationTarget>false</IsCalculationTarget>
    </IndexField>
    <IndexField Name="InvoiceAmountBlock_TaxBlocks_VatCategory" Index="38" Array="true" IndexLevel="1" ReadOnly="false" source="Input" ListOrder="38" LabelText="Tax Category">
      <FieldValidation IndexFieldType="String" Required="false" />
      <StartSection _ID_="SectionDescriptor" Name="InvoiceAmountBlock_TaxBlocks" LabelText="InvoiceAmountBlock_TaxBlocks" StartScreen="false" />
      <ExtractFirstValue>true</ExtractFirstValue>
      <IsPopulationTrigger>false</IsPopulationTrigger>
      <OptionsPopulatedBy></OptionsPopulatedBy>
      <IsCalculationTarget>false</IsCalculationTarget>
    </IndexField>
    <IndexField Name="InvoiceAmountBlock_TaxBlocks_VatRate" IndexFieldType="Number" Index="39" Array="true" IndexLevel="1" ReadOnly="false" source="Input" ListOrder="39" LabelText="Tax Rate">
      <FieldValidation IndexFieldType="Number" Required="false">
        <DigitsAfterDecimal>Any</DigitsAfterDecimal>
      </FieldValidation>
      <ExtractFirstValue>true</ExtractFirstValue>
      <IsPopulationTrigger>false</IsPopulationTrigger>
      <OptionsPopulatedBy></OptionsPopulatedBy>
      <IsCalculationTarget>false</IsCalculationTarget>
      <IndexFieldSubtype>Decimal</IndexFieldSubtype>
    </IndexField>
    <IndexField Name="InvoiceAmountBlock_TaxBlocks_Net_Amount" IndexFieldType="Number" Index="40" Array="true" IndexLevel="1" ReadOnly="false" source="Input" ListOrder="40" LabelText="Subtotal">
      <FieldValidation IndexFieldType="Number" Required="false" ViewFormat="n">
        <DigitsAfterDecimal>Two</DigitsAfterDecimal>
      </FieldValidation>
      <ExtractFirstValue>true</ExtractFirstValue>
      <IsPopulationTrigger>false</IsPopulationTrigger>
      <OptionsPopulatedBy></OptionsPopulatedBy>
      <IsCalculationTarget>false</IsCalculationTarget>
      <IndexFieldSubtype>Decimal</IndexFieldSubtype>
    </IndexField>
    <IndexField Name="InvoiceAmountBlock_TaxBlocks_Vat_Amount" IndexFieldType="Number" Index="41" Array="true" IndexLevel="1" ReadOnly="false" source="Input" ListOrder="41" LabelText="Tax">
      <FieldValidation IndexFieldType="Number" Required="false" ViewFormat="n">
        <DigitsAfterDecimal>Two</DigitsAfterDecimal>
      </FieldValidation>
      <ExtractFirstValue>true</ExtractFirstValue>
      <IsPopulationTrigger>false</IsPopulationTrigger>
      <OptionsPopulatedBy></OptionsPopulatedBy>
      <IsCalculationTarget>false</IsCalculationTarget>
      <IndexFieldSubtype>Decimal</IndexFieldSubtype>
    </IndexField>
    <IndexField Name="InvoiceAmountBlock_TaxBlocks_Total_Amount" IndexFieldType="Number" Index="42" Array="true" IndexLevel="1" ReadOnly="false" source="Input" ListOrder="42" LabelText="Total With Tax">
      <FieldValidation IndexFieldType="Number" Required="false" ViewFormat="n">
        <DigitsAfterDecimal>Two</DigitsAfterDecimal>
      </FieldValidation>
      <ExtractFirstValue>true</ExtractFirstValue>
      <IsPopulationTrigger>false</IsPopulationTrigger>
      <OptionsPopulatedBy></OptionsPopulatedBy>
      <IsCalculationTarget>false</IsCalculationTarget>
      <IndexFieldSubtype>Decimal</IndexFieldSubtype>
    </IndexField>
    <IndexField Name="SwissQRCode_BillInformation" Index="43" Array="false" IndexLevel="1" ReadOnly="false" source="Input" ListOrder="43" LabelText="SwissQRCode_BillInformation">
      <FieldValidation IndexFieldType="String" Required="false">
        <HighlightSuggestions>false</HighlightSuggestions>
      </FieldValidation>
      <StartSection _ID_="SectionDescriptor" Name="Section1" LabelText="Section1" StartScreen="false" />
      <ExtractFirstValue>true</ExtractFirstValue>
      <IsPopulationTrigger>false</IsPopulationTrigger>
      <OptionsPopulatedBy></OptionsPopulatedBy>
      <IsCalculationTarget>false</IsCalculationTarget>
    </IndexField>
    <IndexField Name="SwissQRCode_IBAN" Index="44" Array="false" IndexLevel="1" ReadOnly="false" source="Input" ListOrder="44" LabelText="SwissQRCode_IBAN">
      <FieldValidation IndexFieldType="String" Required="false">
        <HighlightSuggestions>false</HighlightSuggestions>
      </FieldValidation>
      <ExtractFirstValue>true</ExtractFirstValue>
      <IsPopulationTrigger>false</IsPopulationTrigger>
      <OptionsPopulatedBy></OptionsPopulatedBy>
      <IsCalculationTarget>false</IsCalculationTarget>
    </IndexField>
    <IndexField Name="SwissQRCode_Reference" Index="45" Array="false" IndexLevel="1" ReadOnly="false" source="Input" ListOrder="45" LabelText="SwissQRCode_Reference">
      <FieldValidation IndexFieldType="String" Required="false">
        <HighlightSuggestions>false</HighlightSuggestions>
      </FieldValidation>
      <ExtractFirstValue>true</ExtractFirstValue>
      <IsPopulationTrigger>false</IsPopulationTrigger>
      <OptionsPopulatedBy></OptionsPopulatedBy>
      <IsCalculationTarget>false</IsCalculationTarget>
    </IndexField>
    <IndexField Name="LeasingClassification" Index="46" Array="false" IndexLevel="1" ReadOnly="false" source="Input" ListOrder="46" LabelText="LeasingClassification">
      <FieldValidation IndexFieldType="String" Required="false">
        <HighlightSuggestions>false</HighlightSuggestions>
      </FieldValidation>
      <ExtractFirstValue>true</ExtractFirstValue>
      <IsPopulationTrigger>false</IsPopulationTrigger>
      <OptionsPopulatedBy></OptionsPopulatedBy>
      <IsCalculationTarget>false</IsCalculationTarget>
    </IndexField>
    <IndexField Name="LeasingContractNumber" Index="47" Array="false" IndexLevel="1" ReadOnly="false" source="Input" ListOrder="47" LabelText="LeasingContractNumber">
      <FieldValidation IndexFieldType="String" Required="false">
        <HighlightSuggestions>false</HighlightSuggestions>
      </FieldValidation>
      <ExtractFirstValue>true</ExtractFirstValue>
      <IsPopulationTrigger>false</IsPopulationTrigger>
      <OptionsPopulatedBy></OptionsPopulatedBy>
      <IsCalculationTarget>false</IsCalculationTarget>
    </IndexField>
    <IndexField Name="InvoiceGstPartnerNumber" Index="48" Array="false" IndexLevel="1" ReadOnly="false" source="Input" ListOrder="48" LabelText="InvoiceGstPartnerNumber">
      <FieldValidation IndexFieldType="String" Required="false">
        <HighlightSuggestions>false</HighlightSuggestions>
      </FieldValidation>
      <ExtractFirstValue>true</ExtractFirstValue>
      <IsPopulationTrigger>false</IsPopulationTrigger>
      <OptionsPopulatedBy></OptionsPopulatedBy>
      <IsCalculationTarget>false</IsCalculationTarget>
    </IndexField>
    <IndexField Name="InvoicePlaceOfSupply" Index="49" Array="false" IndexLevel="1" ReadOnly="false" source="Input" ListOrder="49" LabelText="InvoicePlaceOfSupply">
      <FieldValidation IndexFieldType="String" Required="false">
        <HighlightSuggestions>false</HighlightSuggestions>
      </FieldValidation>
      <ExtractFirstValue>true</ExtractFirstValue>
      <IsPopulationTrigger>false</IsPopulationTrigger>
      <OptionsPopulatedBy></OptionsPopulatedBy>
      <IsCalculationTarget>false</IsCalculationTarget>
    </IndexField>
    <IndexField Name="InvoicePartners_CompanyCode" Index="50" Array="false" ReadOnly="false" source="Input" ListOrder="50" LabelText="InvoicePartners_CompanyCode">
      <FieldValidation IndexFieldType="String" Required="false" />
      <StartSection _ID_="SectionDescriptor" Name="Section2" LabelText="Section2" StartScreen="false" />
      <ExtractFirstValue>true</ExtractFirstValue>
      <IsPopulationTrigger>false</IsPopulationTrigger>
      <OptionsPopulatedBy></OptionsPopulatedBy>
      <IsCalculationTarget>false</IsCalculationTarget>
    </IndexField>
    <IndexField Name="InvoicePartners_Supplier" Index="51" Array="false" ReadOnly="false" source="Input" ListOrder="51" LabelText="InvoicePartners_Supplier">
      <FieldValidation IndexFieldType="String" Required="false" />
      <ExtractFirstValue>true</ExtractFirstValue>
      <IsPopulationTrigger>false</IsPopulationTrigger>
      <OptionsPopulatedBy></OptionsPopulatedBy>
      <IsCalculationTarget>false</IsCalculationTarget>
    </IndexField>
  </Fields>
  <DataEntryForm>
    <FormControlSet>
      <FormControl Name="TaxInvoice" ControlType="TextBox" BoundIndexfield="TaxInvoice" Rect="-9980,60,100,20" SectionName="Segment1" ListOrder="0" />
      <FormControl Name="FC2" ControlType="Label" BoundIndexfield="TaxInvoice" Rect="-9980,39.416666666666664,69.796666666666681,20.583333333333336" SectionName="Segment1" ListOrder="0">
        <DataText>TaxInvoice</DataText>
      </FormControl>
      <FormControl Name="InvoiceNumber" ControlType="TextBox" BoundIndexfield="InvoiceNumber" Rect="20,20,100,20" SectionName="Segment1" ListOrder="1" />
      <FormControl Name="FC3" ControlType="Label" BoundIndexfield="InvoiceNumber" Rect="20,-0.5833333333333357,63.543333333333337,20.583333333333336" SectionName="Segment1" ListOrder="1">
        <DataText>Invoice #</DataText>
      </FormControl>
      <FormControl Name="InvoiceDate" ControlType="TextBox" BoundIndexfield="InvoiceDate" Rect="145,20,100,20" SectionName="Segment1" ListOrder="2" />
      <FormControl Name="FC4" ControlType="Label" BoundIndexfield="InvoiceDate" Rect="145,-0.5833333333333357,82.056666666666672,20.583333333333336" SectionName="Segment1" ListOrder="2">
        <DataText>Invoice Date</DataText>
      </FormControl>
      <FormControl Name="InvoiceDeliveryDate" ControlType="TextBox" BoundIndexfield="InvoiceDeliveryDate" Rect="-9730,20,100,20" SectionName="Segment1" ListOrder="3" />
      <FormControl Name="FC5" ControlType="Label" BoundIndexfield="InvoiceDeliveryDate" Rect="-9730,-0.5833333333333357,87.903333333333336,20.583333333333336" SectionName="Segment1" ListOrder="3">
        <DataText>Delivery Date</DataText>
      </FormControl>
      <FormControl Name="InvoiceDeliveryNote" ControlType="TextBox" BoundIndexfield="InvoiceDeliveryNote" Rect="-9630,100,100,20" SectionName="Segment1" MultiLine="true" ListOrder="4" />
      <FormControl Name="FC6" ControlType="Label" BoundIndexfield="InvoiceDeliveryNote" Rect="-9630,79.416666666666657,126.99333333333334,20.583333333333336" SectionName="Segment1" ListOrder="4">
        <DataText>InvoiceDeliveryNote</DataText>
      </FormControl>
      <FormControl Name="InvoiceRequesterEmail" ControlType="TextBox" BoundIndexfield="InvoiceRequesterEmail" Rect="-9765,120,100,20" SectionName="Segment1" ListOrder="5" />
      <FormControl Name="FC7" ControlType="Label" BoundIndexfield="InvoiceRequesterEmail" Rect="-9765,99.416666666666657,143.23000000000002,20.583333333333336" SectionName="Segment1" ListOrder="5">
        <DataText>InvoiceRequesterEmail</DataText>
      </FormControl>
      <FormControl Name="ESRNumber" ControlType="TextBox" BoundIndexfield="ESRNumber" Rect="-9725,100,100,20" SectionName="Segment1" ListOrder="6" />
      <FormControl Name="FC8" ControlType="Label" BoundIndexfield="ESRNumber" Rect="-9725,79.416666666666657,78.123333333333335,20.583333333333336" SectionName="Segment1" ListOrder="6">
        <DataText>ESRNumber</DataText>
      </FormControl>
      <FormControl Name="KIDNumber" ControlType="TextBox" BoundIndexfield="KIDNumber" Rect="-9770,125,100,20" SectionName="Segment1" ListOrder="7" />
      <FormControl Name="FC9" ControlType="Label" BoundIndexfield="KIDNumber" Rect="-9770,104.41666666666666,76.600000000000009,20.583333333333336" SectionName="Segment1" ListOrder="7">
        <DataText>KIDNumber</DataText>
      </FormControl>
      <FormControl Name="PONumber" ControlType="TextBox" BoundIndexfield="PONumber" Rect="20,65,100,20" SectionName="Segment1" MultiLine="true" ListOrder="8" />
      <FormControl Name="FC10" ControlType="Label" BoundIndexfield="PONumber" Rect="20,44.416666666666664,81.146666666666675,20.583333333333336" SectionName="Segment1" ListOrder="8">
        <DataText>PO Numbers</DataText>
      </FormControl>
      <FormControl Name="DownPayment" ControlType="TextBox" BoundIndexfield="DownPayment" Rect="-9830,130,100,20" SectionName="Segment1" ListOrder="9" />
      <FormControl Name="FC11" ControlType="Label" BoundIndexfield="DownPayment" Rect="-9830,109.41666666666666,92.24666666666667,20.583333333333336" SectionName="Segment1" ListOrder="9">
        <DataText>DownPayment</DataText>
      </FormControl>
      <FormControl Name="VendorTaxNumber" ControlType="TextBox" BoundIndexfield="VendorTaxNumber" Rect="145,65,100,20" SectionName="Segment1" ListOrder="10" />
      <FormControl Name="FC12" ControlType="Label" BoundIndexfield="VendorTaxNumber" Rect="145,44.416666666666664,91.27000000000001,20.583333333333336" SectionName="Segment1" ListOrder="10">
        <DataText>Vendor Tax ID</DataText>
      </FormControl>
      <FormControl Name="Items_MaterialNumber" ControlType="TextBox" BoundIndexfield="Items_MaterialNumber" Rect="-9980,60,100,20" SectionName="Items" ListOrder="11" />
      <FormControl Name="FC31" ControlType="Label" BoundIndexfield="Items_MaterialNumber" Rect="-9980,39.416666666666664,102.10333333333334,20.583333333333336" SectionName="Items" ListOrder="11">
        <DataText>MaterialNumber</DataText>
      </FormControl>
      <FormControl Name="Items_PONumber" ControlType="TextBox" BoundIndexfield="Items_PONumber" Rect="-9980,100,100,20" SectionName="Items" ListOrder="12" />
      <FormControl Name="FC32" ControlType="Label" BoundIndexfield="Items_PONumber" Rect="-9980,79.416666666666657,70.673333333333332,20.583333333333336" SectionName="Items" ListOrder="12">
        <DataText>PONumber</DataText>
      </FormControl>
      <FormControl Name="Items_Text" ControlType="TextBox" BoundIndexfield="Items_Text" Rect="20,20,305,20" SectionName="Items" ListOrder="13" />
      <FormControl Name="FC54" ControlType="Label" BoundIndexfield="Items_Text" Rect="20,-0.5833333333333357,84.056666666666672,20.583333333333336" SectionName="Items" ListOrder="13">
        <DataText>Full-row Text</DataText>
      </FormControl>
      <FormControl Name="Items_Quantity" ControlType="TextBox" BoundIndexfield="Items_Quantity" Rect="335,20,100,20" SectionName="Items" ListOrder="14" />
      <FormControl Name="FC33" ControlType="Label" BoundIndexfield="Items_Quantity" Rect="335,-0.5833333333333357,57.63333333333334,20.583333333333336" SectionName="Items" ListOrder="14">
        <DataText>Quantity</DataText>
      </FormControl>
      <FormControl Name="Items_Unit" ControlType="TextBox" BoundIndexfield="Items_Unit" Rect="445,20,100,20" SectionName="Items" ListOrder="15" />
      <FormControl Name="FC34" ControlType="Label" BoundIndexfield="Items_Unit" Rect="445,-0.5833333333333357,100.93,20.583333333333336" SectionName="Items" ListOrder="15">
        <DataText>Unit of Measure</DataText>
      </FormControl>
      <FormControl Name="Items_UnitPrice" ControlType="TextBox" BoundIndexfield="Items_UnitPrice" Rect="555,20,100,20" SectionName="Items" ListOrder="16" />
      <FormControl Name="FC35" ControlType="Label" BoundIndexfield="Items_UnitPrice" Rect="555,-0.5833333333333357,35.053333333333335,20.583333333333336" SectionName="Items" ListOrder="16">
        <DataText>Price</DataText>
      </FormControl>
      <FormControl Name="Items_VatRate" ControlType="TextBox" BoundIndexfield="Items_VatRate" Rect="-9980,85,100,20" SectionName="Items" ListOrder="17" />
      <FormControl Name="FC36" ControlType="Label" BoundIndexfield="Items_VatRate" Rect="-9980,64.416666666666657,52.75,20.583333333333336" SectionName="Items" ListOrder="17">
        <DataText>VatRate</DataText>
      </FormControl>
      <FormControl Name="Items_VatAmount" ControlType="TextBox" BoundIndexfield="Items_VatAmount" Rect="665,20,100,20" SectionName="Items" ListOrder="18" />
      <FormControl Name="FC37" ControlType="Label" BoundIndexfield="Items_VatAmount" Rect="665,-0.5833333333333357,26.293333333333333,20.583333333333336" SectionName="Items" ListOrder="18">
        <DataText>Tax</DataText>
      </FormControl>
      <FormControl Name="Items_CA_GST_Rate" ControlType="TextBox" BoundIndexfield="Items_CA_GST_Rate" Rect="-9980,55,100,20" SectionName="Items" ListOrder="19" />
      <FormControl Name="FC38" ControlType="Label" BoundIndexfield="Items_CA_GST_Rate" Rect="-9980,34.416666666666664,89.940000000000012,20.583333333333336" SectionName="Items" ListOrder="19">
        <DataText>CA_GST_Rate</DataText>
      </FormControl>
      <FormControl Name="Items_CA_GST" ControlType="TextBox" BoundIndexfield="Items_CA_GST" Rect="-9980,90,100,20" SectionName="Items" ListOrder="20" />
      <FormControl Name="FC39" ControlType="Label" BoundIndexfield="Items_CA_GST" Rect="-9980,69.416666666666657,55.113333333333337,20.583333333333336" SectionName="Items" ListOrder="20">
        <DataText>CA_GST</DataText>
      </FormControl>
      <FormControl Name="Items_CA_PST_Rate" ControlType="TextBox" BoundIndexfield="Items_CA_PST_Rate" Rect="-9980,140,100,20" SectionName="Items" ListOrder="21" />
      <FormControl Name="FC40" ControlType="Label" BoundIndexfield="Items_CA_PST_Rate" Rect="-9980,119.41666666666666,87.873333333333335,20.583333333333336" SectionName="Items" ListOrder="21">
        <DataText>CA_PST_Rate</DataText>
      </FormControl>
      <FormControl Name="Items_CA_PST" ControlType="TextBox" BoundIndexfield="Items_CA_PST" Rect="-9705,75,100,20" SectionName="Items" ListOrder="22" />
      <FormControl Name="FC41" ControlType="Label" BoundIndexfield="Items_CA_PST" Rect="-9705,54.416666666666664,53.046666666666667,20.583333333333336" SectionName="Items" ListOrder="22">
        <DataText>CA_PST</DataText>
      </FormControl>
      <FormControl Name="Items_CA_HST_Rate" ControlType="TextBox" BoundIndexfield="Items_CA_HST_Rate" Rect="-9705,115,100,20" SectionName="Items" ListOrder="23" />
      <FormControl Name="FC42" ControlType="Label" BoundIndexfield="Items_CA_HST_Rate" Rect="-9705,94.416666666666657,89.653333333333336,20.583333333333336" SectionName="Items" ListOrder="23">
        <DataText>CA_HST_Rate</DataText>
      </FormControl>
      <FormControl Name="Items_CA_HST" ControlType="TextBox" BoundIndexfield="Items_CA_HST" Rect="-9455,40,100,20" SectionName="Items" ListOrder="24" />
      <FormControl Name="FC43" ControlType="Label" BoundIndexfield="Items_CA_HST" Rect="-9455,19.416666666666664,54.826666666666668,20.583333333333336" SectionName="Items" ListOrder="24">
        <DataText>CA_HST</DataText>
      </FormControl>
      <FormControl Name="Items_IN_CGST_Rate" ControlType="TextBox" BoundIndexfield="Items_IN_CGST_Rate" Rect="-9455,80,100,20" SectionName="Items" ListOrder="25" />
      <FormControl Name="FC44" ControlType="Label" BoundIndexfield="Items_IN_CGST_Rate" Rect="-9455,59.416666666666664,95.763333333333335,20.583333333333336" SectionName="Items" ListOrder="25">
        <DataText>IN_CGST_Rate</DataText>
      </FormControl>
      <FormControl Name="Items_IN_CGST" ControlType="TextBox" BoundIndexfield="Items_IN_CGST" Rect="-9455,120,100,20" SectionName="Items" ListOrder="26" />
      <FormControl Name="FC45" ControlType="Label" BoundIndexfield="Items_IN_CGST" Rect="-9455,99.416666666666657,60.936666666666667,20.583333333333336" SectionName="Items" ListOrder="26">
        <DataText>IN_CGST</DataText>
      </FormControl>
      <FormControl Name="Items_IN_IGST_Rate" ControlType="TextBox" BoundIndexfield="Items_IN_IGST_Rate" Rect="-9845,80,100,20" SectionName="Items" ListOrder="27" />
      <FormControl Name="FC46" ControlType="Label" BoundIndexfield="Items_IN_IGST_Rate" Rect="-9845,59.416666666666664,92.433333333333337,20.583333333333336" SectionName="Items" ListOrder="27">
        <DataText>IN_IGST_Rate</DataText>
      </FormControl>
      <FormControl Name="Items_IN_IGST" ControlType="TextBox" BoundIndexfield="Items_IN_IGST" Rect="-9845,120,100,20" SectionName="Items" ListOrder="28" />
      <FormControl Name="FC47" ControlType="Label" BoundIndexfield="Items_IN_IGST" Rect="-9845,99.416666666666657,57.606666666666669,20.583333333333336" SectionName="Items" ListOrder="28">
        <DataText>IN_IGST</DataText>
      </FormControl>
      <FormControl Name="Items_IN_SGST_Rate" ControlType="TextBox" BoundIndexfield="Items_IN_SGST_Rate" Rect="-9585,70,100,20" SectionName="Items" ListOrder="29" />
      <FormControl Name="FC48" ControlType="Label" BoundIndexfield="Items_IN_SGST_Rate" Rect="-9585,49.416666666666664,95.586666666666673,20.583333333333336" SectionName="Items" ListOrder="29">
        <DataText>IN_SGST_Rate</DataText>
      </FormControl>
      <FormControl Name="Items_IN_SGST" ControlType="TextBox" BoundIndexfield="Items_IN_SGST" Rect="-9585,110,100,20" SectionName="Items" ListOrder="30" />
      <FormControl Name="FC49" ControlType="Label" BoundIndexfield="Items_IN_SGST" Rect="-9585,89.416666666666657,60.760000000000005,20.583333333333336" SectionName="Items" ListOrder="30">
        <DataText>IN_SGST</DataText>
      </FormControl>
      <FormControl Name="Items_Amount" ControlType="TextBox" BoundIndexfield="Items_Amount" Rect="775,20,100,20" SectionName="Items" ListOrder="31" />
      <FormControl Name="FC50" ControlType="Label" BoundIndexfield="Items_Amount" Rect="775,-0.5833333333333357,53.076666666666668,20.583333333333336" SectionName="Items" ListOrder="31">
        <DataText>Amount</DataText>
      </FormControl>
      <FormControl Name="Items_CarPlate" ControlType="TextBox" BoundIndexfield="Items_CarPlate" Rect="-9240,65,100,20" SectionName="Items" ListOrder="32" />
      <FormControl Name="FC51" ControlType="Label" BoundIndexfield="Items_CarPlate" Rect="-9240,44.416666666666664,56.323333333333338,20.583333333333336" SectionName="Items" ListOrder="32">
        <DataText>CarPlate</DataText>
      </FormControl>
      <FormControl Name="Items_DriverName" ControlType="TextBox" BoundIndexfield="Items_DriverName" Rect="-9240,105,100,20" SectionName="Items" ListOrder="33" />
      <FormControl Name="FC52" ControlType="Label" BoundIndexfield="Items_DriverName" Rect="-9240,84.416666666666657,77.933333333333337,20.583333333333336" SectionName="Items" ListOrder="33">
        <DataText>DriverName</DataText>
      </FormControl>
      <FormControl Name="Items_LeasingContractNumber" ControlType="TextBox" BoundIndexfield="Items_LeasingContractNumber" Rect="-9245,25,100,20" SectionName="Items" ListOrder="34" />
      <FormControl Name="FC53" ControlType="Label" BoundIndexfield="Items_LeasingContractNumber" Rect="-9245,4.4166666666666643,150.73000000000002,20.583333333333336" SectionName="Items" ListOrder="34">
        <DataText>LeasingContractNumber</DataText>
      </FormControl>
      <FormControl Name="InvoiceAmountBlock_Net_Amount" ControlType="TextBox" BoundIndexfield="InvoiceAmountBlock_Net_Amount" Rect="25,65,100,20" SectionName="Section3" ListOrder="35" />
      <FormControl Name="FC14" ControlType="Label" BoundIndexfield="InvoiceAmountBlock_Net_Amount" Rect="25,44.416666666666664,56.516666666666673,20.583333333333336" SectionName="Section3" ListOrder="35">
        <DataText>Subtotal</DataText>
      </FormControl>
      <FormControl Name="InvoiceAmountBlock_Total_Amount" ControlType="TextBox" BoundIndexfield="InvoiceAmountBlock_Total_Amount" Rect="25,25,100,20" SectionName="Section3" ListOrder="36" />
      <FormControl Name="FC13" ControlType="Label" BoundIndexfield="InvoiceAmountBlock_Total_Amount" Rect="25,4.4166666666666643,34.620000000000005,20.583333333333336" SectionName="Section3" ListOrder="36">
        <DataText>Total</DataText>
      </FormControl>
      <FormControl Name="InvoiceAmountBlock_DocumentCurrency" ControlType="TextBox" BoundIndexfield="InvoiceAmountBlock_DocumentCurrency" Rect="25,105,100,20" SectionName="Section3" ListOrder="37" />
      <FormControl Name="FC15" ControlType="Label" BoundIndexfield="InvoiceAmountBlock_DocumentCurrency" Rect="25,84.416666666666657,60.31,20.583333333333336" SectionName="Section3" ListOrder="37">
        <DataText>Currency</DataText>
      </FormControl>
      <FormControl Name="InvoiceAmountBlock_TaxBlocks_VatCategory" ControlType="ChoiceText" BoundIndexfield="InvoiceAmountBlock_TaxBlocks_VatCategory" Rect="20,20,100,20" SectionName="InvoiceAmountBlock_TaxBlocks" ListOrder="38">
        <DataText>VAT,CA_GST,CA_PST,CA_HST,IN_CGST,IN_IGST,IN_SGST</DataText>
        <Autosuggest>All</Autosuggest>
      </FormControl>
      <FormControl Name="FC18" ControlType="Label" BoundIndexfield="InvoiceAmountBlock_TaxBlocks_VatCategory" Rect="20,-0.5833333333333357,84.960000000000008,20.583333333333336" SectionName="InvoiceAmountBlock_TaxBlocks" ListOrder="38">
        <DataText>Tax Category</DataText>
      </FormControl>
      <FormControl Name="InvoiceAmountBlock_TaxBlocks_VatRate" ControlType="TextBox" BoundIndexfield="InvoiceAmountBlock_TaxBlocks_VatRate" Rect="130,20,100,20" SectionName="InvoiceAmountBlock_TaxBlocks" ListOrder="39" />
      <FormControl Name="FC17" ControlType="Label" BoundIndexfield="InvoiceAmountBlock_TaxBlocks_VatRate" Rect="130,-0.5833333333333357,57.71,20.583333333333336" SectionName="InvoiceAmountBlock_TaxBlocks" ListOrder="39">
        <DataText>Tax Rate</DataText>
      </FormControl>
      <FormControl Name="InvoiceAmountBlock_TaxBlocks_Net_Amount" ControlType="TextBox" BoundIndexfield="InvoiceAmountBlock_TaxBlocks_Net_Amount" Rect="240,20,100,20" SectionName="InvoiceAmountBlock_TaxBlocks" ListOrder="40" />
      <FormControl Name="FC19" ControlType="Label" BoundIndexfield="InvoiceAmountBlock_TaxBlocks_Net_Amount" Rect="240,-0.5833333333333357,56.516666666666673,20.583333333333336" SectionName="InvoiceAmountBlock_TaxBlocks" ListOrder="40">
        <DataText>Subtotal</DataText>
      </FormControl>
      <FormControl Name="InvoiceAmountBlock_TaxBlocks_Vat_Amount" ControlType="TextBox" BoundIndexfield="InvoiceAmountBlock_TaxBlocks_Vat_Amount" Rect="350,20,100,20" SectionName="InvoiceAmountBlock_TaxBlocks" ListOrder="41" />
      <FormControl Name="FC20" ControlType="Label" BoundIndexfield="InvoiceAmountBlock_TaxBlocks_Vat_Amount" Rect="350,-0.5833333333333357,26.293333333333333,20.583333333333336" SectionName="InvoiceAmountBlock_TaxBlocks" ListOrder="41">
        <DataText>Tax</DataText>
      </FormControl>
      <FormControl Name="InvoiceAmountBlock_TaxBlocks_Total_Amount" ControlType="TextBox" BoundIndexfield="InvoiceAmountBlock_TaxBlocks_Total_Amount" Rect="460,20,100,20" SectionName="InvoiceAmountBlock_TaxBlocks" ListOrder="42" />
      <FormControl Name="FC21" ControlType="Label" BoundIndexfield="InvoiceAmountBlock_TaxBlocks_Total_Amount" Rect="460,-0.5833333333333357,90.836666666666673,20.583333333333336" SectionName="InvoiceAmountBlock_TaxBlocks" ListOrder="42">
        <DataText>Total With Tax</DataText>
      </FormControl>
      <FormControl Name="SwissQRCode_BillInformation" ControlType="TextBox" BoundIndexfield="SwissQRCode_BillInformation" Rect="-9980,60,100,20" SectionName="Section1" ListOrder="43" />
      <FormControl Name="FC23" ControlType="Label" BoundIndexfield="SwissQRCode_BillInformation" Rect="-9980,39.416666666666664,184.57000000000002,20.583333333333336" SectionName="Section1" ListOrder="43">
        <DataText>SwissQRCode_BillInformation</DataText>
      </FormControl>
      <FormControl Name="SwissQRCode_IBAN" ControlType="TextBox" BoundIndexfield="SwissQRCode_IBAN" Rect="-9840,65,100,20" SectionName="Section1" ListOrder="44" />
      <FormControl Name="FC24" ControlType="Label" BoundIndexfield="SwissQRCode_IBAN" Rect="-9840,44.416666666666664,125.87333333333334,20.583333333333336" SectionName="Section1" ListOrder="44">
        <DataText>SwissQRCode_IBAN</DataText>
      </FormControl>
      <FormControl Name="SwissQRCode_Reference" ControlType="TextBox" BoundIndexfield="SwissQRCode_Reference" Rect="-9685,55,100,20" SectionName="Section1" ListOrder="45" />
      <FormControl Name="FC25" ControlType="Label" BoundIndexfield="SwissQRCode_Reference" Rect="-9685,34.416666666666664,155.25333333333333,20.583333333333336" SectionName="Section1" ListOrder="45">
        <DataText>SwissQRCode_Reference</DataText>
      </FormControl>
      <FormControl Name="LeasingClassification" ControlType="TextBox" BoundIndexfield="LeasingClassification" Rect="-9980,120,100,20" SectionName="Section1" ListOrder="46" />
      <FormControl Name="FC26" ControlType="Label" BoundIndexfield="LeasingClassification" Rect="-9980,99.416666666666657,130.20666666666668,20.583333333333336" SectionName="Section1" ListOrder="46">
        <DataText>LeasingClassification</DataText>
      </FormControl>
      <FormControl Name="LeasingContractNumber" ControlType="TextBox" BoundIndexfield="LeasingContractNumber" Rect="-9835,115,100,20" SectionName="Section1" ListOrder="47" />
      <FormControl Name="FC27" ControlType="Label" BoundIndexfield="LeasingContractNumber" Rect="-9835,94.416666666666657,150.73000000000002,20.583333333333336" SectionName="Section1" ListOrder="47">
        <DataText>LeasingContractNumber</DataText>
      </FormControl>
      <FormControl Name="InvoiceGstPartnerNumber" ControlType="TextBox" BoundIndexfield="InvoiceGstPartnerNumber" Rect="-9975,170,100,20" SectionName="Section1" ListOrder="48" />
      <FormControl Name="FC28" ControlType="Label" BoundIndexfield="InvoiceGstPartnerNumber" Rect="-9975,149.41666666666666,161.64333333333335,20.583333333333336" SectionName="Section1" ListOrder="48">
        <DataText>InvoiceGstPartnerNumber</DataText>
      </FormControl>
      <FormControl Name="InvoicePlaceOfSupply" ControlType="TextBox" BoundIndexfield="InvoicePlaceOfSupply" Rect="-9790,160,100,20" SectionName="Section1" ListOrder="49" />
      <FormControl Name="FC29" ControlType="Label" BoundIndexfield="InvoicePlaceOfSupply" Rect="-9790,139.41666666666666,135.45333333333335,20.583333333333336" SectionName="Section1" ListOrder="49">
        <DataText>InvoicePlaceOfSupply</DataText>
      </FormControl>
      <FormControl Name="InvoicePartners_CompanyCode" ControlType="TextBox" BoundIndexfield="InvoicePartners_CompanyCode" Rect="-9980,60,100,20" SectionName="Section2" ListOrder="50" />
      <FormControl Name="FC56" ControlType="Label" BoundIndexfield="InvoicePartners_CompanyCode" Rect="-9980,39.416666666666664,194.13666666666668,20.583333333333336" SectionName="Section2" ListOrder="50">
        <DataText>InvoicePartners_CompanyCode</DataText>
      </FormControl>
      <FormControl Name="InvoicePartners_Supplier" ControlType="TextBox" BoundIndexfield="InvoicePartners_Supplier" Rect="-9980,100,100,20" SectionName="Section2" ListOrder="51" />
      <FormControl Name="FC57" ControlType="Label" BoundIndexfield="InvoicePartners_Supplier" Rect="-9980,79.416666666666657,156.85666666666668,20.583333333333336" SectionName="Section2" ListOrder="51">
        <DataText>InvoicePartners_Supplier</DataText>
      </FormControl>
    </FormControlSet>
    <FormSectionSet>
      <FormSection Name="Segment1" LayoutType="Subform" Height="225" />
      <FormSection Name="InvoiceAmountBlock_TaxBlocks" LayoutType="SubformArray" Height="115" />
      <FormSection Name="Section1" LayoutType="Subform" Height="265" />
      <FormSection Name="Section2" LayoutType="Subform" Height="195" />
      <FormSection Name="Items" LayoutType="SubformArray" Height="235" />
      <FormSection Name="Section3" LayoutType="Subform" Height="200" />
    </FormSectionSet>
  </DataEntryForm>
  <ValidationRuleSet />
  <PopulationRuleSet />
  <PdfSettings EnabledPdfCache="false" OcrEngineList="" PdfRenderingResolution="300" />
  <ProjectType>IEE</ProjectType>
</Document>
</UIMDocRoot>
