<?xml version="1.0" encoding="UTF-8" standalone="yes" ?>
<UIMDocRoot checksum1="314721118306975250" >
<Document Name="IE_Order_Confirmation" DocumentType="IE Order Confirmation" Author="CLUND-WS19\Administrator" UpdatedUtc="2019-11-26T18:36:54Z" Project="InformationExtraction">
  <Fields _ID_="IndexFieldSet">
    <IndexField Name="DocumentNumber" Index="0" Array="false" IndexLevel="1" ReadOnly="false" source="Input" ListOrder="0" LabelText="Document #">
      <FieldValidation IndexFieldType="String" Required="false">
        <HighlightSuggestions>false</HighlightSuggestions>
      </FieldValidation>
      <StartSection _ID_="SectionDescriptor" Name="Segment1" LabelText="Segment1" StartScreen="true" />
      <ExtractFirstValue>true</ExtractFirstValue>
      <IsPopulationTrigger>false</IsPopulationTrigger>
      <OptionsPopulatedBy></OptionsPopulatedBy>
      <IsCalculationTarget>false</IsCalculationTarget>
    </IndexField>
    <IndexField Name="DocumentDate" IndexFieldType="DateTime" Index="1" Array="false" IndexLevel="1" ReadOnly="false" source="Input" ListOrder="1" LabelText="Date">
      <FieldValidation IndexFieldType="DateTime" Required="false" ViewFormat="d">
        <HighlightSuggestions>true</HighlightSuggestions>
      </FieldValidation>
      <ExtractFirstValue>true</ExtractFirstValue>
      <IsPopulationTrigger>false</IsPopulationTrigger>
      <OptionsPopulatedBy></OptionsPopulatedBy>
      <IsCalculationTarget>false</IsCalculationTarget>
    </IndexField>
    <IndexField Name="DeliveryDate" IndexFieldType="DateTime" Index="2" Array="false" IndexLevel="1" ReadOnly="false" source="Input" ListOrder="2" LabelText="Delivery Date">
      <FieldValidation IndexFieldType="DateTime" Required="false" ViewFormat="d">
        <HighlightSuggestions>true</HighlightSuggestions>
      </FieldValidation>
      <ExtractFirstValue>true</ExtractFirstValue>
      <IsPopulationTrigger>false</IsPopulationTrigger>
      <OptionsPopulatedBy></OptionsPopulatedBy>
      <IsCalculationTarget>false</IsCalculationTarget>
    </IndexField>
    <IndexField Name="OrderNumber" Index="3" Array="false" IndexLevel="1" ReadOnly="false" source="Input" ListOrder="3" LabelText="Order #">
      <FieldValidation IndexFieldType="String" Required="false">
        <HighlightSuggestions>false</HighlightSuggestions>
      </FieldValidation>
      <ExtractFirstValue>true</ExtractFirstValue>
      <IsPopulationTrigger>false</IsPopulationTrigger>
      <OptionsPopulatedBy></OptionsPopulatedBy>
      <IsCalculationTarget>false</IsCalculationTarget>
    </IndexField>
    <IndexField Name="PONumber" Index="4" Array="false" IndexLevel="1" ReadOnly="false" source="Input" ListOrder="4" LabelText="PO #">
      <FieldValidation IndexFieldType="String" Required="false" InputMaskPattern="0000000000">
        <HighlightSuggestions>true</HighlightSuggestions>
      </FieldValidation>
      <ExtractFirstValue>true</ExtractFirstValue>
      <IsPopulationTrigger>false</IsPopulationTrigger>
      <OptionsPopulatedBy></OptionsPopulatedBy>
      <IsCalculationTarget>false</IsCalculationTarget>
    </IndexField>
    <IndexField Name="PODate" IndexFieldType="DateTime" Index="5" Array="false" IndexLevel="1" ReadOnly="false" source="Input" ListOrder="5" LabelText="PO Date">
      <FieldValidation IndexFieldType="DateTime" Required="false" ViewFormat="d">
        <HighlightSuggestions>true</HighlightSuggestions>
      </FieldValidation>
      <ExtractFirstValue>true</ExtractFirstValue>
      <IsPopulationTrigger>false</IsPopulationTrigger>
      <OptionsPopulatedBy></OptionsPopulatedBy>
      <IsCalculationTarget>false</IsCalculationTarget>
    </IndexField>
    <IndexField Name="DocumentCurrency" Index="6" Array="false" IndexLevel="1" ReadOnly="false" source="Input" ListOrder="6" LabelText="Currency">
      <FieldValidation IndexFieldType="String" Required="false">
        <HighlightSuggestions>false</HighlightSuggestions>
      </FieldValidation>
      <ExtractFirstValue>true</ExtractFirstValue>
      <IsPopulationTrigger>false</IsPopulationTrigger>
      <OptionsPopulatedBy></OptionsPopulatedBy>
      <IsCalculationTarget>false</IsCalculationTarget>
    </IndexField>
    <IndexField Name="Vendor" Index="7" Array="false" IndexLevel="1" ReadOnly="false" source="Input" ListOrder="7" LabelText="Vendor">
      <FieldValidation IndexFieldType="String" Required="false">
        <HighlightSuggestions>false</HighlightSuggestions>
      </FieldValidation>
      <ExtractFirstValue>true</ExtractFirstValue>
      <IsPopulationTrigger>false</IsPopulationTrigger>
      <OptionsPopulatedBy></OptionsPopulatedBy>
      <IsCalculationTarget>false</IsCalculationTarget>
    </IndexField>
    <IndexField Name="Receiver" Index="8" Array="false" IndexLevel="1" ReadOnly="false" source="Input" ListOrder="8" LabelText="Receiver">
      <FieldValidation IndexFieldType="String" Required="false">
        <HighlightSuggestions>false</HighlightSuggestions>
      </FieldValidation>
      <ExtractFirstValue>true</ExtractFirstValue>
      <IsPopulationTrigger>false</IsPopulationTrigger>
      <OptionsPopulatedBy></OptionsPopulatedBy>
      <IsCalculationTarget>false</IsCalculationTarget>
    </IndexField>
    <IndexField Name="ShipTo" Index="9" Array="false" IndexLevel="1" ReadOnly="false" source="Input" ListOrder="9" LabelText="Ship To">
      <FieldValidation IndexFieldType="String" Required="false">
        <HighlightSuggestions>false</HighlightSuggestions>
      </FieldValidation>
      <ExtractFirstValue>true</ExtractFirstValue>
      <IsPopulationTrigger>false</IsPopulationTrigger>
      <OptionsPopulatedBy></OptionsPopulatedBy>
      <IsCalculationTarget>false</IsCalculationTarget>
    </IndexField>
    <IndexField Name="Items_Position" Index="10" Array="true" IndexLevel="1" ReadOnly="false" source="Input" ListOrder="10" LabelText="Item #">
      <FieldValidation IndexFieldType="String" Required="false" />
      <StartSection _ID_="SectionDescriptor" Name="Items" LabelText="Items" StartScreen="false" />
      <ExtractFirstValue>true</ExtractFirstValue>
      <IsPopulationTrigger>false</IsPopulationTrigger>
      <OptionsPopulatedBy></OptionsPopulatedBy>
      <IsCalculationTarget>false</IsCalculationTarget>
    </IndexField>
    <IndexField Name="Items_MaterialNumber" Index="11" Array="true" IndexLevel="1" ReadOnly="false" source="Input" ListOrder="11" LabelText="Material #">
      <FieldValidation IndexFieldType="String" Required="false" />
      <ExtractFirstValue>true</ExtractFirstValue>
      <IsPopulationTrigger>false</IsPopulationTrigger>
      <OptionsPopulatedBy></OptionsPopulatedBy>
      <IsCalculationTarget>false</IsCalculationTarget>
    </IndexField>
    <IndexField Name="Items_Text" Index="12" Array="true" IndexLevel="1" ReadOnly="false" source="Input" ListOrder="12" LabelText="Full-row Text">
      <FieldValidation IndexFieldType="String" Required="false" />
      <ExtractFirstValue>true</ExtractFirstValue>
      <IsPopulationTrigger>false</IsPopulationTrigger>
      <OptionsPopulatedBy></OptionsPopulatedBy>
      <IsCalculationTarget>false</IsCalculationTarget>
    </IndexField>
    <IndexField Name="Items_DeliveryDate" IndexFieldType="DateTime" Index="13" Array="true" IndexLevel="1" ReadOnly="false" source="Input" ListOrder="13" LabelText="Delivery Date">
      <FieldValidation IndexFieldType="DateTime" Required="false" ViewFormat="d" />
      <ExtractFirstValue>true</ExtractFirstValue>
      <IsPopulationTrigger>false</IsPopulationTrigger>
      <OptionsPopulatedBy></OptionsPopulatedBy>
      <IsCalculationTarget>false</IsCalculationTarget>
    </IndexField>
    <IndexField Name="Items_PONumber" Index="14" Array="true" IndexLevel="1" ReadOnly="false" source="Input" ListOrder="14" LabelText="PONumber">
      <FieldValidation IndexFieldType="String" Required="false" />
      <ExtractFirstValue>true</ExtractFirstValue>
      <IsPopulationTrigger>false</IsPopulationTrigger>
      <OptionsPopulatedBy></OptionsPopulatedBy>
      <IsCalculationTarget>false</IsCalculationTarget>
    </IndexField>
    <IndexField Name="Items_Quantity" IndexFieldType="Number" Index="15" Array="true" IndexLevel="1" ReadOnly="false" source="Input" ListOrder="15" LabelText="Quantity">
      <FieldValidation IndexFieldType="Number" Required="false" />
      <ExtractFirstValue>true</ExtractFirstValue>
      <IsPopulationTrigger>false</IsPopulationTrigger>
      <OptionsPopulatedBy></OptionsPopulatedBy>
      <IsCalculationTarget>false</IsCalculationTarget>
      <IndexFieldSubtype>Decimal</IndexFieldSubtype>
    </IndexField>
    <IndexField Name="Items_Unit" Index="16" Array="true" IndexLevel="1" ReadOnly="false" source="Input" ListOrder="16" LabelText="UOM">
      <FieldValidation IndexFieldType="String" Required="false" />
      <ExtractFirstValue>true</ExtractFirstValue>
      <IsPopulationTrigger>false</IsPopulationTrigger>
      <OptionsPopulatedBy></OptionsPopulatedBy>
      <IsCalculationTarget>false</IsCalculationTarget>
    </IndexField>
    <IndexField Name="Items_UnitPrice" IndexFieldType="Number" Index="17" Array="true" IndexLevel="1" ReadOnly="false" source="Input" ListOrder="17" LabelText="Price">
      <FieldValidation IndexFieldType="Number" Required="false" ViewFormat="n">
        <DigitsAfterDecimal>Two</DigitsAfterDecimal>
      </FieldValidation>
      <ExtractFirstValue>true</ExtractFirstValue>
      <IsPopulationTrigger>false</IsPopulationTrigger>
      <OptionsPopulatedBy></OptionsPopulatedBy>
      <IsCalculationTarget>false</IsCalculationTarget>
      <IndexFieldSubtype>Decimal</IndexFieldSubtype>
    </IndexField>
    <IndexField Name="Items_Amount" IndexFieldType="Number" Index="18" Array="true" IndexLevel="1" ReadOnly="false" source="Input" ListOrder="18" LabelText="Amount">
      <FieldValidation IndexFieldType="Number" Required="false" ViewFormat="n">
        <DigitsAfterDecimal>Two</DigitsAfterDecimal>
      </FieldValidation>
      <ExtractFirstValue>true</ExtractFirstValue>
      <IsPopulationTrigger>false</IsPopulationTrigger>
      <OptionsPopulatedBy></OptionsPopulatedBy>
      <IsCalculationTarget>false</IsCalculationTarget>
      <IndexFieldSubtype>Decimal</IndexFieldSubtype>
    </IndexField>
  </Fields>
  <DataEntryForm>
    <FormControlSet>
      <FormControl Name="DocumentNumber" ControlType="TextBox" BoundIndexfield="DocumentNumber" Rect="20,20,125,20" SectionName="Segment1" ListOrder="0" />
      <FormControl Name="FC2" ControlType="Label" BoundIndexfield="DocumentNumber" Rect="20,-0.5833333333333357,81.563333333333333,20.583333333333336" SectionName="Segment1" ListOrder="0">
        <DataText>Document #</DataText>
      </FormControl>
      <FormControl Name="DocumentDate" ControlType="TextBox" BoundIndexfield="DocumentDate" Rect="165,20,100,20" SectionName="Segment1" ListOrder="1" />
      <FormControl Name="FC3" ControlType="Label" BoundIndexfield="DocumentDate" Rect="165,-0.5833333333333357,34.333333333333336,20.583333333333336" SectionName="Segment1" ListOrder="1">
        <DataText>Date</DataText>
      </FormControl>
      <FormControl Name="DeliveryDate" ControlType="TextBox" BoundIndexfield="DeliveryDate" Rect="-9980,65,100,20" SectionName="Segment1" ListOrder="2" />
      <FormControl Name="FC4" ControlType="Label" BoundIndexfield="DeliveryDate" Rect="-9980,44.416666666666664,87.903333333333336,20.583333333333336" SectionName="Segment1" ListOrder="2">
        <DataText>Delivery Date</DataText>
      </FormControl>
      <FormControl Name="OrderNumber" ControlType="TextBox" BoundIndexfield="OrderNumber" Rect="20,60,125,20" SectionName="Segment1" ListOrder="3" />
      <FormControl Name="FC5" ControlType="Label" BoundIndexfield="OrderNumber" Rect="20,39.416666666666664,54.353333333333339,20.583333333333336" SectionName="Segment1" ListOrder="3">
        <DataText>Order #</DataText>
      </FormControl>
      <FormControl Name="PONumber" ControlType="TextBox" BoundIndexfield="PONumber" Rect="20,100,125,20" SectionName="Segment1" ListOrder="4" />
      <FormControl Name="FC6" ControlType="Label" BoundIndexfield="PONumber" Rect="20,79.416666666666657,36.723333333333336,20.583333333333336" SectionName="Segment1" ListOrder="4">
        <DataText>PO #</DataText>
      </FormControl>
      <FormControl Name="PODate" ControlType="TextBox" BoundIndexfield="PODate" Rect="165,100,100,20" SectionName="Segment1" ListOrder="5" />
      <FormControl Name="FC7" ControlType="Label" BoundIndexfield="PODate" Rect="165,79.416666666666657,55.236666666666672,20.583333333333336" SectionName="Segment1" ListOrder="5">
        <DataText>PO Date</DataText>
      </FormControl>
      <FormControl Name="DocumentCurrency" ControlType="TextBox" BoundIndexfield="DocumentCurrency" Rect="165,150,100,20" SectionName="Segment1" ListOrder="6" />
      <FormControl Name="FC8" ControlType="Label" BoundIndexfield="DocumentCurrency" Rect="165,129.41666666666666,60.31,20.583333333333336" SectionName="Segment1" ListOrder="6">
        <DataText>Currency</DataText>
      </FormControl>
      <FormControl Name="Vendor" ControlType="TextBox" BoundIndexfield="Vendor" Rect="20,150,125,20" SectionName="Segment1" ListOrder="7" />
      <FormControl Name="FC9" ControlType="Label" BoundIndexfield="Vendor" Rect="20,129.41666666666666,48.24,20.583333333333336" SectionName="Segment1" ListOrder="7">
        <DataText>Vendor</DataText>
      </FormControl>
      <FormControl Name="Receiver" ControlType="TextBox" BoundIndexfield="Receiver" Rect="20,195,125,20" SectionName="Segment1" ListOrder="8" />
      <FormControl Name="FC10" ControlType="Label" BoundIndexfield="Receiver" Rect="20,174.41666666666666,57.163333333333334,20.583333333333336" SectionName="Segment1" ListOrder="8">
        <DataText>Receiver</DataText>
      </FormControl>
      <FormControl Name="ShipTo" ControlType="TextBox" BoundIndexfield="ShipTo" Rect="165,195,125,20" SectionName="Segment1" ListOrder="9" />
      <FormControl Name="FC11" ControlType="Label" BoundIndexfield="ShipTo" Rect="165,174.41666666666666,50.176666666666669,20.583333333333336" SectionName="Segment1" ListOrder="9">
        <DataText>Ship To</DataText>
      </FormControl>
      <FormControl Name="Items_Position" ControlType="TextBox" BoundIndexfield="Items_Position" Rect="20,20,55,20" SectionName="Items" ListOrder="10" />
      <FormControl Name="FC13" ControlType="Label" BoundIndexfield="Items_Position" Rect="20,-0.5833333333333357,48.643333333333338,20.583333333333336" SectionName="Items" ListOrder="10">
        <DataText>Item #</DataText>
      </FormControl>
      <FormControl Name="Items_MaterialNumber" ControlType="TextBox" BoundIndexfield="Items_MaterialNumber" Rect="85,20,110,20" SectionName="Items" ListOrder="11" />
      <FormControl Name="FC16" ControlType="Label" BoundIndexfield="Items_MaterialNumber" Rect="85,-0.5833333333333357,68.153333333333336,20.583333333333336" SectionName="Items" ListOrder="11">
        <DataText>Material #</DataText>
      </FormControl>
      <FormControl Name="Items_Text" ControlType="TextBox" BoundIndexfield="Items_Text" Rect="205,20,250,20" SectionName="Items" ListOrder="12" />
      <FormControl Name="FC21" ControlType="Label" BoundIndexfield="Items_Text" Rect="205,-0.5833333333333357,84.056666666666672,20.583333333333336" SectionName="Items" ListOrder="12">
        <DataText>Full-row Text</DataText>
      </FormControl>
      <FormControl Name="Items_DeliveryDate" ControlType="TextBox" BoundIndexfield="Items_DeliveryDate" Rect="465,20,95,20" SectionName="Items" ListOrder="13" />
      <FormControl Name="FC14" ControlType="Label" BoundIndexfield="Items_DeliveryDate" Rect="465,-0.5833333333333357,87.903333333333336,20.583333333333336" SectionName="Items" ListOrder="13">
        <DataText>Delivery Date</DataText>
      </FormControl>
      <FormControl Name="Items_PONumber" ControlType="TextBox" BoundIndexfield="Items_PONumber" Rect="-9320,20,110,20" SectionName="Items" ListOrder="14" />
      <FormControl Name="FC15" ControlType="Label" BoundIndexfield="Items_PONumber" Rect="-9320,-0.5833333333333357,70.673333333333332,20.583333333333336" SectionName="Items" ListOrder="14">
        <DataText>PONumber</DataText>
      </FormControl>
      <FormControl Name="Items_Quantity" ControlType="TextBox" BoundIndexfield="Items_Quantity" Rect="570,20,70,20" SectionName="Items" ListOrder="15" />
      <FormControl Name="FC17" ControlType="Label" BoundIndexfield="Items_Quantity" Rect="570,-0.5833333333333357,57.63333333333334,20.583333333333336" SectionName="Items" ListOrder="15">
        <DataText>Quantity</DataText>
      </FormControl>
      <FormControl Name="Items_Unit" ControlType="TextBox" BoundIndexfield="Items_Unit" Rect="650,20,50,20" SectionName="Items" ListOrder="16" />
      <FormControl Name="FC18" ControlType="Label" BoundIndexfield="Items_Unit" Rect="650,-0.5833333333333357,34.343333333333334,20.583333333333336" SectionName="Items" ListOrder="16">
        <DataText>UOM</DataText>
      </FormControl>
      <FormControl Name="Items_UnitPrice" ControlType="TextBox" BoundIndexfield="Items_UnitPrice" Rect="710,20,75,20" SectionName="Items" ListOrder="17" />
      <FormControl Name="FC19" ControlType="Label" BoundIndexfield="Items_UnitPrice" Rect="710,-0.5833333333333357,35.053333333333335,20.583333333333336" SectionName="Items" ListOrder="17">
        <DataText>Price</DataText>
      </FormControl>
      <FormControl Name="Items_Amount" ControlType="TextBox" BoundIndexfield="Items_Amount" Rect="795,20,80,20" SectionName="Items" ListOrder="18" />
      <FormControl Name="FC20" ControlType="Label" BoundIndexfield="Items_Amount" Rect="795,-0.5833333333333357,53.076666666666668,20.583333333333336" SectionName="Items" ListOrder="18">
        <DataText>Amount</DataText>
      </FormControl>
    </FormControlSet>
    <FormSectionSet>
      <FormSection Name="Segment1" LayoutType="Subform" Height="290" />
      <FormSection Name="Items" LayoutType="SubformArray" Height="115" />
    </FormSectionSet>
  </DataEntryForm>
  <ValidationRuleSet />
  <PopulationRuleSet />
  <PdfSettings EnabledPdfCache="false" OcrEngineList="" PdfRenderingResolution="300" />
  <ProjectType>IEE</ProjectType>
</Document>
</UIMDocRoot>
