<?xml version="1.0" encoding="UTF-8" standalone="yes" ?>
<UIMDocRoot checksum1="952099951989504651" >
<Document Name="IE_Remittance_Advice" DocumentType="IE Remittance Advice" Author="CLUND-WS19\Administrator" UpdatedUtc="2019-11-26T18:36:54Z" Locale="en-GB" Project="InformationExtraction">
  <Fields _ID_="IndexFieldSet">
    <IndexField Name="PaymentRefNumber" Index="0" Array="false" IndexLevel="1" ReadOnly="false" source="Input" ListOrder="0" LabelText="Payment Reference">
      <FieldValidation IndexFieldType="String" Required="false" InputMaskPattern="LLL000000" IncludeMaskLiterals="false">
        <HighlightSuggestions>true</HighlightSuggestions>
      </FieldValidation>
      <StartSection _ID_="SectionDescriptor" Name="Segment1" LabelText="Segment1" StartScreen="true" />
      <ExtractFirstValue>true</ExtractFirstValue>
      <IsPopulationTrigger>false</IsPopulationTrigger>
      <OptionsPopulatedBy></OptionsPopulatedBy>
      <IsCalculationTarget>false</IsCalculationTarget>
    </IndexField>
    <IndexField Name="PaymentDate" IndexFieldType="DateTime" Index="1" Array="false" IndexLevel="1" ReadOnly="false" source="Input" ListOrder="1" LabelText="Date">
      <FieldValidation IndexFieldType="DateTime" Required="false" ViewFormat="d">
        <HighlightSuggestions>true</HighlightSuggestions>
      </FieldValidation>
      <ExtractFirstValue>true</ExtractFirstValue>
      <IsPopulationTrigger>false</IsPopulationTrigger>
      <OptionsPopulatedBy></OptionsPopulatedBy>
      <IsCalculationTarget>false</IsCalculationTarget>
    </IndexField>
    <IndexField Name="PaymentMethod" Index="2" Array="false" IndexLevel="1" ReadOnly="false" source="Input" ListOrder="2" LabelText="Payment Method">
      <FieldValidation IndexFieldType="String" Required="false">
        <HighlightSuggestions>false</HighlightSuggestions>
      </FieldValidation>
      <ExtractFirstValue>true</ExtractFirstValue>
      <IsPopulationTrigger>false</IsPopulationTrigger>
      <OptionsPopulatedBy></OptionsPopulatedBy>
      <IsCalculationTarget>false</IsCalculationTarget>
    </IndexField>
    <IndexField Name="Payer" Index="3" Array="false" IndexLevel="1" ReadOnly="false" source="Input" ListOrder="3" LabelText="Payer">
      <FieldValidation IndexFieldType="String" Required="false">
        <HighlightSuggestions>false</HighlightSuggestions>
      </FieldValidation>
      <ExtractFirstValue>true</ExtractFirstValue>
      <IsPopulationTrigger>false</IsPopulationTrigger>
      <OptionsPopulatedBy></OptionsPopulatedBy>
      <IsCalculationTarget>false</IsCalculationTarget>
    </IndexField>
    <IndexField Name="Receiver" Index="4" Array="false" IndexLevel="1" ReadOnly="false" source="Input" ListOrder="4" LabelText="Receiver">
      <FieldValidation IndexFieldType="String" Required="false">
        <HighlightSuggestions>false</HighlightSuggestions>
      </FieldValidation>
      <ExtractFirstValue>true</ExtractFirstValue>
      <IsPopulationTrigger>false</IsPopulationTrigger>
      <OptionsPopulatedBy></OptionsPopulatedBy>
      <IsCalculationTarget>false</IsCalculationTarget>
    </IndexField>
    <IndexField Name="Items_Text" Index="5" Array="true" IndexLevel="1" ReadOnly="false" source="Input" ListOrder="5" LabelText="Full-row Text">
      <FieldValidation IndexFieldType="String" Required="false" />
      <StartSection _ID_="SectionDescriptor" Name="Items" LabelText="Items" StartScreen="false" />
      <ExtractFirstValue>true</ExtractFirstValue>
      <IsPopulationTrigger>false</IsPopulationTrigger>
      <OptionsPopulatedBy></OptionsPopulatedBy>
      <IsCalculationTarget>false</IsCalculationTarget>
    </IndexField>
    <IndexField Name="Items_TransactionType" Index="6" Array="true" IndexLevel="1" ReadOnly="false" source="Input" ListOrder="6" LabelText="Transaction Type">
      <FieldValidation IndexFieldType="String" Required="false" />
      <ExtractFirstValue>true</ExtractFirstValue>
      <IsPopulationTrigger>false</IsPopulationTrigger>
      <OptionsPopulatedBy></OptionsPopulatedBy>
      <IsCalculationTarget>false</IsCalculationTarget>
    </IndexField>
    <IndexField Name="Items_TransactionDate" IndexFieldType="DateTime" Index="7" Array="true" IndexLevel="1" ReadOnly="false" source="Input" ListOrder="7" LabelText="Transaction Date">
      <FieldValidation IndexFieldType="DateTime" Required="false" ViewFormat="d" />
      <ExtractFirstValue>true</ExtractFirstValue>
      <IsPopulationTrigger>false</IsPopulationTrigger>
      <OptionsPopulatedBy></OptionsPopulatedBy>
      <IsCalculationTarget>false</IsCalculationTarget>
    </IndexField>
    <IndexField Name="Items_PayerRefNumber" Index="8" Array="true" IndexLevel="1" ReadOnly="false" source="Input" ListOrder="8" LabelText="Payer Reference">
      <FieldValidation IndexFieldType="String" Required="false" />
      <ExtractFirstValue>true</ExtractFirstValue>
      <IsPopulationTrigger>false</IsPopulationTrigger>
      <OptionsPopulatedBy></OptionsPopulatedBy>
      <IsCalculationTarget>false</IsCalculationTarget>
    </IndexField>
    <IndexField Name="Items_ReceiverRefNumber" Index="9" Array="true" IndexLevel="1" ReadOnly="false" source="Input" ListOrder="9" LabelText="Receiver Reference">
      <FieldValidation IndexFieldType="String" Required="false" InputMaskPattern="LLL0000000" />
      <ExtractFirstValue>true</ExtractFirstValue>
      <IsPopulationTrigger>false</IsPopulationTrigger>
      <OptionsPopulatedBy></OptionsPopulatedBy>
      <IsCalculationTarget>false</IsCalculationTarget>
    </IndexField>
    <IndexField Name="Items_AmountDeduction" IndexFieldType="Number" Index="10" Array="true" IndexLevel="1" ReadOnly="false" source="Input" ListOrder="10" LabelText="Deduction">
      <FieldValidation IndexFieldType="Number" Required="false" />
      <ExtractFirstValue>true</ExtractFirstValue>
      <IsPopulationTrigger>false</IsPopulationTrigger>
      <OptionsPopulatedBy></OptionsPopulatedBy>
      <IsCalculationTarget>false</IsCalculationTarget>
      <IndexFieldSubtype>Decimal</IndexFieldSubtype>
    </IndexField>
    <IndexField Name="Items_DeductionReason" Index="11" Array="true" IndexLevel="1" ReadOnly="false" source="Input" ListOrder="11" LabelText="Deduction Reason">
      <FieldValidation IndexFieldType="String" Required="false" />
      <ExtractFirstValue>true</ExtractFirstValue>
      <IsPopulationTrigger>false</IsPopulationTrigger>
      <OptionsPopulatedBy></OptionsPopulatedBy>
      <IsCalculationTarget>false</IsCalculationTarget>
    </IndexField>
    <IndexField Name="Items_AmountNet" IndexFieldType="Number" Index="12" Array="true" IndexLevel="1" ReadOnly="false" source="Input" ListOrder="12" LabelText="Net Amount">
      <FieldValidation IndexFieldType="Number" Required="false" ViewFormat="n">
        <DigitsAfterDecimal>Two</DigitsAfterDecimal>
      </FieldValidation>
      <ExtractFirstValue>true</ExtractFirstValue>
      <IsPopulationTrigger>false</IsPopulationTrigger>
      <OptionsPopulatedBy></OptionsPopulatedBy>
      <IsCalculationTarget>false</IsCalculationTarget>
      <IndexFieldSubtype>Decimal</IndexFieldSubtype>
    </IndexField>
    <IndexField Name="Items_AmountDiscount" IndexFieldType="Number" Index="13" Array="true" IndexLevel="1" ReadOnly="false" source="Input" ListOrder="13" LabelText="Discount">
      <FieldValidation IndexFieldType="Number" Required="false" ViewFormat="n">
        <DigitsAfterDecimal>Two</DigitsAfterDecimal>
      </FieldValidation>
      <ExtractFirstValue>true</ExtractFirstValue>
      <IsPopulationTrigger>false</IsPopulationTrigger>
      <OptionsPopulatedBy></OptionsPopulatedBy>
      <IsCalculationTarget>false</IsCalculationTarget>
      <IndexFieldSubtype>Decimal</IndexFieldSubtype>
    </IndexField>
    <IndexField Name="Items_AmountGross" IndexFieldType="Number" Index="14" Array="true" IndexLevel="1" ReadOnly="false" source="Input" ListOrder="14" LabelText="Gross Amount">
      <FieldValidation IndexFieldType="Number" Required="false" ViewFormat="n">
        <DigitsAfterDecimal>Two</DigitsAfterDecimal>
      </FieldValidation>
      <ExtractFirstValue>true</ExtractFirstValue>
      <IsPopulationTrigger>false</IsPopulationTrigger>
      <OptionsPopulatedBy></OptionsPopulatedBy>
      <IsCalculationTarget>false</IsCalculationTarget>
      <IndexFieldSubtype>Decimal</IndexFieldSubtype>
    </IndexField>
    <IndexField Name="PaymentAmount_Amount" IndexFieldType="Number" Index="15" Array="false" IndexLevel="1" ReadOnly="false" source="Input" ListOrder="15" LabelText="Amount">
      <FieldValidation IndexFieldType="Number" Required="false" ViewFormat="n">
        <DigitsAfterDecimal>Two</DigitsAfterDecimal>
      </FieldValidation>
      <StartSection _ID_="SectionDescriptor" Name="Section1" LabelText="Segment1" StartScreen="false" />
      <ExtractFirstValue>true</ExtractFirstValue>
      <IsPopulationTrigger>false</IsPopulationTrigger>
      <OptionsPopulatedBy></OptionsPopulatedBy>
      <IsCalculationTarget>false</IsCalculationTarget>
      <IndexFieldSubtype>Decimal</IndexFieldSubtype>
    </IndexField>
    <IndexField Name="DocumentCurrency" Index="16" Array="false" IndexLevel="1" ReadOnly="false" source="Input" ListOrder="16" LabelText="Currency">
      <FieldValidation IndexFieldType="String" Required="false">
        <HighlightSuggestions>false</HighlightSuggestions>
      </FieldValidation>
      <ExtractFirstValue>true</ExtractFirstValue>
      <IsPopulationTrigger>false</IsPopulationTrigger>
      <OptionsPopulatedBy></OptionsPopulatedBy>
      <IsCalculationTarget>false</IsCalculationTarget>
    </IndexField>
  </Fields>
  <DataEntryForm>
    <FormControlSet>
      <FormControl Name="PaymentRefNumber" ControlType="TextBox" BoundIndexfield="PaymentRefNumber" Rect="20,65,135,20" SectionName="Segment1" ListOrder="0" />
      <FormControl Name="FC2" ControlType="Label" BoundIndexfield="PaymentRefNumber" Rect="20,44.416666666666664,122.36000000000001,20.583333333333336" SectionName="Segment1" ListOrder="0">
        <DataText>Payment Reference</DataText>
      </FormControl>
      <FormControl Name="PaymentDate" ControlType="TextBox" BoundIndexfield="PaymentDate" Rect="170,65,100,20" SectionName="Segment1" ListOrder="1" />
      <FormControl Name="FC3" ControlType="Label" BoundIndexfield="PaymentDate" Rect="170,44.416666666666664,34.333333333333336,20.583333333333336" SectionName="Segment1" ListOrder="1">
        <DataText>Date</DataText>
      </FormControl>
      <FormControl Name="PaymentMethod" ControlType="TextBox" BoundIndexfield="PaymentMethod" Rect="-9610,20,100,20" SectionName="Segment1" ListOrder="2" />
      <FormControl Name="FC6" ControlType="Label" BoundIndexfield="PaymentMethod" Rect="-9610,-0.5833333333333357,106.87,20.583333333333336" SectionName="Segment1" ListOrder="2">
        <DataText>Payment Method</DataText>
      </FormControl>
      <FormControl Name="Payer" ControlType="TextBox" BoundIndexfield="Payer" Rect="20,20,135,20" SectionName="Segment1" ListOrder="3" />
      <FormControl Name="FC7" ControlType="Label" BoundIndexfield="Payer" Rect="20,-0.5833333333333357,39.323333333333338,20.583333333333336" SectionName="Segment1" ListOrder="3">
        <DataText>Payer</DataText>
      </FormControl>
      <FormControl Name="Receiver" ControlType="TextBox" BoundIndexfield="Receiver" Rect="170,20,135,20" SectionName="Segment1" ListOrder="4" />
      <FormControl Name="FC8" ControlType="Label" BoundIndexfield="Receiver" Rect="170,-0.5833333333333357,57.163333333333334,20.583333333333336" SectionName="Segment1" ListOrder="4">
        <DataText>Receiver</DataText>
      </FormControl>
      <FormControl Name="Items_Text" ControlType="TextBox" BoundIndexfield="Items_Text" Rect="20,20,180,20" SectionName="Items" ListOrder="5" />
      <FormControl Name="FC19" ControlType="Label" BoundIndexfield="Items_Text" Rect="20,-0.5833333333333357,84.056666666666672,20.583333333333336" SectionName="Items" ListOrder="5">
        <DataText>Full-row Text</DataText>
      </FormControl>
      <FormControl Name="Items_TransactionType" ControlType="TextBox" BoundIndexfield="Items_TransactionType" Rect="-9980,20,100,20" SectionName="Items" ListOrder="6" />
      <FormControl Name="FC10" ControlType="Label" BoundIndexfield="Items_TransactionType" Rect="-9980,-0.5833333333333357,106.71666666666667,20.583333333333336" SectionName="Items" ListOrder="6">
        <DataText>Transaction Type</DataText>
      </FormControl>
      <FormControl Name="Items_TransactionDate" ControlType="TextBox" BoundIndexfield="Items_TransactionDate" Rect="-9980,60,100,20" SectionName="Items" ListOrder="7" />
      <FormControl Name="FC11" ControlType="Label" BoundIndexfield="Items_TransactionDate" Rect="-9980,39.416666666666664,107.10000000000001,20.583333333333336" SectionName="Items" ListOrder="7">
        <DataText>Transaction Date</DataText>
      </FormControl>
      <FormControl Name="Items_PayerRefNumber" ControlType="TextBox" BoundIndexfield="Items_PayerRefNumber" Rect="210,20,125,20" SectionName="Items" ListOrder="8" />
      <FormControl Name="FC12" ControlType="Label" BoundIndexfield="Items_PayerRefNumber" Rect="210,-0.5833333333333357,103.38000000000001,20.583333333333336" SectionName="Items" ListOrder="8">
        <DataText>Payer Reference</DataText>
      </FormControl>
      <FormControl Name="Items_ReceiverRefNumber" ControlType="TextBox" BoundIndexfield="Items_ReceiverRefNumber" Rect="345,20,125,20" SectionName="Items" ListOrder="9" />
      <FormControl Name="FC13" ControlType="Label" BoundIndexfield="Items_ReceiverRefNumber" Rect="345,-0.5833333333333357,121.22000000000001,20.583333333333336" SectionName="Items" ListOrder="9">
        <DataText>Receiver Reference</DataText>
      </FormControl>
      <FormControl Name="Items_AmountDeduction" ControlType="TextBox" BoundIndexfield="Items_AmountDeduction" Rect="-9400,30,100,20" SectionName="Items" ListOrder="10" />
      <FormControl Name="FC14" ControlType="Label" BoundIndexfield="Items_AmountDeduction" Rect="-9400,9.4166666666666643,66.62,20.583333333333336" SectionName="Items" ListOrder="10">
        <DataText>Deduction</DataText>
      </FormControl>
      <FormControl Name="Items_DeductionReason" ControlType="TextBox" BoundIndexfield="Items_DeductionReason" Rect="-9400,70,100,20" SectionName="Items" ListOrder="11" />
      <FormControl Name="FC15" ControlType="Label" BoundIndexfield="Items_DeductionReason" Rect="-9400,49.416666666666664,114.37666666666668,20.583333333333336" SectionName="Items" ListOrder="11">
        <DataText>Deduction Reason</DataText>
      </FormControl>
      <FormControl Name="Items_AmountNet" ControlType="TextBox" BoundIndexfield="Items_AmountNet" Rect="675,20,95,20" SectionName="Items" ListOrder="12" />
      <FormControl Name="FC16" ControlType="Label" BoundIndexfield="Items_AmountNet" Rect="675,-0.5833333333333357,78.153333333333336,20.583333333333336" SectionName="Items" ListOrder="12">
        <DataText>Net Amount</DataText>
      </FormControl>
      <FormControl Name="Items_AmountDiscount" ControlType="TextBox" BoundIndexfield="Items_AmountDiscount" Rect="585,20,80,20" SectionName="Items" ListOrder="13" />
      <FormControl Name="FC17" ControlType="Label" BoundIndexfield="Items_AmountDiscount" Rect="585,-0.5833333333333357,58.24666666666667,20.583333333333336" SectionName="Items" ListOrder="13">
        <DataText>Discount</DataText>
      </FormControl>
      <FormControl Name="Items_AmountGross" ControlType="TextBox" BoundIndexfield="Items_AmountGross" Rect="480,20,95,20" SectionName="Items" ListOrder="14" />
      <FormControl Name="FC18" ControlType="Label" BoundIndexfield="Items_AmountGross" Rect="480,-0.5833333333333357,91.51,20.583333333333336" SectionName="Items" ListOrder="14">
        <DataText>Gross Amount</DataText>
      </FormControl>
      <FormControl Name="PaymentAmount_Amount" ControlType="TextBox" BoundIndexfield="PaymentAmount_Amount" Rect="20,20,100,20" SectionName="Section1" ListOrder="15" />
      <FormControl Name="FC4" ControlType="Label" BoundIndexfield="PaymentAmount_Amount" Rect="20,-0.5833333333333357,53.076666666666668,20.583333333333336" SectionName="Section1" ListOrder="15">
        <DataText>Amount</DataText>
      </FormControl>
      <FormControl Name="DocumentCurrency" ControlType="TextBox" BoundIndexfield="DocumentCurrency" Rect="135,20,70,20" SectionName="Section1" ListOrder="16" />
      <FormControl Name="FC5" ControlType="Label" BoundIndexfield="DocumentCurrency" Rect="135,-0.5833333333333357,60.31,20.583333333333336" SectionName="Section1" ListOrder="16">
        <DataText>Currency</DataText>
      </FormControl>
    </FormControlSet>
    <FormSectionSet>
      <FormSection Name="Segment1" LayoutType="Subform" Height="160" />
      <FormSection Name="Items" LayoutType="SubformArray" Height="165" />
      <FormSection Name="Section1" LayoutType="Subform" Height="115" />
    </FormSectionSet>
  </DataEntryForm>
  <ValidationRuleSet />
  <PopulationRuleSet />
  <PdfSettings EnabledPdfCache="false" OcrEngineList="" PdfRenderingResolution="300" />
  <ProjectType>IEE</ProjectType>
</Document>
</UIMDocRoot>
