<?xml version="1.0" encoding="UTF-8" standalone="yes" ?>
<UIMDocRoot checksum1="402994846886804562" >
<Document Name="IE_Sales_Order" DocumentType="IE Sales Order" Author="CLUND-WS19\Administrator" UpdatedUtc="2019-11-26T18:36:54Z" Project="InformationExtraction">
  <Fields _ID_="IndexFieldSet">
    <IndexField Name="OrderNumber" Index="0" Array="false" IndexLevel="1" ReadOnly="false" source="Input" ListOrder="0" LabelText="Order Number">
      <FieldValidation IndexFieldType="String" Required="false">
        <HighlightSuggestions>false</HighlightSuggestions>
      </FieldValidation>
      <StartSection _ID_="SectionDescriptor" Name="Segment1" LabelText="Segment1" StartScreen="true" />
      <ExtractFirstValue>true</ExtractFirstValue>
      <IsPopulationTrigger>false</IsPopulationTrigger>
      <OptionsPopulatedBy></OptionsPopulatedBy>
      <IsCalculationTarget>false</IsCalculationTarget>
    </IndexField>
    <IndexField Name="DocumentDate" IndexFieldType="DateTime" Index="1" Array="false" IndexLevel="1" ReadOnly="false" source="Input" ListOrder="1" LabelText="Date">
      <FieldValidation IndexFieldType="DateTime" Required="false" ViewFormat="d">
        <HighlightSuggestions>true</HighlightSuggestions>
      </FieldValidation>
      <ExtractFirstValue>true</ExtractFirstValue>
      <IsPopulationTrigger>false</IsPopulationTrigger>
      <OptionsPopulatedBy></OptionsPopulatedBy>
      <IsCalculationTarget>false</IsCalculationTarget>
    </IndexField>
    <IndexField Name="ContactEmail" Index="2" Array="false" IndexLevel="1" ReadOnly="false" source="Input" ListOrder="2" LabelText="Contact Email">
      <FieldValidation IndexFieldType="String" Required="false">
        <HighlightSuggestions>false</HighlightSuggestions>
      </FieldValidation>
      <ExtractFirstValue>true</ExtractFirstValue>
      <IsPopulationTrigger>false</IsPopulationTrigger>
      <OptionsPopulatedBy></OptionsPopulatedBy>
      <IsCalculationTarget>false</IsCalculationTarget>
    </IndexField>
    <IndexField Name="RequestedDate" IndexFieldType="DateTime" Index="3" Array="false" IndexLevel="1" ReadOnly="false" source="Input" ListOrder="3" LabelText="Requested Date">
      <FieldValidation IndexFieldType="DateTime" Required="false" ViewFormat="d">
        <HighlightSuggestions>true</HighlightSuggestions>
      </FieldValidation>
      <ExtractFirstValue>true</ExtractFirstValue>
      <IsPopulationTrigger>false</IsPopulationTrigger>
      <OptionsPopulatedBy></OptionsPopulatedBy>
      <IsCalculationTarget>false</IsCalculationTarget>
    </IndexField>
    <IndexField Name="PaymentTerms" Index="4" Array="false" IndexLevel="1" ReadOnly="false" source="Input" ListOrder="4" LabelText="Payment Terms">
      <FieldValidation IndexFieldType="String" Required="false">
        <HighlightSuggestions>false</HighlightSuggestions>
      </FieldValidation>
      <ExtractFirstValue>true</ExtractFirstValue>
      <IsPopulationTrigger>false</IsPopulationTrigger>
      <OptionsPopulatedBy></OptionsPopulatedBy>
      <IsCalculationTarget>false</IsCalculationTarget>
    </IndexField>
    <IndexField Name="Incoterms" Index="5" Array="false" IndexLevel="1" ReadOnly="false" source="Input" ListOrder="5" LabelText="Incoterms">
      <FieldValidation IndexFieldType="String" Required="false">
        <HighlightSuggestions>false</HighlightSuggestions>
      </FieldValidation>
      <ExtractFirstValue>true</ExtractFirstValue>
      <IsPopulationTrigger>false</IsPopulationTrigger>
      <OptionsPopulatedBy></OptionsPopulatedBy>
      <IsCalculationTarget>false</IsCalculationTarget>
    </IndexField>
    <IndexField Name="ShipTo" Index="6" Array="false" IndexLevel="1" ReadOnly="false" source="Input" ListOrder="6" LabelText="Ship To">
      <FieldValidation IndexFieldType="String" Required="false">
        <HighlightSuggestions>false</HighlightSuggestions>
      </FieldValidation>
      <ExtractFirstValue>true</ExtractFirstValue>
      <IsPopulationTrigger>false</IsPopulationTrigger>
      <OptionsPopulatedBy></OptionsPopulatedBy>
      <IsCalculationTarget>false</IsCalculationTarget>
    </IndexField>
    <IndexField Name="SoldTo" Index="7" Array="false" IndexLevel="1" ReadOnly="false" source="Input" ListOrder="7" LabelText="Sold To">
      <FieldValidation IndexFieldType="String" Required="false">
        <HighlightSuggestions>false</HighlightSuggestions>
      </FieldValidation>
      <ExtractFirstValue>true</ExtractFirstValue>
      <IsPopulationTrigger>false</IsPopulationTrigger>
      <OptionsPopulatedBy></OptionsPopulatedBy>
      <IsCalculationTarget>false</IsCalculationTarget>
    </IndexField>
    <IndexField Name="Items_Position" Index="8" Array="true" IndexLevel="1" ReadOnly="false" source="Input" ListOrder="8" LabelText="Item #">
      <FieldValidation IndexFieldType="String" Required="false" />
      <StartSection _ID_="SectionDescriptor" Name="Items" LabelText="Items" StartScreen="false" />
      <ExtractFirstValue>true</ExtractFirstValue>
      <IsPopulationTrigger>false</IsPopulationTrigger>
      <OptionsPopulatedBy></OptionsPopulatedBy>
      <IsCalculationTarget>false</IsCalculationTarget>
    </IndexField>
    <IndexField Name="Items_MaterialNumber" Index="9" Array="true" IndexLevel="1" ReadOnly="false" source="Input" ListOrder="9" LabelText="Material #">
      <FieldValidation IndexFieldType="String" Required="false" />
      <ExtractFirstValue>true</ExtractFirstValue>
      <IsPopulationTrigger>false</IsPopulationTrigger>
      <OptionsPopulatedBy></OptionsPopulatedBy>
      <IsCalculationTarget>false</IsCalculationTarget>
    </IndexField>
    <IndexField Name="Items_Text" Index="10" Array="true" IndexLevel="1" ReadOnly="false" source="Input" ListOrder="10" LabelText="Full-row Text">
      <FieldValidation IndexFieldType="String" Required="false" />
      <ExtractFirstValue>true</ExtractFirstValue>
      <IsPopulationTrigger>false</IsPopulationTrigger>
      <OptionsPopulatedBy></OptionsPopulatedBy>
      <IsCalculationTarget>false</IsCalculationTarget>
    </IndexField>
    <IndexField Name="Items_Quantity" IndexFieldType="Number" Index="11" Array="true" IndexLevel="1" ReadOnly="false" source="Input" ListOrder="11" LabelText="Quantity">
      <FieldValidation IndexFieldType="Number" Required="false" />
      <ExtractFirstValue>true</ExtractFirstValue>
      <IsPopulationTrigger>false</IsPopulationTrigger>
      <OptionsPopulatedBy></OptionsPopulatedBy>
      <IsCalculationTarget>false</IsCalculationTarget>
      <IndexFieldSubtype>Decimal</IndexFieldSubtype>
    </IndexField>
    <IndexField Name="Items_RequestedDate" IndexFieldType="DateTime" Index="12" Array="true" IndexLevel="1" ReadOnly="false" source="Input" ListOrder="12" LabelText="RequestedDate">
      <FieldValidation IndexFieldType="DateTime" Required="false" ViewFormat="d" />
      <ExtractFirstValue>true</ExtractFirstValue>
      <IsPopulationTrigger>false</IsPopulationTrigger>
      <OptionsPopulatedBy></OptionsPopulatedBy>
      <IsCalculationTarget>false</IsCalculationTarget>
    </IndexField>
    <IndexField Name="Items_Unit" Index="13" Array="true" IndexLevel="1" ReadOnly="false" source="Input" ListOrder="13" LabelText="UOM">
      <FieldValidation IndexFieldType="String" Required="false" />
      <ExtractFirstValue>true</ExtractFirstValue>
      <IsPopulationTrigger>false</IsPopulationTrigger>
      <OptionsPopulatedBy></OptionsPopulatedBy>
      <IsCalculationTarget>false</IsCalculationTarget>
    </IndexField>
    <IndexField Name="Items_UnitPrice" IndexFieldType="Number" Index="14" Array="true" IndexLevel="1" ReadOnly="false" source="Input" ListOrder="14" LabelText="Price">
      <FieldValidation IndexFieldType="Number" Required="false" ViewFormat="n">
        <DigitsAfterDecimal>Two</DigitsAfterDecimal>
      </FieldValidation>
      <ExtractFirstValue>true</ExtractFirstValue>
      <IsPopulationTrigger>false</IsPopulationTrigger>
      <OptionsPopulatedBy></OptionsPopulatedBy>
      <IsCalculationTarget>false</IsCalculationTarget>
      <IndexFieldSubtype>Decimal</IndexFieldSubtype>
    </IndexField>
    <IndexField Name="Items_Amount" IndexFieldType="Number" Index="15" Array="true" IndexLevel="1" ReadOnly="false" source="Input" ListOrder="15" LabelText="Amount">
      <FieldValidation IndexFieldType="Number" Required="false" ViewFormat="n">
        <DigitsAfterDecimal>Two</DigitsAfterDecimal>
      </FieldValidation>
      <ExtractFirstValue>true</ExtractFirstValue>
      <IsPopulationTrigger>false</IsPopulationTrigger>
      <OptionsPopulatedBy></OptionsPopulatedBy>
      <IsCalculationTarget>false</IsCalculationTarget>
      <IndexFieldSubtype>Decimal</IndexFieldSubtype>
    </IndexField>
    <IndexField Name="NetAmount_Amount" IndexFieldType="Number" Index="16" Array="false" IndexLevel="1" ReadOnly="false" source="Input" ListOrder="16" LabelText="Total">
      <FieldValidation IndexFieldType="Number" Required="false" ViewFormat="n">
        <DigitsAfterDecimal>Two</DigitsAfterDecimal>
        <HighlightSuggestions>true</HighlightSuggestions>
      </FieldValidation>
      <StartSection _ID_="SectionDescriptor" Name="Section1" LabelText="Segment1" StartScreen="false" />
      <ExtractFirstValue>true</ExtractFirstValue>
      <IsPopulationTrigger>false</IsPopulationTrigger>
      <OptionsPopulatedBy></OptionsPopulatedBy>
      <IsCalculationTarget>false</IsCalculationTarget>
      <IndexFieldSubtype>Decimal</IndexFieldSubtype>
    </IndexField>
    <IndexField Name="DocumentCurrency" Index="17" Array="false" IndexLevel="1" ReadOnly="false" source="Input" ListOrder="17" LabelText="Currency">
      <FieldValidation IndexFieldType="String" Required="false">
        <HighlightSuggestions>false</HighlightSuggestions>
      </FieldValidation>
      <ExtractFirstValue>true</ExtractFirstValue>
      <IsPopulationTrigger>false</IsPopulationTrigger>
      <OptionsPopulatedBy></OptionsPopulatedBy>
      <IsCalculationTarget>false</IsCalculationTarget>
    </IndexField>
  </Fields>
  <DataEntryForm>
    <FormControlSet>
      <FormControl Name="OrderNumber" ControlType="TextBox" BoundIndexfield="OrderNumber" Rect="20,20,150,20" SectionName="Segment1" ListOrder="0" />
      <FormControl Name="FC2" ControlType="Label" BoundIndexfield="OrderNumber" Rect="20,-0.5833333333333357,92.523333333333341,20.583333333333336" SectionName="Segment1" ListOrder="0">
        <DataText>Order Number</DataText>
      </FormControl>
      <FormControl Name="DocumentDate" ControlType="TextBox" BoundIndexfield="DocumentDate" Rect="180,20,100,20" SectionName="Segment1" ListOrder="1" />
      <FormControl Name="FC3" ControlType="Label" BoundIndexfield="DocumentDate" Rect="180,-0.5833333333333357,34.333333333333336,20.583333333333336" SectionName="Segment1" ListOrder="1">
        <DataText>Date</DataText>
      </FormControl>
      <FormControl Name="ContactEmail" ControlType="TextBox" BoundIndexfield="ContactEmail" Rect="20,60,150,20" SectionName="Segment1" ListOrder="2" />
      <FormControl Name="FC4" ControlType="Label" BoundIndexfield="ContactEmail" Rect="20,39.416666666666664,89.45,20.583333333333336" SectionName="Segment1" ListOrder="2">
        <DataText>Contact Email</DataText>
      </FormControl>
      <FormControl Name="RequestedDate" ControlType="TextBox" BoundIndexfield="RequestedDate" Rect="180,60,100,20" SectionName="Segment1" ListOrder="3" />
      <FormControl Name="FC5" ControlType="Label" BoundIndexfield="RequestedDate" Rect="180,39.416666666666664,101.58333333333334,20.583333333333336" SectionName="Segment1" ListOrder="3">
        <DataText>Requested Date</DataText>
      </FormControl>
      <FormControl Name="PaymentTerms" ControlType="TextBox" BoundIndexfield="PaymentTerms" Rect="20,110,260,20" SectionName="Segment1" ListOrder="4" />
      <FormControl Name="FC8" ControlType="Label" BoundIndexfield="PaymentTerms" Rect="20,89.416666666666657,98.826666666666668,20.583333333333336" SectionName="Segment1" ListOrder="4">
        <DataText>Payment Terms</DataText>
      </FormControl>
      <FormControl Name="Incoterms" ControlType="TextBox" BoundIndexfield="Incoterms" Rect="-9620,145,105,20" SectionName="Segment1" ListOrder="5" />
      <FormControl Name="FC9" ControlType="Label" BoundIndexfield="Incoterms" Rect="-9620,124.41666666666666,67.106666666666669,20.583333333333336" SectionName="Segment1" ListOrder="5">
        <DataText>Incoterms</DataText>
      </FormControl>
      <FormControl Name="ShipTo" ControlType="TextBox" BoundIndexfield="ShipTo" Rect="20,155,260,20" SectionName="Segment1" ListOrder="6" />
      <FormControl Name="FC10" ControlType="Label" BoundIndexfield="ShipTo" Rect="20,134.41666666666666,50.176666666666669,20.583333333333336" SectionName="Segment1" ListOrder="6">
        <DataText>Ship To</DataText>
      </FormControl>
      <FormControl Name="SoldTo" ControlType="TextBox" BoundIndexfield="SoldTo" Rect="20,190,260,20" SectionName="Segment1" ListOrder="7" />
      <FormControl Name="FC11" ControlType="Label" BoundIndexfield="SoldTo" Rect="20,169.41666666666666,49.866666666666667,20.583333333333336" SectionName="Segment1" ListOrder="7">
        <DataText>Sold To</DataText>
      </FormControl>
      <FormControl Name="Items_Position" ControlType="TextBox" BoundIndexfield="Items_Position" Rect="20,20,60,20" SectionName="Items" ListOrder="8" />
      <FormControl Name="FC13" ControlType="Label" BoundIndexfield="Items_Position" Rect="20,-0.5833333333333357,48.643333333333338,20.583333333333336" SectionName="Items" ListOrder="8">
        <DataText>Item #</DataText>
      </FormControl>
      <FormControl Name="Items_MaterialNumber" ControlType="TextBox" BoundIndexfield="Items_MaterialNumber" Rect="90,20,125,20" SectionName="Items" ListOrder="9" />
      <FormControl Name="FC14" ControlType="Label" BoundIndexfield="Items_MaterialNumber" Rect="90,-0.5833333333333357,68.153333333333336,20.583333333333336" SectionName="Items" ListOrder="9">
        <DataText>Material #</DataText>
      </FormControl>
      <FormControl Name="Items_Text" ControlType="TextBox" BoundIndexfield="Items_Text" Rect="225,20,205,20" SectionName="Items" ListOrder="10" />
      <FormControl Name="FC20" ControlType="Label" BoundIndexfield="Items_Text" Rect="225,-0.5833333333333357,84.056666666666672,20.583333333333336" SectionName="Items" ListOrder="10">
        <DataText>Full-row Text</DataText>
      </FormControl>
      <FormControl Name="Items_Quantity" ControlType="TextBox" BoundIndexfield="Items_Quantity" Rect="440,20,80,20" SectionName="Items" ListOrder="11" />
      <FormControl Name="FC15" ControlType="Label" BoundIndexfield="Items_Quantity" Rect="440,-0.5833333333333357,57.63333333333334,20.583333333333336" SectionName="Items" ListOrder="11">
        <DataText>Quantity</DataText>
      </FormControl>
      <FormControl Name="Items_RequestedDate" ControlType="TextBox" BoundIndexfield="Items_RequestedDate" Rect="-9175,20,100,20" SectionName="Items" ListOrder="12" />
      <FormControl Name="FC16" ControlType="Label" BoundIndexfield="Items_RequestedDate" Rect="-9175,-0.5833333333333357,97.363333333333344,20.583333333333336" SectionName="Items" ListOrder="12">
        <DataText>RequestedDate</DataText>
      </FormControl>
      <FormControl Name="Items_Unit" ControlType="TextBox" BoundIndexfield="Items_Unit" Rect="530,20,80,20" SectionName="Items" ListOrder="13" />
      <FormControl Name="FC17" ControlType="Label" BoundIndexfield="Items_Unit" Rect="530,-0.5833333333333357,34.343333333333334,20.583333333333336" SectionName="Items" ListOrder="13">
        <DataText>UOM</DataText>
      </FormControl>
      <FormControl Name="Items_UnitPrice" ControlType="TextBox" BoundIndexfield="Items_UnitPrice" Rect="620,20,80,20" SectionName="Items" ListOrder="14" />
      <FormControl Name="FC18" ControlType="Label" BoundIndexfield="Items_UnitPrice" Rect="620,-0.5833333333333357,35.053333333333335,20.583333333333336" SectionName="Items" ListOrder="14">
        <DataText>Price</DataText>
      </FormControl>
      <FormControl Name="Items_Amount" ControlType="TextBox" BoundIndexfield="Items_Amount" Rect="710,20,80,20" SectionName="Items" ListOrder="15" />
      <FormControl Name="FC19" ControlType="Label" BoundIndexfield="Items_Amount" Rect="710,-0.5833333333333357,53.076666666666668,20.583333333333336" SectionName="Items" ListOrder="15">
        <DataText>Amount</DataText>
      </FormControl>
      <FormControl Name="NetAmount_Amount" ControlType="TextBox" BoundIndexfield="NetAmount_Amount" Rect="20,20,100,20" SectionName="Section1" ListOrder="16" />
      <FormControl Name="FC6" ControlType="Label" BoundIndexfield="NetAmount_Amount" Rect="20,-0.5833333333333357,34.620000000000005,20.583333333333336" SectionName="Section1" ListOrder="16">
        <DataText>Total</DataText>
      </FormControl>
      <FormControl Name="DocumentCurrency" ControlType="TextBox" BoundIndexfield="DocumentCurrency" Rect="135,20,100,20" SectionName="Section1" ListOrder="17" />
      <FormControl Name="FC7" ControlType="Label" BoundIndexfield="DocumentCurrency" Rect="135,-0.5833333333333357,60.31,20.583333333333336" SectionName="Section1" ListOrder="17">
        <DataText>Currency</DataText>
      </FormControl>
    </FormControlSet>
    <FormSectionSet>
      <FormSection Name="Segment1" LayoutType="Subform" Height="285" />
      <FormSection Name="Items" LayoutType="SubformArray" Height="115" />
      <FormSection Name="Section1" LayoutType="Subform" Height="115" />
    </FormSectionSet>
  </DataEntryForm>
  <ValidationRuleSet />
  <PopulationRuleSet />
  <PdfSettings EnabledPdfCache="false" OcrEngineList="" PdfRenderingResolution="300" />
  <ProjectType>IEE</ProjectType>
</Document>
</UIMDocRoot>
