<?xml version="1.0" encoding="UTF-8" standalone="yes" ?>
<UIMDocRoot checksum1="444576518052515787" >
<Document Name="PDF_Header" DocumentType="PDF Header" Author="SNAPDSGNR-SF\Administrator" UpdatedUtc="2019-02-28T12:51:20Z" Project="Default">
  <Fields _ID_="IndexFieldSet">
    <IndexField Name="PDFTitle" FieldId="1" IndexLevel="1" ReadOnly="false" source="Input" LabelText="PDF Title">
      <SampleRect></SampleRect>
      <SamplePageId></SamplePageId>
      <FieldValidation IndexFieldType="String" Required="false" />
      <OcrEngineName>Advanced_MP_FullText_English.reco</OcrEngineName>
      <StartSection _ID_="SectionDescriptor" Name="Segment1" LabelText="Segment1" StartScreen="true" />
      <OcrThreshold>0</OcrThreshold>
      <ExtractFirstValue>true</ExtractFirstValue>
      <IsPopulationTrigger>false</IsPopulationTrigger>
      <OptionsPopulatedBy></OptionsPopulatedBy>
      <IsCalculationTarget>false</IsCalculationTarget>
    </IndexField>
    <IndexField Name="PDFAuthor" FieldId="2" Index="1" Array="false" IndexLevel="1" ReadOnly="false" source="Input" ListOrder="1" LabelText="PDF Author">
      <SampleRect></SampleRect>
      <SamplePageId></SamplePageId>
      <FieldValidation IndexFieldType="String" Required="false" />
      <OcrEngineName>Advanced_MP_FullText_English.reco</OcrEngineName>
      <OcrThreshold>0</OcrThreshold>
      <ExtractFirstValue>true</ExtractFirstValue>
      <IsPopulationTrigger>false</IsPopulationTrigger>
      <OptionsPopulatedBy></OptionsPopulatedBy>
      <IsCalculationTarget>false</IsCalculationTarget>
    </IndexField>
    <IndexField Name="PDFSubject" FieldId="3" Index="2" Array="false" IndexLevel="1" ReadOnly="false" source="Input" ListOrder="2" LabelText="PDF Subject">
      <SampleRect></SampleRect>
      <SamplePageId></SamplePageId>
      <FieldValidation IndexFieldType="String" Required="false" />
      <OcrEngineName>Advanced_MP_FullText_English.reco</OcrEngineName>
      <OcrThreshold>0</OcrThreshold>
      <ExtractFirstValue>true</ExtractFirstValue>
      <IsPopulationTrigger>false</IsPopulationTrigger>
      <OptionsPopulatedBy></OptionsPopulatedBy>
      <IsCalculationTarget>false</IsCalculationTarget>
    </IndexField>
    <IndexField Name="PDFKeywords" FieldId="4" Index="3" Array="false" IndexLevel="1" ReadOnly="false" source="Input" ListOrder="3" LabelText="PDF Keywords">
      <SampleRect></SampleRect>
      <SamplePageId></SamplePageId>
      <FieldValidation IndexFieldType="String" Required="false" />
      <OcrEngineName>Advanced_MP_FullText_English.reco</OcrEngineName>
      <OcrThreshold>0</OcrThreshold>
      <ExtractFirstValue>true</ExtractFirstValue>
      <IsPopulationTrigger>false</IsPopulationTrigger>
      <OptionsPopulatedBy></OptionsPopulatedBy>
      <IsCalculationTarget>false</IsCalculationTarget>
    </IndexField>
  </Fields>
  <DataEntryForm>
    <FormControlSet>
      <FormControl Name="PDFTitle" ControlType="TextBox" BoundIndexfield="PDFTitle" Rect="25,20,580,20" SectionName="Segment1" />
      <FormControl Name="FC1" ControlType="Label" BoundIndexfield="PDFTitle" Rect="25,-0.5833333333333357,59.46,20.583333333333336" SectionName="Segment1">
        <DataText>PDF Title</DataText>
      </FormControl>
      <FormControl Name="PDFAuthor" ControlType="TextBox" BoundIndexfield="PDFAuthor" Rect="25,60,580,20" SectionName="Segment1" ListOrder="1" />
      <FormControl Name="FC2" ControlType="Label" BoundIndexfield="PDFAuthor" Rect="25,39.416666666666664,74.063333333333333,20.583333333333336" SectionName="Segment1" ListOrder="1">
        <DataText>PDF Author</DataText>
      </FormControl>
      <FormControl Name="PDFSubject" ControlType="TextBox" BoundIndexfield="PDFSubject" Rect="25,100,580,20" SectionName="Segment1" ListOrder="2" />
      <FormControl Name="FC3" ControlType="Label" BoundIndexfield="PDFSubject" Rect="25,79.416666666666657,79.13666666666667,20.583333333333336" SectionName="Segment1" ListOrder="2">
        <DataText>PDF Subject</DataText>
      </FormControl>
      <FormControl Name="PDFKeywords" ControlType="TextBox" BoundIndexfield="PDFKeywords" Rect="25,145,580,135" SectionName="Segment1" MultiLine="true" ListOrder="3" />
      <FormControl Name="FC4" ControlType="Label" BoundIndexfield="PDFKeywords" Rect="25,124.41666666666666,91.706666666666678,20.583333333333336" SectionName="Segment1" ListOrder="3">
        <DataText>PDF Keywords</DataText>
      </FormControl>
    </FormControlSet>
    <FormSectionSet>
      <FormSection Name="Segment1" LayoutType="Subform" Height="355" />
    </FormSectionSet>
  </DataEntryForm>
  <ValidationRuleSet />
  <PopulationRuleSet />
  <PdfSettings EnabledPdfCache="true" OcrEngineList="" PdfRenderingResolution="300" />
</Document>
</UIMDocRoot>
