<?xml version="1.0" encoding="UTF-8" standalone="yes" ?>
<UIMDocRoot checksum1="730314823585240862" >
<Document Name="Refinement_Receipt" DocumentType="Refinement Receipt" Author="OPENTEXT\sgangadi" UpdatedUtc="2024-10-30T14:54:02Z" Project="InformationExtraction">
  <Fields _ID_="IndexFieldSet">
    <IndexField Name="ReceiptNumber" Index="0" Array="false" IndexLevel="1" ReadOnly="false" source="Input" ListOrder="0" LabelText="Receipt Number">
      <FieldValidation IndexFieldType="String" Required="false">
        <HighlightSuggestions>false</HighlightSuggestions>
      </FieldValidation>
      <OcrEngineName>CRE:GREAT_BRITAIN</OcrEngineName>
      <StartSection _ID_="SectionDescriptor" Name="Segment1" LabelText="Segment1" StartScreen="true" />
      <ExtractFirstValue>true</ExtractFirstValue>
      <IsPopulationTrigger>false</IsPopulationTrigger>
      <OptionsPopulatedBy></OptionsPopulatedBy>
      <IsCalculationTarget>false</IsCalculationTarget>
      <InternalId>ReceiptNumber</InternalId>
    </IndexField>
    <IndexField Name="ReceiptDate" Index="1" Array="false" IndexLevel="1" ReadOnly="false" source="Input" ListOrder="1" LabelText="Completion Date">
      <FieldValidation IndexFieldType="String" Required="false">
        <HighlightSuggestions>false</HighlightSuggestions>
      </FieldValidation>
      <OcrEngineName>CRE:GREAT_BRITAIN</OcrEngineName>
      <ExtractFirstValue>true</ExtractFirstValue>
      <IsPopulationTrigger>false</IsPopulationTrigger>
      <OptionsPopulatedBy></OptionsPopulatedBy>
      <IsCalculationTarget>false</IsCalculationTarget>
      <InternalId>ReceiptDate</InternalId>
    </IndexField>
    <IndexField Name="Supervisor" Index="2" Array="false" IndexLevel="1" ReadOnly="false" source="Input" ListOrder="2" LabelText="Supervisor">
      <FieldValidation IndexFieldType="String" Required="false">
        <HighlightSuggestions>false</HighlightSuggestions>
      </FieldValidation>
      <OcrEngineName>CRE:GREAT_BRITAIN</OcrEngineName>
      <ExtractFirstValue>true</ExtractFirstValue>
      <IsPopulationTrigger>false</IsPopulationTrigger>
      <OptionsPopulatedBy></OptionsPopulatedBy>
      <IsCalculationTarget>false</IsCalculationTarget>
      <InternalId>Supervisor</InternalId>
    </IndexField>
    <IndexField Name="Quality_TargetReading" Index="3" Array="true" IndexLevel="1" ReadOnly="false" source="Input" ListOrder="3" LabelText="Target Purity">
      <FieldValidation IndexFieldType="String" Required="false" />
      <OcrEngineName>CRE:GREAT_BRITAIN</OcrEngineName>
      <StartSection _ID_="SectionDescriptor" Name="Quality" LabelText="Quality" StartScreen="false" />
      <ExtractFirstValue>true</ExtractFirstValue>
      <IsPopulationTrigger>false</IsPopulationTrigger>
      <OptionsPopulatedBy></OptionsPopulatedBy>
      <IsCalculationTarget>false</IsCalculationTarget>
      <InternalId>Quality_TargetReading</InternalId>
    </IndexField>
    <IndexField Name="Quality_FinalReading" Index="4" Array="true" IndexLevel="1" ReadOnly="false" source="Input" ListOrder="4" LabelText="Final Reading">
      <FieldValidation IndexFieldType="String" Required="false" />
      <OcrEngineName>CRE:GREAT_BRITAIN</OcrEngineName>
      <ExtractFirstValue>true</ExtractFirstValue>
      <IsPopulationTrigger>false</IsPopulationTrigger>
      <OptionsPopulatedBy></OptionsPopulatedBy>
      <IsCalculationTarget>false</IsCalculationTarget>
      <InternalId>Quality_FinalReading</InternalId>
    </IndexField>
  </Fields>
  <DataEntryForm>
    <FormControlSet>
      <FormControl Name="ReceiptNumber" ControlType="TextBox" BoundIndexfield="ReceiptNumber" Rect="20,60,100,20" SectionName="Segment1" ListOrder="0" />
      <FormControl Name="FC2" ControlType="Label" BoundIndexfield="ReceiptNumber" Rect="20,39.416666666666664,102.31333333333333,20.583333333333336" SectionName="Segment1" ListOrder="0">
        <DataText>Receipt Number</DataText>
      </FormControl>
      <FormControl Name="ReceiptDate" ControlType="TextBox" BoundIndexfield="ReceiptDate" Rect="20,100,100,20" SectionName="Segment1" ListOrder="1" />
      <FormControl Name="FC3" ControlType="Label" BoundIndexfield="ReceiptDate" Rect="20,79.416666666666657,106.71000000000001,20.583333333333336" SectionName="Segment1" ListOrder="1">
        <DataText>Completion Date</DataText>
      </FormControl>
      <FormControl Name="Supervisor" ControlType="TextBox" BoundIndexfield="Supervisor" Rect="20,140,100,20" SectionName="Segment1" ListOrder="2" />
      <FormControl Name="FC4" ControlType="Label" BoundIndexfield="Supervisor" Rect="20,119.41666666666666,70.593333333333334,20.583333333333336" SectionName="Segment1" ListOrder="2">
        <DataText>Supervisor</DataText>
      </FormControl>
      <FormControl Name="Quality_TargetReading" ControlType="TextBox" BoundIndexfield="Quality_TargetReading" Rect="20,140,100,20" SectionName="Quality" ListOrder="3" />
      <FormControl Name="FC8" ControlType="Label" BoundIndexfield="Quality_TargetReading" Rect="20,119.41666666666666,82.903333333333336,20.583333333333336" SectionName="Quality" ListOrder="3">
        <DataText>Target Purity</DataText>
      </FormControl>
      <FormControl Name="Quality_FinalReading" ControlType="TextBox" BoundIndexfield="Quality_FinalReading" Rect="20,180,100,20" SectionName="Quality" ListOrder="4" />
      <FormControl Name="FC9" ControlType="Label" BoundIndexfield="Quality_FinalReading" Rect="20,159.41666666666666,86.75,20.583333333333336" SectionName="Quality" ListOrder="4">
        <DataText>Final Reading</DataText>
      </FormControl>
    </FormControlSet>
    <FormSectionSet>
      <FormSection Name="Segment1" LayoutType="Subform" Height="235" />
      <FormSection Name="Quality" LayoutType="SubformArray" Height="275">
        <InternalId>Quality</InternalId>
      </FormSection>
    </FormSectionSet>
  </DataEntryForm>
  <ValidationRuleSet />
  <PopulationRuleSet />
  <PdfSettings EnabledPdfCache="false" OcrEngineList="" PdfRenderingResolution="300" />
  <ProjectType>IEE</ProjectType>
  <FieldNameMapSet>
    <FieldNameMap Pattern="((?!).)?$" Replacement="_Amount">
      <FieldNameMapConditionSet>
        <FieldNameMapCondition Property="IndexFieldType" Matches="^Number$">
          <UnlessSet _ID_="FieldNameMapConditionSet" />
        </FieldNameMapCondition>
        <FieldNameMapCondition Property="IndexFieldSubtype" Matches="^Amount$">
          <UnlessSet _ID_="FieldNameMapConditionSet" />
        </FieldNameMapCondition>
        <FieldNameMapCondition Property="IsTable" Matches="^false$">
          <UnlessSet _ID_="FieldNameMapConditionSet">
            <FieldNameMapCondition Property="InternalId" Matches="^InvoiceAmountBlock_TaxBlocks_">
              <UnlessSet _ID_="FieldNameMapConditionSet" />
            </FieldNameMapCondition>
          </UnlessSet>
        </FieldNameMapCondition>
      </FieldNameMapConditionSet>
    </FieldNameMap>
  </FieldNameMapSet>
</Document>
</UIMDocRoot>
