<?xml version="1.0" encoding="UTF-8" standalone="yes" ?>
<UIMDocRoot checksum1="598131424008088592" >
<Document Name="SalesforceOrder" DocumentType="SalesforceOrder" Author="SNAPDSGNR-SF\Administrator" UpdatedUtc="2019-03-21T15:39:50Z" Project="Default">
  <Fields _ID_="IndexFieldSet">
    <IndexField Name="PONumber" FieldId="1" IndexLevel="1" ReadOnly="false" source="Input" LabelText="PONumber">
      <SampleRect></SampleRect>
      <SamplePageId></SamplePageId>
      <FieldValidation IndexFieldType="String" Required="false" />
      <OcrEngineName>Western_FullText.reco</OcrEngineName>
      <StartSection _ID_="SectionDescriptor" Name="Segment1" LabelText="Segment1" StartScreen="true" />
      <OcrThreshold>0</OcrThreshold>
      <ExtractFirstValue>true</ExtractFirstValue>
      <IsPopulationTrigger>false</IsPopulationTrigger>
      <OptionsPopulatedBy></OptionsPopulatedBy>
      <IsCalculationTarget>false</IsCalculationTarget>
    </IndexField>
    <IndexField Name="PODate" FieldId="2" IndexFieldType="String" Index="1" Array="false" IndexLevel="1" ReadOnly="false" source="Input" ListOrder="1" LabelText="PO Date">
      <SampleRect></SampleRect>
      <SamplePageId></SamplePageId>
      <FieldValidation IndexFieldType="String" Required="false" ViewFormat="" />
      <OcrEngineName>Western_FullText.reco</OcrEngineName>
      <OcrThreshold>0</OcrThreshold>
      <ExtractFirstValue>true</ExtractFirstValue>
      <IsPopulationTrigger>false</IsPopulationTrigger>
      <OptionsPopulatedBy></OptionsPopulatedBy>
      <IsCalculationTarget>false</IsCalculationTarget>
    </IndexField>
    <IndexField Name="POReference" FieldId="16" Index="2" Array="false" IndexLevel="1" ReadOnly="false" source="Input" ListOrder="2" LabelText="PO Reference">
      <SampleRect></SampleRect>
      <SamplePageId></SamplePageId>
      <FieldValidation IndexFieldType="String" Required="false" />
      <OcrEngineName>Western_FullText.reco</OcrEngineName>
      <OcrThreshold>0</OcrThreshold>
      <ExtractFirstValue>true</ExtractFirstValue>
      <IsPopulationTrigger>false</IsPopulationTrigger>
      <OptionsPopulatedBy></OptionsPopulatedBy>
      <IsCalculationTarget>false</IsCalculationTarget>
    </IndexField>
    <IndexField Name="ShippingStreet" FieldId="3" Index="3" Array="false" IndexLevel="1" ReadOnly="false" source="Input" ListOrder="3" LabelText="Shipping Street">
      <SampleRect></SampleRect>
      <SamplePageId></SamplePageId>
      <FieldValidation IndexFieldType="String" Required="false" />
      <OcrEngineName>Western_FullText.reco</OcrEngineName>
      <OcrThreshold>0</OcrThreshold>
      <ExtractFirstValue>true</ExtractFirstValue>
      <IsPopulationTrigger>false</IsPopulationTrigger>
      <OptionsPopulatedBy></OptionsPopulatedBy>
      <IsCalculationTarget>false</IsCalculationTarget>
    </IndexField>
    <IndexField Name="ShippingCity" FieldId="4" Index="4" Array="false" IndexLevel="1" ReadOnly="false" source="Input" ListOrder="4" LabelText="Shipping City">
      <SampleRect></SampleRect>
      <SamplePageId></SamplePageId>
      <FieldValidation IndexFieldType="String" Required="false" />
      <OcrEngineName>Western_FullText.reco</OcrEngineName>
      <OcrThreshold>0</OcrThreshold>
      <ExtractFirstValue>true</ExtractFirstValue>
      <IsPopulationTrigger>false</IsPopulationTrigger>
      <OptionsPopulatedBy></OptionsPopulatedBy>
      <IsCalculationTarget>false</IsCalculationTarget>
    </IndexField>
    <IndexField Name="ShippingState" FieldId="5" Index="5" Array="false" IndexLevel="1" ReadOnly="false" source="Input" ListOrder="5" LabelText="Shipping State">
      <SampleRect></SampleRect>
      <SamplePageId></SamplePageId>
      <FieldValidation IndexFieldType="String" Required="false" />
      <OcrEngineName>Western_FullText.reco</OcrEngineName>
      <OcrThreshold>0</OcrThreshold>
      <ExtractFirstValue>true</ExtractFirstValue>
      <IsPopulationTrigger>false</IsPopulationTrigger>
      <OptionsPopulatedBy></OptionsPopulatedBy>
      <IsCalculationTarget>false</IsCalculationTarget>
    </IndexField>
    <IndexField Name="ShippingZIP" FieldId="6" Index="6" Array="false" IndexLevel="1" ReadOnly="false" source="Input" ListOrder="6" LabelText="Shipping ZIP">
      <SampleRect></SampleRect>
      <SamplePageId></SamplePageId>
      <FieldValidation IndexFieldType="String" Required="false" />
      <OcrEngineName>Western_FullText.reco</OcrEngineName>
      <OcrThreshold>0</OcrThreshold>
      <ExtractFirstValue>true</ExtractFirstValue>
      <IsPopulationTrigger>false</IsPopulationTrigger>
      <OptionsPopulatedBy></OptionsPopulatedBy>
      <IsCalculationTarget>false</IsCalculationTarget>
    </IndexField>
    <IndexField Name="BillingStreet" FieldId="7" Index="7" Array="false" IndexLevel="1" ReadOnly="false" source="Input" ListOrder="7" LabelText="Billing Street">
      <SampleRect></SampleRect>
      <SamplePageId></SamplePageId>
      <FieldValidation IndexFieldType="String" Required="false" />
      <OcrEngineName>Western_FullText.reco</OcrEngineName>
      <OcrThreshold>0</OcrThreshold>
      <ExtractFirstValue>true</ExtractFirstValue>
      <IsPopulationTrigger>false</IsPopulationTrigger>
      <OptionsPopulatedBy></OptionsPopulatedBy>
      <IsCalculationTarget>false</IsCalculationTarget>
    </IndexField>
    <IndexField Name="BillingCity" FieldId="8" Index="8" Array="false" IndexLevel="1" ReadOnly="false" source="Input" ListOrder="8" LabelText="Billing City">
      <SampleRect></SampleRect>
      <SamplePageId></SamplePageId>
      <FieldValidation IndexFieldType="String" Required="false" />
      <OcrEngineName>Western_FullText.reco</OcrEngineName>
      <OcrThreshold>0</OcrThreshold>
      <ExtractFirstValue>true</ExtractFirstValue>
      <IsPopulationTrigger>false</IsPopulationTrigger>
      <OptionsPopulatedBy></OptionsPopulatedBy>
      <IsCalculationTarget>false</IsCalculationTarget>
    </IndexField>
    <IndexField Name="BillingState" FieldId="9" Index="9" Array="false" IndexLevel="1" ReadOnly="false" source="Input" ListOrder="9" LabelText="Billing State">
      <SampleRect></SampleRect>
      <SamplePageId></SamplePageId>
      <FieldValidation IndexFieldType="String" Required="false" />
      <OcrEngineName>Western_FullText.reco</OcrEngineName>
      <OcrThreshold>0</OcrThreshold>
      <ExtractFirstValue>true</ExtractFirstValue>
      <IsPopulationTrigger>false</IsPopulationTrigger>
      <OptionsPopulatedBy></OptionsPopulatedBy>
      <IsCalculationTarget>false</IsCalculationTarget>
    </IndexField>
    <IndexField Name="BillingZIP" FieldId="10" Index="10" Array="false" IndexLevel="1" ReadOnly="false" source="Input" ListOrder="10" LabelText="Billing ZIP">
      <SampleRect></SampleRect>
      <SamplePageId></SamplePageId>
      <FieldValidation IndexFieldType="String" Required="false" />
      <OcrEngineName>Western_FullText.reco</OcrEngineName>
      <OcrThreshold>0</OcrThreshold>
      <ExtractFirstValue>true</ExtractFirstValue>
      <IsPopulationTrigger>false</IsPopulationTrigger>
      <OptionsPopulatedBy></OptionsPopulatedBy>
      <IsCalculationTarget>false</IsCalculationTarget>
    </IndexField>
    <IndexField Name="OrderAmount" FieldId="11" IndexFieldType="Number" Index="11" Array="false" IndexLevel="1" ReadOnly="false" source="Input" ListOrder="11" LabelText="Order Amount">
      <SampleRect></SampleRect>
      <SamplePageId></SamplePageId>
      <FieldValidation IndexFieldType="Number" Required="false" ViewFormat="n" />
      <OcrEngineName>Western_FullText.reco</OcrEngineName>
      <OcrThreshold>0</OcrThreshold>
      <ExtractFirstValue>true</ExtractFirstValue>
      <IsPopulationTrigger>false</IsPopulationTrigger>
      <OptionsPopulatedBy></OptionsPopulatedBy>
      <IsCalculationTarget>false</IsCalculationTarget>
    </IndexField>
  </Fields>
  <DataEntryForm>
    <FormControlSet>
      <FormControl Name="PONumber" ControlType="TextBox" BoundIndexfield="PONumber" Rect="20,20,170,20" SectionName="Segment1" />
      <FormControl Name="FC1" ControlType="Label" BoundIndexfield="PONumber" Rect="20,-0.5833333333333357,70.673333333333332,20.583333333333336" SectionName="Segment1">
        <DataText>PONumber</DataText>
      </FormControl>
      <FormControl Name="PODate" ControlType="TextBox" BoundIndexfield="PODate" Rect="20,60,170,20" SectionName="Segment1" ListOrder="1" />
      <FormControl Name="FC2" ControlType="Label" BoundIndexfield="PODate" Rect="20,39.416666666666664,55.236666666666672,20.583333333333336" SectionName="Segment1" ListOrder="1">
        <DataText>PO Date</DataText>
      </FormControl>
      <FormControl Name="POReference" ControlType="TextBox" BoundIndexfield="POReference" Rect="20,500,100,20" SectionName="Segment1" ListOrder="2" />
      <FormControl Name="FC6" ControlType="Label" BoundIndexfield="POReference" Rect="20,479.41666666666669,86.740000000000009,20.583333333333336" SectionName="Segment1" ListOrder="2">
        <DataText>PO Reference</DataText>
      </FormControl>
      <FormControl Name="ShippingStreet" ControlType="TextBox" BoundIndexfield="ShippingStreet" Rect="20,260,100,20" SectionName="Segment1" ListOrder="3" />
      <FormControl Name="FC11" ControlType="Label" BoundIndexfield="ShippingStreet" Rect="20,239.41666666666666,99.710000000000008,20.583333333333336" SectionName="Segment1" ListOrder="3">
        <DataText>Shipping Street</DataText>
      </FormControl>
      <FormControl Name="ShippingCity" ControlType="TextBox" BoundIndexfield="ShippingCity" Rect="20,100,170,20" SectionName="Segment1" MultiLine="false" ListOrder="4" />
      <FormControl Name="FC3" ControlType="Label" BoundIndexfield="ShippingCity" Rect="20,79.416666666666657,86.070000000000007,20.583333333333336" SectionName="Segment1" ListOrder="4">
        <DataText>Shipping City</DataText>
      </FormControl>
      <FormControl Name="ShippingState" ControlType="TextBox" BoundIndexfield="ShippingState" Rect="20,300,100,20" SectionName="Segment1" ListOrder="5" />
      <FormControl Name="FC12" ControlType="Label" BoundIndexfield="ShippingState" Rect="20,279.41666666666669,94.646666666666675,20.583333333333336" SectionName="Segment1" ListOrder="5">
        <DataText>Shipping State</DataText>
      </FormControl>
      <FormControl Name="ShippingZIP" ControlType="TextBox" BoundIndexfield="ShippingZIP" Rect="20,340,100,20" SectionName="Segment1" ListOrder="6" />
      <FormControl Name="FC13" ControlType="Label" BoundIndexfield="ShippingZIP" Rect="20,319.41666666666669,83.13333333333334,20.583333333333336" SectionName="Segment1" ListOrder="6">
        <DataText>Shipping ZIP</DataText>
      </FormControl>
      <FormControl Name="BillingStreet" ControlType="TextBox" BoundIndexfield="BillingStreet" Rect="20,140,170,20" SectionName="Segment1" MultiLine="false" ListOrder="7" />
      <FormControl Name="FC4" ControlType="Label" BoundIndexfield="BillingStreet" Rect="20,119.41666666666666,83.773333333333341,20.583333333333336" SectionName="Segment1" ListOrder="7">
        <DataText>Billing Street</DataText>
      </FormControl>
      <FormControl Name="BillingCity" ControlType="TextBox" BoundIndexfield="BillingCity" Rect="20,380,100,20" SectionName="Segment1" ListOrder="8" />
      <FormControl Name="FC14" ControlType="Label" BoundIndexfield="BillingCity" Rect="20,359.41666666666669,70.13333333333334,20.583333333333336" SectionName="Segment1" ListOrder="8">
        <DataText>Billing City</DataText>
      </FormControl>
      <FormControl Name="BillingState" ControlType="TextBox" BoundIndexfield="BillingState" Rect="20,420,100,20" SectionName="Segment1" ListOrder="9" />
      <FormControl Name="FC15" ControlType="Label" BoundIndexfield="BillingState" Rect="20,399.41666666666669,78.710000000000008,20.583333333333336" SectionName="Segment1" ListOrder="9">
        <DataText>Billing State</DataText>
      </FormControl>
      <FormControl Name="BillingZIP" ControlType="TextBox" BoundIndexfield="BillingZIP" Rect="20,460,100,20" SectionName="Segment1" ListOrder="10" />
      <FormControl Name="FC16" ControlType="Label" BoundIndexfield="BillingZIP" Rect="20,439.41666666666669,67.196666666666673,20.583333333333336" SectionName="Segment1" ListOrder="10">
        <DataText>Billing ZIP</DataText>
      </FormControl>
      <FormControl Name="OrderAmount" ControlType="TextBox" BoundIndexfield="OrderAmount" Rect="20,180,170,20" SectionName="Segment1" ListOrder="11" />
      <FormControl Name="FC5" ControlType="Label" BoundIndexfield="OrderAmount" Rect="20,159.41666666666666,91.61,20.583333333333336" SectionName="Segment1" ListOrder="11">
        <DataText>Order Amount</DataText>
      </FormControl>
    </FormControlSet>
    <FormSectionSet>
      <FormSection Name="Segment1" LayoutType="Subform" Height="595" />
    </FormSectionSet>
  </DataEntryForm>
  <ValidationRuleSet />
  <TemplateIdList>159,160,161,162,163,164,165</TemplateIdList>
  <PopulationRuleSet />
  <PdfSettings EnabledPdfCache="true" OcrEngineList="" PdfRenderingResolution="300" />
</Document>
</UIMDocRoot>
