<?xml version="1.0" encoding="UTF-8" standalone="yes" ?>
<UIMDocRoot checksum1="166608109022759493" >
<Document Name="TestQABrokerStatementNew" DocumentType="TestQABrokerStatementNew" Author="OPENTEXT\sgangadi" UpdatedUtc="2024-10-30T06:37:58Z" Locale="" Project="Default" Position="UserDocking">
  <Fields _ID_="IndexFieldSet">
    <IndexField Name="To" FieldId="1" Index="0" Array="false" ConfirmKind="NeverConfirm" IndexLevel="1" ReadOnly="false" source="Input" ListOrder="1" LabelText="To">
      <SampleRect>29.12,57.6,203.2,87.68</SampleRect>
      <SamplePageId>-1</SamplePageId>
      <FieldValidation IndexFieldType="String" Required="false" />
      <OcrEngineName>Advanced_MP_FullText_English.reco</OcrEngineName>
      <StartSection _ID_="SectionDescriptor" Name="Segment_1" LabelText="Segment_1" StartScreen="true" />
      <OcrThreshold>0</OcrThreshold>
      <ExtractFirstValue>true</ExtractFirstValue>
      <IsPopulationTrigger>false</IsPopulationTrigger>
      <OptionsPopulatedBy></OptionsPopulatedBy>
      <IsCalculationTarget>false</IsCalculationTarget>
    </IndexField>
    <IndexField Name="From" FieldId="2" Index="1" Array="false" IndexLevel="1" ReadOnly="false" source="Input" ListOrder="3" LabelText="From">
      <SampleRect>400.64,59.2,189.12,60.48</SampleRect>
      <SamplePageId>-1</SamplePageId>
      <FieldValidation IndexFieldType="String" Required="false" />
      <OcrEngineName>Advanced_MP_FullText_English.reco</OcrEngineName>
      <OcrThreshold>0</OcrThreshold>
      <ExtractFirstValue>true</ExtractFirstValue>
      <IsPopulationTrigger>false</IsPopulationTrigger>
      <OptionsPopulatedBy></OptionsPopulatedBy>
      <IsCalculationTarget>false</IsCalculationTarget>
    </IndexField>
    <IndexField Name="ProceducerCode" FieldId="3" Index="2" Array="false" IndexLevel="1" ReadOnly="false" source="Input" ListOrder="5" LabelText="Proceducer Code">
      <SampleRect>478.72,138.88,98.24,18.56</SampleRect>
      <SamplePageId>-1</SamplePageId>
      <FieldValidation IndexFieldType="String" Required="false" />
      <OcrEngineName>Advanced_MP_Num.reco</OcrEngineName>
      <OcrThreshold>0</OcrThreshold>
      <ExtractFirstValue>true</ExtractFirstValue>
      <IsPopulationTrigger>false</IsPopulationTrigger>
      <OptionsPopulatedBy></OptionsPopulatedBy>
      <IsCalculationTarget>false</IsCalculationTarget>
    </IndexField>
    <IndexField Name="CompanyCode" FieldId="4" Index="3" Array="false" IndexLevel="1" ReadOnly="false" source="Input" ListOrder="6" LabelText="Company Code">
      <SampleRect>912.64,136.64,85.12,23.36</SampleRect>
      <SamplePageId>-1</SamplePageId>
      <FieldValidation IndexFieldType="String" Required="false" />
      <OcrEngineName>Advanced_MP_Num.reco</OcrEngineName>
      <OcrThreshold>0</OcrThreshold>
      <ExtractFirstValue>true</ExtractFirstValue>
      <IsPopulationTrigger>false</IsPopulationTrigger>
      <OptionsPopulatedBy></OptionsPopulatedBy>
      <IsCalculationTarget>false</IsCalculationTarget>
    </IndexField>
    <IndexField Name="MonthProducerCompanyCode" FieldId="5" Index="4" Array="false" IndexLevel="1" ReadOnly="false" source="Input" ListOrder="7" LabelText="Month Producer Company Code">
      <SampleRect>539.84,691.52,98.24,22.08</SampleRect>
      <SamplePageId>-1</SamplePageId>
      <FieldValidation IndexFieldType="String" Required="false" />
      <OcrEngineName>Advanced_MP_Num.reco</OcrEngineName>
      <OcrThreshold>0</OcrThreshold>
      <ExtractFirstValue>true</ExtractFirstValue>
      <IsPopulationTrigger>false</IsPopulationTrigger>
      <OptionsPopulatedBy></OptionsPopulatedBy>
      <IsCalculationTarget>false</IsCalculationTarget>
    </IndexField>
    <IndexField Name="Date" FieldId="6" IndexFieldType="DateTime" Index="5" Array="false" ConfirmKind="NeverConfirm" IndexLevel="1" ReadOnly="false" source="Input" ListOrder="8" LabelText="Date">
      <SampleRect>905.6,74.56,112.96,24.32</SampleRect>
      <SamplePageId>-1</SamplePageId>
      <FieldValidation IndexFieldType="DateTime" Required="false" ViewFormat="g" />
      <OcrEngineName>Advanced_MP_FullText_English.reco</OcrEngineName>
      <OcrThreshold>0</OcrThreshold>
      <ExtractFirstValue>true</ExtractFirstValue>
      <IsPopulationTrigger>false</IsPopulationTrigger>
      <OptionsPopulatedBy></OptionsPopulatedBy>
      <IsCalculationTarget>false</IsCalculationTarget>
    </IndexField>
    <IndexField Name="AccountMonth" FieldId="7" IndexFieldType="DateTime" Index="6" Array="false" IndexLevel="1" ReadOnly="false" source="Input" SummaryField="true" ListOrder="9" LabelText="Account Month">
      <SampleRect>908.16,116.16,96.64,18.88</SampleRect>
      <SamplePageId>-1</SamplePageId>
      <FieldValidation IndexFieldType="DateTime" Required="false" ViewFormat="Y" />
      <OcrEngineName>Advanced_MP_FullText_English.reco</OcrEngineName>
      <OcrThreshold>0</OcrThreshold>
      <ExtractFirstValue>true</ExtractFirstValue>
      <IsPopulationTrigger>false</IsPopulationTrigger>
      <OptionsPopulatedBy></OptionsPopulatedBy>
      <IsCalculationTarget>false</IsCalculationTarget>
    </IndexField>
    <IndexField Name="ItemNumber" FieldId="10" Index="7" Array="true" IndexLevel="1" ReadOnly="false" source="Input" ListOrder="10" LabelText="Number">
      <SampleRect></SampleRect>
      <SamplePageId></SamplePageId>
      <FieldValidation IndexFieldType="String" Required="false" />
      <OcrEngineName>Advanced_MP_Num.reco</OcrEngineName>
      <StartSection _ID_="SectionDescriptor" Name="Table_1" LabelText="Table_1" StartScreen="false" />
      <OcrThreshold>0</OcrThreshold>
      <ExtractFirstValue>true</ExtractFirstValue>
      <IsPopulationTrigger>false</IsPopulationTrigger>
      <OptionsPopulatedBy></OptionsPopulatedBy>
      <IsCalculationTarget>false</IsCalculationTarget>
    </IndexField>
    <IndexField Name="ItemInsuredName" FieldId="11" Index="8" Array="true" IndexLevel="1" ReadOnly="false" source="Input" ListOrder="11" LabelText="Insured name">
      <SampleRect></SampleRect>
      <SamplePageId></SamplePageId>
      <FieldValidation IndexFieldType="String" Required="false" />
      <OcrEngineName>Advanced_MP_FullText_English.reco</OcrEngineName>
      <OcrThreshold>0</OcrThreshold>
      <ExtractFirstValue>true</ExtractFirstValue>
      <IsPopulationTrigger>false</IsPopulationTrigger>
      <OptionsPopulatedBy></OptionsPopulatedBy>
      <IsCalculationTarget>false</IsCalculationTarget>
    </IndexField>
    <IndexField Name="ItemPolicyNumber" FieldId="12" IndexFieldType="Number" Index="9" Array="true" IndexLevel="1" ReadOnly="false" source="Input" ListOrder="12" LabelText="Policy Number">
      <SampleRect></SampleRect>
      <SamplePageId></SamplePageId>
      <FieldValidation IndexFieldType="Number" Required="false" />
      <OcrEngineName>Advanced_MP_Num.reco</OcrEngineName>
      <OcrThreshold>0</OcrThreshold>
      <ExtractFirstValue>true</ExtractFirstValue>
      <IsPopulationTrigger>false</IsPopulationTrigger>
      <OptionsPopulatedBy></OptionsPopulatedBy>
      <IsCalculationTarget>false</IsCalculationTarget>
    </IndexField>
    <IndexField Name="ClientCode" FieldId="15" Index="10" Array="true" IndexLevel="1" ReadOnly="false" source="Input" ListOrder="13" LabelText="Client Code">
      <SampleRect></SampleRect>
      <SamplePageId></SamplePageId>
      <FieldValidation IndexFieldType="String" Required="false" />
      <OcrEngineName>Advanced_MP_Num.reco</OcrEngineName>
      <OcrThreshold>0</OcrThreshold>
      <ExtractFirstValue>true</ExtractFirstValue>
      <IsPopulationTrigger>false</IsPopulationTrigger>
      <OptionsPopulatedBy></OptionsPopulatedBy>
      <IsCalculationTarget>false</IsCalculationTarget>
    </IndexField>
    <IndexField Name="ItemeffectiveDate" FieldId="13" IndexFieldType="DateTime" Index="11" Array="true" IndexLevel="1" ReadOnly="false" source="Input" ListOrder="14" LabelText="Effective Date">
      <SampleRect></SampleRect>
      <SamplePageId></SamplePageId>
      <FieldValidation IndexFieldType="DateTime" Required="false" MinVal="39995" MaxVal="40025" CheckMin="true" CheckMax="true" ViewFormat="U" FloatDateOrPartial="false" />
      <OcrEngineName>Advanced_MP_Num.reco</OcrEngineName>
      <OcrThreshold>0</OcrThreshold>
      <ExtractFirstValue>true</ExtractFirstValue>
      <IsPopulationTrigger>false</IsPopulationTrigger>
      <OptionsPopulatedBy></OptionsPopulatedBy>
      <IsCalculationTarget>false</IsCalculationTarget>
    </IndexField>
    <IndexField Name="ItemGrossPremium" FieldId="14" IndexFieldType="Number" Index="12" Array="true" IndexLevel="1" ReadOnly="false" source="Input" ListOrder="15" LabelText="Gross Premium">
      <SampleRect></SampleRect>
      <SamplePageId></SamplePageId>
      <FieldValidation IndexFieldType="Number" Required="false" ViewFormat="C3" />
      <OcrEngineName>Advanced_MP_Num.reco</OcrEngineName>
      <OcrThreshold>0</OcrThreshold>
      <ExtractFirstValue>true</ExtractFirstValue>
      <IsPopulationTrigger>false</IsPopulationTrigger>
      <OptionsPopulatedBy></OptionsPopulatedBy>
      <IsCalculationTarget>false</IsCalculationTarget>
    </IndexField>
    <IndexField Name="ItemCommissionRate" FieldId="16" IndexFieldType="Number" Index="13" Array="true" IndexLevel="1" ReadOnly="false" source="Input" ListOrder="16" LabelText="Commision Rate">
      <SampleRect></SampleRect>
      <SamplePageId></SamplePageId>
      <FieldValidation IndexFieldType="Number" Required="false" ViewFormat="p" />
      <OcrEngineName>Advanced_MP_Num.reco</OcrEngineName>
      <OcrThreshold>0</OcrThreshold>
      <ExtractFirstValue>true</ExtractFirstValue>
      <IsPopulationTrigger>false</IsPopulationTrigger>
      <OptionsPopulatedBy></OptionsPopulatedBy>
      <IsCalculationTarget>false</IsCalculationTarget>
      <IndexFieldSubtype>Percent</IndexFieldSubtype>
    </IndexField>
    <IndexField Name="ItemNetPremium" FieldId="17" IndexFieldType="Number" Index="14" Array="true" IndexLevel="1" ReadOnly="false" source="Input" ListOrder="17" LabelText="Net Premium">
      <SampleRect></SampleRect>
      <SamplePageId></SamplePageId>
      <FieldValidation IndexFieldType="Number" Required="false" ViewFormat="C2" />
      <OcrEngineName>Advanced_MP_Num.reco</OcrEngineName>
      <OcrThreshold>0</OcrThreshold>
      <ExtractFirstValue>true</ExtractFirstValue>
      <IsPopulationTrigger>false</IsPopulationTrigger>
      <OptionsPopulatedBy></OptionsPopulatedBy>
      <IsCalculationTarget>false</IsCalculationTarget>
    </IndexField>
    <IndexField Name="TotalGrossPremium" FieldId="8" IndexFieldType="Number" Index="15" Array="false" ConfirmKind="NeverConfirm" IndexLevel="1" ReadOnly="false" source="Input" ListOrder="18" LabelText="Total Gross Premium">
      <SampleRect>783.04,673.28,102.08,20.48</SampleRect>
      <SamplePageId>-1</SamplePageId>
      <FieldValidation IndexFieldType="Number" Required="false" ViewFormat="C3" />
      <OcrEngineName>Advanced_MP_Num.reco</OcrEngineName>
      <StartSection _ID_="SectionDescriptor" Name="Section_2" LabelText="Segment_1" StartScreen="false" />
      <OcrThreshold>0</OcrThreshold>
      <ExtractFirstValue>true</ExtractFirstValue>
      <IsPopulationTrigger>false</IsPopulationTrigger>
      <OptionsPopulatedBy></OptionsPopulatedBy>
      <IsCalculationTarget>false</IsCalculationTarget>
    </IndexField>
    <IndexField Name="TotalNetPremium" FieldId="9" IndexFieldType="Number" Index="16" Array="false" ConfirmKind="NeverConfirm" IndexLevel="1" ReadOnly="false" source="Input" ListOrder="19" LabelText="Total Net Premium">
      <SampleRect>914.24,673.28,112.96,15.04</SampleRect>
      <SamplePageId>-1</SamplePageId>
      <FieldValidation IndexFieldType="Number" Required="false" ViewFormat="C3" />
      <OcrEngineName>Advanced_MP_Num.reco</OcrEngineName>
      <OcrThreshold>0</OcrThreshold>
      <ExtractFirstValue>true</ExtractFirstValue>
      <IsPopulationTrigger>false</IsPopulationTrigger>
      <OptionsPopulatedBy></OptionsPopulatedBy>
      <IsCalculationTarget>false</IsCalculationTarget>
    </IndexField>
  </Fields>
  <DataEntryForm>
    <FormControlSet>
      <FormControl Name="StatementTo" StyleName="CustomerStyle" ControlType="GroupBox" Rect="20,20,300,195" SectionName="Segment_1" ListOrder="0">
        <DataText>Statement For</DataText>
      </FormControl>
      <FormControl Name="FC6" StyleName="Bold" ControlType="Label" BoundIndexfield="To" Rect="40,59.416666666666664,19.39,20.583333333333336" SectionName="Segment_1" ListOrder="1">
        <DataText>To</DataText>
      </FormControl>
      <FormControl Name="To" StyleName="CustomerStyle" ControlType="TextBox" BoundIndexfield="To" Rect="40,80,240,80" SectionName="Segment_1" MultiLine="true" ListOrder="1" />
      <FormControl Name="StatementFrom" StyleName="CustomerStyle" ControlType="GroupBox" Rect="340,20,280,195" SectionName="Segment_1" ListOrder="2">
        <DataText>Statement From</DataText>
      </FormControl>
      <FormControl Name="FC7" StyleName="BoldStyle" ControlType="Label" BoundIndexfield="From" Rect="360,49.416666666666664,36.973333333333336,20.583333333333336" SectionName="Segment_1" ListOrder="3">
        <DataText>From</DataText>
      </FormControl>
      <FormControl Name="From" StyleName="TotalStyle" ControlType="TextBox" BoundIndexfield="From" Rect="360,70,240,80" SectionName="Segment_1" MultiLine="true" ListOrder="3" />
      <FormControl Name="StatementSummary" StyleName="Bold" ControlType="GroupBox" Rect="640,25,475,190" SectionName="Segment_1" ListOrder="4">
        <DataText>Statement Summary</DataText>
      </FormControl>
      <FormControl Name="ProceducerCode" StyleName="TotalStyle" ControlType="TextBox" BoundIndexfield="ProceducerCode" Rect="360,170,100,20" SectionName="Segment_1" ListOrder="5" />
      <FormControl Name="FC3" StyleName="BoldStyle" ControlType="Label" BoundIndexfield="ProceducerCode" Rect="360,149.41666666666666,107.14666666666668,20.583333333333336" SectionName="Segment_1" ListOrder="5">
        <DataText>Proceducer Code</DataText>
      </FormControl>
      <FormControl Name="CompanyCode" ControlType="TextBox" BoundIndexfield="CompanyCode" Rect="675,95,100,20" SectionName="Segment_1" ListOrder="6" />
      <FormControl Name="FC4" StyleName="Bold" ControlType="Label" BoundIndexfield="CompanyCode" Rect="675,74.416666666666657,97.106666666666669,20.583333333333336" SectionName="Segment_1" ListOrder="6">
        <DataText>Company Code</DataText>
      </FormControl>
      <FormControl Name="MonthProducerCompanyCode" ControlType="TextBox" BoundIndexfield="MonthProducerCompanyCode" Rect="820,165,100,20" SectionName="Segment_1" ListOrder="7" />
      <FormControl Name="FC5" StyleName="Bold" ControlType="Label" BoundIndexfield="MonthProducerCompanyCode" Rect="820,144.41666666666666,196.09333333333333,20.583333333333336" SectionName="Segment_1" ListOrder="7">
        <DataText>Month Producer Company Code</DataText>
      </FormControl>
      <FormControl Name="FC1" StyleName="Bold" ControlType="Label" BoundIndexfield="Date" Rect="825,74.416666666666657,34.333333333333336,20.583333333333336" SectionName="Segment_1" ListOrder="8">
        <DataText>Date</DataText>
      </FormControl>
      <FormControl Name="Date" ControlType="TextBox" BoundIndexfield="Date" Rect="825,95,100,20" SectionName="Segment_1" ListOrder="8" />
      <FormControl Name="AccountMonth" ControlType="TextBox" BoundIndexfield="AccountMonth" Rect="670,165,100,20" SectionName="Segment_1" ListOrder="9" />
      <FormControl Name="FC2" StyleName="Bold" ControlType="Label" BoundIndexfield="AccountMonth" Rect="670,144.41666666666666,95.443333333333342,20.583333333333336" SectionName="Segment_1" ListOrder="9">
        <DataText>Account Month</DataText>
      </FormControl>
      <FormControl Name="FC10" StyleName="CustomerStyle" ControlType="Label" BoundIndexfield="ItemNumber" Rect="20,39.416666666666664,53.99,20.583333333333336" SectionName="Table_1" ListOrder="10">
        <DataText>Number</DataText>
      </FormControl>
      <FormControl Name="ItemNumber" StyleName="TotalStyle" ControlType="TextBox" BoundIndexfield="ItemNumber" Rect="20,60,80,20" SectionName="Table_1" ListOrder="10">
        <Tooltip>Hello World Russian = привет мир</Tooltip>
      </FormControl>
      <FormControl Name="FC11" StyleName="CustomerStyle" ControlType="Label" BoundIndexfield="ItemInsuredName" Rect="140,39.416666666666664,90.08,20.583333333333336" SectionName="Table_1" ListOrder="11">
        <DataText>Insured name</DataText>
      </FormControl>
      <FormControl Name="ItemInsuredName" StyleName="TotalStyle" ControlType="TextBox" BoundIndexfield="ItemInsuredName" Rect="140,60,340,40" SectionName="Table_1" MultiLine="true" ListOrder="11">
        <Tooltip>Hello World Chines Simplified = 你好世界</Tooltip>
      </FormControl>
      <FormControl Name="FC13" StyleName="CustomerStyle" ControlType="Label" BoundIndexfield="ItemPolicyNumber" Rect="500,39.416666666666664,92.376666666666665,20.583333333333336" SectionName="Table_1" ListOrder="12">
        <DataText>Policy Number</DataText>
      </FormControl>
      <FormControl Name="ItemPolicyNumber" StyleName="TotalStyle" ControlType="TextBox" BoundIndexfield="ItemPolicyNumber" Rect="500,60,140,20" SectionName="Table_1" ListOrder="12">
        <Tooltip>Hello World Korean = 안녕하세요 세계</Tooltip>
      </FormControl>
      <FormControl Name="FC17" StyleName="CustomerStyle" ControlType="Label" BoundIndexfield="ClientCode" Rect="65.05,179.70833333333334,74.95,20.583333333333336" SectionName="Table_1" ListOrder="13" LabelPosition="Left">
        <DataText>Client Code</DataText>
      </FormControl>
      <FormControl Name="ClientCode" StyleName="TotalStyle" ControlType="TextBox" BoundIndexfield="ClientCode" Rect="140,180,90,20" SectionName="Table_1" ListOrder="13" />
      <FormControl Name="FC12" StyleName="CustomerStyle" ControlType="Label" BoundIndexfield="ItemeffectiveDate" Rect="69.846666666666664,119.70833333333333,90.153333333333336,20.583333333333336" SectionName="Table_1" ListOrder="14" LabelPosition="Left">
        <DataText>Effective Date</DataText>
      </FormControl>
      <FormControl Name="ItemeffectiveDate" StyleName="TotalStyle" ControlType="TextBox" BoundIndexfield="ItemeffectiveDate" Rect="160,120,160,20" SectionName="Table_1" ListOrder="14">
        <Tooltip>Hello World Japanese = こんにちは世界</Tooltip>
      </FormControl>
      <FormControl Name="FC14" StyleName="CustomerStyle" ControlType="Label" BoundIndexfield="ItemGrossPremium" Rect="521.8266666666666,119.70833333333333,98.173333333333346,20.583333333333336" SectionName="Table_1" ListOrder="15" LabelPosition="Left">
        <DataText>Gross Premium</DataText>
      </FormControl>
      <FormControl Name="ItemGrossPremium" StyleName="TotalStyle" ControlType="TextBox" BoundIndexfield="ItemGrossPremium" Rect="620,120,120,20" SectionName="Table_1" ListOrder="15">
        <Tooltip>Hello World Portuguese = Olá, mundo</Tooltip>
      </FormControl>
      <FormControl Name="ItemCommissionRate" StyleName="TotalStyle" ControlType="TextBox" BoundIndexfield="ItemCommissionRate" Rect="380,180,100,20" SectionName="Table_1" ListOrder="16" />
      <FormControl Name="FC15" StyleName="CustomerStyle" ControlType="Label" BoundIndexfield="ItemCommissionRate" Rect="275.85666666666668,179.70833333333334,104.14333333333335,20.583333333333336" SectionName="Table_1" ListOrder="16" LabelPosition="Left">
        <DataText>Commision Rate</DataText>
      </FormControl>
      <FormControl Name="ItemNetPremium" StyleName="TotalStyle" ControlType="TextBox" BoundIndexfield="ItemNetPremium" Rect="660,160,100,20" SectionName="Table_1" ListOrder="17" />
      <FormControl Name="FC16" StyleName="CustomerStyle" ControlType="Label" BoundIndexfield="ItemNetPremium" Rect="575.18333333333328,159.70833333333334,84.816666666666677,20.583333333333336" SectionName="Table_1" ListOrder="17" LabelPosition="Left">
        <DataText>Net Premium</DataText>
      </FormControl>
      <FormControl Name="FC8" StyleName="BoldStyle" ControlType="Label" BoundIndexfield="TotalGrossPremium" Rect="720,59.416666666666664,131.01333333333332,20.583333333333336" SectionName="Section_2" ListOrder="18">
        <DataText>Total Gross Premium</DataText>
      </FormControl>
      <FormControl Name="TotalGrossPremium" StyleName="Bold" ControlType="TextBox" BoundIndexfield="TotalGrossPremium" Rect="720,80,175,20" SectionName="Section_2" ListOrder="18" />
      <FormControl Name="FC9" StyleName="BoldStyle" ControlType="Label" BoundIndexfield="TotalNetPremium" Rect="720,119.41666666666666,117.65666666666668,20.583333333333336" SectionName="Section_2" ListOrder="19">
        <DataText>Total Net Premium</DataText>
      </FormControl>
      <FormControl Name="TotalNetPremium" StyleName="Bold" ControlType="TextBox" BoundIndexfield="TotalNetPremium" Rect="720,140,175,20" SectionName="Section_2" ListOrder="19" />
    </FormControlSet>
    <FormSectionSet>
      <FormSection Name="Segment_1" LayoutType="Subform" Height="290" />
      <FormSection Name="Table_1" LayoutType="Grid" Height="275" />
      <FormSection Name="Section_2" LayoutType="Subform" Height="235" />
    </FormSectionSet>
  </DataEntryForm>
  <ValidationRuleSet />
  <HelpFileNameWithExtension></HelpFileNameWithExtension>
  <DocumentNameFormat>{S|FormatNumber(TotalNetPremium,"C")}</DocumentNameFormat>
  <FolderNameFormat>{S|_DocType}-{S|_FolderPosition}</FolderNameFormat>
  <TemplateIdList>29</TemplateIdList>
  <DocumentImageFormat>Unknown</DocumentImageFormat>
  <PopulationRuleSet />
  <AllowQuestionMarks>false</AllowQuestionMarks>
  <PdfSettings EnabledPdfCache="true" OcrEngineList="" PdfRenderingResolution="300" />
  <FieldNameMapSet />
</Document>
</UIMDocRoot>
