<?xml version="1.0" encoding="UTF-8" standalone="yes" ?>
<UIMDocRoot checksum1="1145218134043552295" >
<Document Name="TestDoodads" DocumentType="TestDoodads" Author="OPENTEXT\sgangadi" UpdatedUtc="2024-10-30T06:37:58Z" Locale="" Project="Default" Position="Bottom">
  <Fields _ID_="IndexFieldSet">
    <IndexField Name="InvoiceNo" FieldId="1" IndexFieldType="Number" Index="0" Array="false" ConfirmKind="NeverConfirm" IndexLevel="1" ReadOnly="false" source="Input" ListOrder="0" LabelText="Invoice No">
      <SampleRect>676.16,114.24,91.84,25.92</SampleRect>
      <SamplePageId>-1</SamplePageId>
      <FieldValidation IndexFieldType="Number" Required="false" MinVal="1" MaxVal="10000" CheckMin="true" CheckMax="true" ViewFormat="g" />
      <OcrEngineName>Advanced_MP_Num.reco</OcrEngineName>
      <StartSection _ID_="SectionDescriptor" Name="Section_1" LabelText="Segment_1" StartScreen="true" />
      <OcrThreshold>0</OcrThreshold>
      <ExtractFirstValue>true</ExtractFirstValue>
      <IsPopulationTrigger>false</IsPopulationTrigger>
      <OptionsPopulatedBy></OptionsPopulatedBy>
      <IsCalculationTarget>false</IsCalculationTarget>
      <IndexFieldSubtype>General</IndexFieldSubtype>
    </IndexField>
    <IndexField Name="Date" FieldId="2" IndexFieldType="DateTime" Index="1" Array="false" IndexLevel="1" ReadOnly="false" source="Input" ListOrder="1" LabelText="DATE">
      <SampleRect>592,113.6,80.96,26.88</SampleRect>
      <SamplePageId>-1</SamplePageId>
      <FieldValidation IndexFieldType="DateTime" Required="false" ViewFormat="d" />
      <OcrEngineName>Advanced_MP_FullText_English.reco</OcrEngineName>
      <OcrThreshold>0</OcrThreshold>
      <ExtractFirstValue>true</ExtractFirstValue>
      <IsPopulationTrigger>false</IsPopulationTrigger>
      <OptionsPopulatedBy></OptionsPopulatedBy>
      <IsCalculationTarget>false</IsCalculationTarget>
    </IndexField>
    <IndexField Name="VendorName" FieldId="3" Index="2" Array="false" IndexLevel="1" ReadOnly="false" source="Input" ListOrder="2" LabelText="VendorName">
      <SampleRect>53.12,38.72,189.76,27.2</SampleRect>
      <SamplePageId>-1</SamplePageId>
      <FieldValidation IndexFieldType="String" Required="false" />
      <OcrEngineName>Advanced_MP_FullText_English.reco</OcrEngineName>
      <OcrThreshold>0</OcrThreshold>
      <ExtractFirstValue>true</ExtractFirstValue>
      <IsPopulationTrigger>false</IsPopulationTrigger>
      <OptionsPopulatedBy></OptionsPopulatedBy>
      <IsCalculationTarget>false</IsCalculationTarget>
    </IndexField>
    <IndexField Name="VendorAddress" FieldId="4" Index="3" Array="false" IndexLevel="1" ReadOnly="false" source="Input" ListOrder="3" LabelText="VendorAddress">
      <SampleRect>42.24,68.8,208.96,23.36</SampleRect>
      <SamplePageId>-1</SamplePageId>
      <FieldValidation IndexFieldType="String" Required="false" />
      <OcrEngineName>Advanced_MP_FullText_English.reco</OcrEngineName>
      <OcrThreshold>0</OcrThreshold>
      <ExtractFirstValue>true</ExtractFirstValue>
      <IsPopulationTrigger>false</IsPopulationTrigger>
      <OptionsPopulatedBy></OptionsPopulatedBy>
      <IsCalculationTarget>false</IsCalculationTarget>
    </IndexField>
    <IndexField Name="VendorCityStateZip" FieldId="5" Index="4" Array="false" IndexLevel="1" ReadOnly="false" source="Input" ListOrder="4" LabelText="VendorCityStateZip">
      <SampleRect>38.08,90.88,215.04,21.44</SampleRect>
      <SamplePageId>-1</SamplePageId>
      <FieldValidation IndexFieldType="String" Required="false" />
      <OcrEngineName>Advanced_MP_FullText_English.reco</OcrEngineName>
      <OcrThreshold>0</OcrThreshold>
      <ExtractFirstValue>true</ExtractFirstValue>
      <IsPopulationTrigger>false</IsPopulationTrigger>
      <OptionsPopulatedBy></OptionsPopulatedBy>
      <IsCalculationTarget>false</IsCalculationTarget>
    </IndexField>
    <IndexField Name="VendorPhone" FieldId="6" Index="5" Array="false" IndexLevel="1" ReadOnly="false" source="Input" ListOrder="5" LabelText="VendorPhone">
      <SampleRect>42.24,112.96,264,22.08</SampleRect>
      <SamplePageId>-1</SamplePageId>
      <FieldValidation IndexFieldType="String" Required="false" />
      <OcrEngineName>Advanced_MP_FullText_English.reco</OcrEngineName>
      <OcrThreshold>0</OcrThreshold>
      <ExtractFirstValue>true</ExtractFirstValue>
      <IsPopulationTrigger>false</IsPopulationTrigger>
      <OptionsPopulatedBy></OptionsPopulatedBy>
      <IsCalculationTarget>false</IsCalculationTarget>
    </IndexField>
    <IndexField Name="BillToCompanyName" FieldId="7" Index="6" Array="false" IndexLevel="1" ReadOnly="false" source="Input" ListOrder="8" LabelText="BillToCompanyName">
      <SampleRect>75.84,199.68,177.92,15.36</SampleRect>
      <SamplePageId>-1</SamplePageId>
      <FieldValidation IndexFieldType="String" Required="false" />
      <OcrEngineName>Advanced_MP_FullText_English.reco</OcrEngineName>
      <OcrThreshold>0</OcrThreshold>
      <ExtractFirstValue>true</ExtractFirstValue>
      <IsPopulationTrigger>false</IsPopulationTrigger>
      <OptionsPopulatedBy></OptionsPopulatedBy>
      <IsCalculationTarget>false</IsCalculationTarget>
    </IndexField>
    <IndexField Name="BillToAddress" FieldId="8" Index="7" Array="false" IndexLevel="1" ReadOnly="false" source="Input" ListOrder="9" LabelText="BillToAddress">
      <SampleRect>75.84,214.72,171.2,16.64</SampleRect>
      <SamplePageId>-1</SamplePageId>
      <FieldValidation IndexFieldType="String" Required="false" />
      <OcrEngineName>Advanced_MP_FullText_English.reco</OcrEngineName>
      <OcrThreshold>0</OcrThreshold>
      <ExtractFirstValue>true</ExtractFirstValue>
      <IsPopulationTrigger>false</IsPopulationTrigger>
      <OptionsPopulatedBy></OptionsPopulatedBy>
      <IsCalculationTarget>false</IsCalculationTarget>
    </IndexField>
    <IndexField Name="BillToCityStateZip" FieldId="9" Index="8" Array="false" IndexLevel="1" ReadOnly="false" source="Input" ListOrder="10" LabelText="BillToCityStateZip">
      <SampleRect>75.84,230.08,178.56,19.2</SampleRect>
      <SamplePageId>-1</SamplePageId>
      <FieldValidation IndexFieldType="String" Required="false" />
      <OcrEngineName>Advanced_MP_FullText_English.reco</OcrEngineName>
      <OcrThreshold>0</OcrThreshold>
      <ExtractFirstValue>true</ExtractFirstValue>
      <IsPopulationTrigger>false</IsPopulationTrigger>
      <OptionsPopulatedBy></OptionsPopulatedBy>
      <IsCalculationTarget>false</IsCalculationTarget>
    </IndexField>
    <IndexField Name="ShipToCompanyName" FieldId="10" Index="9" Array="false" IndexLevel="1" ReadOnly="false" source="Input" ListOrder="12" LabelText="">
      <SampleRect>440.96,196.8,206.4,32.96</SampleRect>
      <SamplePageId>-1</SamplePageId>
      <FieldValidation IndexFieldType="String" Required="false" />
      <OcrEngineName>Advanced_MP_FullText_English.reco</OcrEngineName>
      <OcrThreshold>0</OcrThreshold>
      <ExtractFirstValue>true</ExtractFirstValue>
      <IsPopulationTrigger>false</IsPopulationTrigger>
      <OptionsPopulatedBy></OptionsPopulatedBy>
      <IsCalculationTarget>false</IsCalculationTarget>
    </IndexField>
    <IndexField Name="ShipToAddress" FieldId="11" Index="10" Array="false" IndexLevel="1" ReadOnly="false" source="Input" ListOrder="13" LabelText="ShipAddress">
      <SampleRect></SampleRect>
      <SamplePageId></SamplePageId>
      <FieldValidation IndexFieldType="String" Required="false" />
      <OcrEngineName>Advanced_MP_FullText_English.reco</OcrEngineName>
      <OcrThreshold>0</OcrThreshold>
      <ExtractFirstValue>true</ExtractFirstValue>
      <IsPopulationTrigger>false</IsPopulationTrigger>
      <OptionsPopulatedBy></OptionsPopulatedBy>
      <IsCalculationTarget>false</IsCalculationTarget>
    </IndexField>
    <IndexField Name="ShipToCityStateZip" FieldId="12" Index="11" Array="false" IndexLevel="1" ReadOnly="false" source="Input" ListOrder="14" LabelText="ShipToCITYStateZIP">
      <SampleRect></SampleRect>
      <SamplePageId></SamplePageId>
      <FieldValidation IndexFieldType="String" Required="false" />
      <OcrEngineName>Advanced_MP_FullText_English.reco</OcrEngineName>
      <OcrThreshold>0</OcrThreshold>
      <ExtractFirstValue>true</ExtractFirstValue>
      <IsPopulationTrigger>false</IsPopulationTrigger>
      <OptionsPopulatedBy></OptionsPopulatedBy>
      <IsCalculationTarget>false</IsCalculationTarget>
    </IndexField>
    <IndexField Name="PONumber" FieldId="13" IndexFieldType="Number" Index="12" Array="false" ConfirmKind="NeverConfirm" IndexLevel="1" ReadOnly="false" source="Input" ListOrder="15" LabelText="P. O. Number">
      <SampleRect>53.12,375.04,66.56,21.44</SampleRect>
      <SamplePageId>-1</SamplePageId>
      <FieldValidation IndexFieldType="Number" Required="false" ViewFormat="g" />
      <OcrEngineName>Advanced_MP_Num.reco</OcrEngineName>
      <OcrThreshold>0</OcrThreshold>
      <ExtractFirstValue>true</ExtractFirstValue>
      <IsPopulationTrigger>false</IsPopulationTrigger>
      <OptionsPopulatedBy></OptionsPopulatedBy>
      <IsCalculationTarget>false</IsCalculationTarget>
    </IndexField>
    <IndexField Name="Terms" FieldId="14" Index="13" Array="false" ConfirmKind="NeverConfirm" IndexLevel="1" ReadOnly="false" source="Input" ListOrder="16" LabelText="TERMS">
      <SampleRect>156.16,375.36,87.04,21.12</SampleRect>
      <SamplePageId>-1</SamplePageId>
      <FieldValidation IndexFieldType="String" Required="false" />
      <OcrEngineName>Advanced_MP_FullText_English.reco</OcrEngineName>
      <OcrThreshold>0</OcrThreshold>
      <ExtractFirstValue>true</ExtractFirstValue>
      <IsPopulationTrigger>false</IsPopulationTrigger>
      <OptionsPopulatedBy></OptionsPopulatedBy>
      <IsCalculationTarget>false</IsCalculationTarget>
    </IndexField>
    <IndexField Name="REP" FieldId="15" Index="14" Array="false" ConfirmKind="NeverConfirm" IndexLevel="1" ReadOnly="false" source="Input" ListOrder="17" LabelText="REP">
      <SampleRect>256.96,374.72,66.56,20.16</SampleRect>
      <SamplePageId>-1</SamplePageId>
      <FieldValidation IndexFieldType="String" Required="false" />
      <OcrEngineName>Advanced_MP_FullText_English.reco</OcrEngineName>
      <OcrThreshold>0</OcrThreshold>
      <ExtractFirstValue>true</ExtractFirstValue>
      <IsPopulationTrigger>false</IsPopulationTrigger>
      <OptionsPopulatedBy></OptionsPopulatedBy>
      <IsCalculationTarget>false</IsCalculationTarget>
    </IndexField>
    <IndexField Name="ShipDate" FieldId="16" IndexFieldType="DateTime" Index="15" Array="false" ConfirmKind="NeverConfirm" IndexLevel="1" ReadOnly="false" source="Input" ListOrder="18" LabelText="Ship Date">
      <SampleRect>325.44,374.4,90.88,21.76</SampleRect>
      <SamplePageId>-1</SamplePageId>
      <FieldValidation IndexFieldType="DateTime" Required="false" ViewFormat="g" />
      <OcrEngineName>Advanced_MP_FullText_English.reco</OcrEngineName>
      <OcrThreshold>0</OcrThreshold>
      <ExtractFirstValue>true</ExtractFirstValue>
      <IsPopulationTrigger>false</IsPopulationTrigger>
      <OptionsPopulatedBy></OptionsPopulatedBy>
      <IsCalculationTarget>false</IsCalculationTarget>
    </IndexField>
    <IndexField Name="ShipVia" FieldId="17" Index="16" Array="false" ConfirmKind="NeverConfirm" IndexLevel="1" ReadOnly="false" source="Input" ListOrder="19" LabelText="Ship Via">
      <SampleRect>416.96,374.72,86.08,21.44</SampleRect>
      <SamplePageId>-1</SamplePageId>
      <FieldValidation IndexFieldType="String" Required="false" />
      <OcrEngineName>Advanced_MP_FullText_English.reco</OcrEngineName>
      <OcrThreshold>0</OcrThreshold>
      <ExtractFirstValue>true</ExtractFirstValue>
      <IsPopulationTrigger>false</IsPopulationTrigger>
      <OptionsPopulatedBy></OptionsPopulatedBy>
      <IsCalculationTarget>false</IsCalculationTarget>
    </IndexField>
    <IndexField Name="FOB" FieldId="18" Index="17" Array="false" ConfirmKind="NeverConfirm" IndexLevel="1" ReadOnly="false" source="Input" ListOrder="20" LabelText="FOB">
      <SampleRect>508.8,375.36,126.4,20.48</SampleRect>
      <SamplePageId>-1</SamplePageId>
      <FieldValidation IndexFieldType="String" Required="false" />
      <OcrEngineName>Advanced_MP_FullText_English.reco</OcrEngineName>
      <OcrThreshold>0</OcrThreshold>
      <ExtractFirstValue>true</ExtractFirstValue>
      <IsPopulationTrigger>false</IsPopulationTrigger>
      <OptionsPopulatedBy></OptionsPopulatedBy>
      <IsCalculationTarget>false</IsCalculationTarget>
    </IndexField>
    <IndexField Name="OrderedBy" FieldId="19" Index="18" Array="false" ConfirmKind="NeverConfirm" IndexLevel="1" ReadOnly="false" source="Input" ListOrder="21" LabelText="Ordered By">
      <SampleRect>639.68,375.04,124.48,20.8</SampleRect>
      <SamplePageId>-1</SamplePageId>
      <FieldValidation IndexFieldType="String" Required="false" />
      <OcrEngineName>Advanced_MP_FullText_English.reco</OcrEngineName>
      <OcrThreshold>0</OcrThreshold>
      <ExtractFirstValue>true</ExtractFirstValue>
      <IsPopulationTrigger>false</IsPopulationTrigger>
      <OptionsPopulatedBy></OptionsPopulatedBy>
      <IsCalculationTarget>false</IsCalculationTarget>
    </IndexField>
    <IndexField Name="Quantity" FieldId="21" IndexFieldType="Number" Index="19" Array="true" IndexLevel="1" ReadOnly="false" source="Input" ListOrder="22" LabelText="">
      <SampleRect></SampleRect>
      <SamplePageId></SamplePageId>
      <FieldValidation IndexFieldType="Number" Required="false" ViewFormat="n" />
      <OcrEngineName>Western_Amount.reco</OcrEngineName>
      <StartSection _ID_="SectionDescriptor" Name="Table_2" LabelText="Table_2" StartScreen="false" />
      <OcrThreshold></OcrThreshold>
      <ExtractFirstValue>true</ExtractFirstValue>
      <IsPopulationTrigger>false</IsPopulationTrigger>
      <OptionsPopulatedBy></OptionsPopulatedBy>
      <IsCalculationTarget>false</IsCalculationTarget>
    </IndexField>
    <IndexField Name="Unit" FieldId="22" Index="20" Array="true" IndexLevel="1" ReadOnly="false" source="Input" ListOrder="23" LabelText="">
      <SampleRect></SampleRect>
      <SamplePageId></SamplePageId>
      <FieldValidation IndexFieldType="String" Required="false" />
      <OcrEngineName>Western_FullText.reco</OcrEngineName>
      <OcrThreshold></OcrThreshold>
      <ExtractFirstValue>true</ExtractFirstValue>
      <IsPopulationTrigger>false</IsPopulationTrigger>
      <OptionsPopulatedBy></OptionsPopulatedBy>
      <IsCalculationTarget>false</IsCalculationTarget>
    </IndexField>
    <IndexField Name="Description" FieldId="23" Index="21" Array="true" IndexLevel="1" ReadOnly="false" source="Input" ListOrder="24" LabelText="">
      <SampleRect></SampleRect>
      <SamplePageId></SamplePageId>
      <FieldValidation IndexFieldType="String" Required="false" />
      <OcrEngineName>Western_FullText_Extended.reco</OcrEngineName>
      <OcrThreshold></OcrThreshold>
      <ExtractFirstValue>true</ExtractFirstValue>
      <IsPopulationTrigger>false</IsPopulationTrigger>
      <OptionsPopulatedBy></OptionsPopulatedBy>
      <IsCalculationTarget>false</IsCalculationTarget>
    </IndexField>
    <IndexField Name="UPC" FieldId="24" Index="22" Array="true" IndexLevel="1" ReadOnly="false" source="Input" ListOrder="25" LabelText="">
      <SampleRect></SampleRect>
      <SamplePageId></SamplePageId>
      <FieldValidation IndexFieldType="String" Required="true" />
      <OcrEngineName>Western_Amount.reco</OcrEngineName>
      <OcrThreshold></OcrThreshold>
      <ExtractFirstValue>true</ExtractFirstValue>
      <IsPopulationTrigger>false</IsPopulationTrigger>
      <OptionsPopulatedBy></OptionsPopulatedBy>
      <IsCalculationTarget>false</IsCalculationTarget>
    </IndexField>
    <IndexField Name="Price" FieldId="25" IndexFieldType="Number" Index="23" Array="true" IndexLevel="1" ReadOnly="false" source="Input" ListOrder="26" LabelText="">
      <SampleRect></SampleRect>
      <SamplePageId></SamplePageId>
      <FieldValidation IndexFieldType="Number" Required="false" ViewFormat="n" />
      <OcrEngineName>Western_Amount.reco</OcrEngineName>
      <OcrThreshold></OcrThreshold>
      <ExtractFirstValue>true</ExtractFirstValue>
      <IsPopulationTrigger>false</IsPopulationTrigger>
      <OptionsPopulatedBy></OptionsPopulatedBy>
      <IsCalculationTarget>false</IsCalculationTarget>
    </IndexField>
    <IndexField Name="Amount" FieldId="26" IndexFieldType="Number" Index="24" Array="true" IndexLevel="1" ReadOnly="false" source="Input" ListOrder="27" LabelText="">
      <SampleRect></SampleRect>
      <SamplePageId></SamplePageId>
      <FieldValidation IndexFieldType="Number" Required="false" ViewFormat="C4" />
      <OcrEngineName>Western_Amount.reco</OcrEngineName>
      <OcrThreshold></OcrThreshold>
      <ExtractFirstValue>true</ExtractFirstValue>
      <IsPopulationTrigger>false</IsPopulationTrigger>
      <OptionsPopulatedBy></OptionsPopulatedBy>
      <IsCalculationTarget>false</IsCalculationTarget>
    </IndexField>
    <IndexField Name="Total" FieldId="20" IndexFieldType="Number" Index="25" ConfirmKind="NeverConfirm" IndexLevel="1" ReadOnly="false" source="Input" ListOrder="28" LabelText="Invoice Total">
      <SampleRect>705.6,921.6,56,34.56</SampleRect>
      <SamplePageId>-2</SamplePageId>
      <FieldValidation IndexFieldType="Number" Required="false" ViewFormat="C3" />
      <OcrEngineName>Advanced_MP_FullText_English.reco</OcrEngineName>
      <StartSection _ID_="SectionDescriptor" Name="Section1" LabelText="Segment_2" StartScreen="false" />
      <OcrThreshold>0</OcrThreshold>
      <ExtractFirstValue>true</ExtractFirstValue>
      <IsPopulationTrigger>false</IsPopulationTrigger>
      <OptionsPopulatedBy></OptionsPopulatedBy>
      <IsCalculationTarget>false</IsCalculationTarget>
    </IndexField>
  </Fields>
  <DataEntryForm>
    <FormControlSet>
      <FormControl Name="FC1" ControlType="Label" BoundIndexfield="InvoiceNo" Rect="760.99164275913688,20.370475904819038,69.983333333333334,20.583333333333336" SectionName="Section_1" ListOrder="0" LabelPosition="Top">
        <DataText>Invoice No</DataText>
      </FormControl>
      <FormControl Name="InvoiceNo" ControlType="TextBox" BoundIndexfield="InvoiceNo" Rect="760.99164275913688,40.953809238152374,99.00835724086312,19.046190761847626" SectionName="Section_1" ListOrder="0" />
      <FormControl Name="Date" ControlType="TextBox" BoundIndexfield="Date" Rect="650,40,100,20" SectionName="Section_1" ListOrder="1" />
      <FormControl Name="FC2" ControlType="Label" BoundIndexfield="Date" Rect="650,19.416666666666664,37.726666666666674,20.583333333333336" SectionName="Section_1" ListOrder="1" LabelPosition="Top">
        <DataText>DATE</DataText>
      </FormControl>
      <FormControl Name="FC3" ControlType="Label" BoundIndexfield="VendorName" Rect="-100000,100,10,0" SectionName="Section_1" ListOrder="2" LabelPosition="Hide">
        <DataText>VendorName</DataText>
      </FormControl>
      <FormControl Name="VendorName" ControlType="TextBox" BoundIndexfield="VendorName" Rect="20,40,300,20" SectionName="Section_1" ListOrder="2" />
      <FormControl Name="VendorAddress" ControlType="TextBox" BoundIndexfield="VendorAddress" Rect="20,79.2811635759333,300,20.14376728481334" SectionName="Section_1" ListOrder="3" />
      <FormControl Name="FC4" ControlType="Label" BoundIndexfield="VendorAddress" Rect="-100000,140,10,0" SectionName="Section_1" ListOrder="3" LabelPosition="Hide">
        <DataText>VendorAddress</DataText>
      </FormControl>
      <FormControl Name="FC5" ControlType="Label" BoundIndexfield="VendorCityStateZip" Rect="-100000,180,10,0" SectionName="Section_1" ListOrder="4" LabelPosition="Hide">
        <DataText>VendorCityStateZip</DataText>
      </FormControl>
      <FormControl Name="VendorCityStateZip" ControlType="TextBox" BoundIndexfield="VendorCityStateZip" Rect="20,119.56869814555995,300,20.14376728481334" SectionName="Section_1" ListOrder="4" />
      <FormControl Name="VendorPhone" ControlType="TextBox" BoundIndexfield="VendorPhone" Rect="20,159.85623271518665,300,20.14376728481334" SectionName="Section_1" ListOrder="5" />
      <FormControl Name="FC6" ControlType="Label" BoundIndexfield="VendorPhone" Rect="-100000,220,10,0" SectionName="Section_1" ListOrder="5" LabelPosition="Hide">
        <DataText>VendorPhone</DataText>
      </FormControl>
      <FormControl Name="Logo" ControlType="PictureBox" Rect="721.001574919748,101.00163462342874,118.99842508025205,78.998365376571243" SectionName="Section_1" ListOrder="6">
        <DataText>PictureBox1</DataText>
        <ImageSource>ImageSource1</ImageSource>
      </FormControl>
      <FormControl Name="BillToGroupBox" ControlType="GroupBox" BoundIndexfield="" Rect="20,220,360,159.99999999999997" SectionName="Section_1" ListOrder="7">
        <DataText>Bill To:</DataText>
      </FormControl>
      <FormControl Name="FC7" ControlType="Label" BoundIndexfield="BillToCompanyName" Rect="-100000,260,10,0" SectionName="Section_1" ListOrder="8" LabelPosition="Hide">
        <DataText>BillToCompanyName</DataText>
      </FormControl>
      <FormControl Name="BillToCompanyName" ControlType="TextBox" BoundIndexfield="BillToCompanyName" Rect="40,260,280,20" SectionName="Section_1" ListOrder="8" />
      <FormControl Name="FC8" ControlType="Label" BoundIndexfield="BillToAddress" Rect="-100000,300,10,0" SectionName="Section_1" ListOrder="9" LabelPosition="Hide">
        <DataText>BillToAddress</DataText>
      </FormControl>
      <FormControl Name="BillToAddress" ControlType="TextBox" BoundIndexfield="BillToAddress" Rect="40,300,280,20" SectionName="Section_1" ListOrder="9" />
      <FormControl Name="BillToCityStateZip" ControlType="TextBox" BoundIndexfield="BillToCityStateZip" Rect="40,340,280,20" SectionName="Section_1" ListOrder="10" />
      <FormControl Name="FC9" ControlType="Label" BoundIndexfield="BillToCityStateZip" Rect="-100000,340,10,0" SectionName="Section_1" ListOrder="10" LabelPosition="Hide">
        <DataText>BillToCityStateZip</DataText>
      </FormControl>
      <FormControl Name="ShipToGroupBox" ControlType="GroupBox" BoundIndexfield="" Rect="461.0014285555468,221.001580414962,358.99857144445326,158.99841958503797" SectionName="Section_1" ListOrder="11">
        <DataText>Ship To</DataText>
      </FormControl>
      <FormControl Name="ShipToCompanyName" ControlType="TextBox" BoundIndexfield="ShipToCompanyName" Rect="480,260,279.99999999999994,20.000000000000007" SectionName="Section_1" ListOrder="12" />
      <FormControl Name="FC10" ControlType="Label" BoundIndexfield="ShipToCompanyName" Rect="-100000,380,10,0" SectionName="Section_1" ListOrder="12" LabelPosition="Hide">
        <DataText></DataText>
      </FormControl>
      <FormControl Name="FC11" ControlType="Label" BoundIndexfield="ShipToAddress" Rect="-100000,420,10,0" SectionName="Section_1" ListOrder="13" LabelPosition="Hide">
        <DataText>ShipAddress</DataText>
      </FormControl>
      <FormControl Name="ShipToAddress" ControlType="TextBox" BoundIndexfield="ShipToAddress" Rect="480,300,279.99999999999994,20.000000000000007" SectionName="Section_1" ListOrder="13" />
      <FormControl Name="ShipToCityStateZip" ControlType="TextBox" BoundIndexfield="ShipToCityStateZip" Rect="480,340,279.99999999999994,20.000000000000007" SectionName="Section_1" ListOrder="14" />
      <FormControl Name="FC12" ControlType="Label" BoundIndexfield="ShipToCityStateZip" Rect="-100000,460,10,0" SectionName="Section_1" ListOrder="14" LabelPosition="Hide">
        <DataText>ShipToCITYStateZIP</DataText>
      </FormControl>
      <FormControl Name="FC13" ControlType="Label" BoundIndexfield="PONumber" Rect="20,399.41666666666669,85.913333333333341,20.583333333333336" SectionName="Section_1" ListOrder="15" LabelPosition="Top">
        <DataText>P. O. Number</DataText>
      </FormControl>
      <FormControl Name="PONumber" ControlType="TextBox" BoundIndexfield="PONumber" Rect="20,420,95.1219512195122,20" SectionName="Section_1" ListOrder="15" />
      <FormControl Name="FC14" ControlType="Label" BoundIndexfield="Terms" Rect="135,389.41666666666669,47.64,20.583333333333336" SectionName="Section_1" ListOrder="16" LabelPosition="Top">
        <DataText>TERMS</DataText>
      </FormControl>
      <FormControl Name="Terms" ControlType="ListBox" BoundIndexfield="Terms" Rect="135,410,140,45" SectionName="Section_1" ListOrder="16">
        <DataText>Net 30,Net 60,Net 90</DataText>
      </FormControl>
      <FormControl Name="FC15" ControlType="Label" BoundIndexfield="REP" Rect="305,394.41666666666669,29.166666666666668,20.583333333333336" SectionName="Section_1" ListOrder="17" LabelPosition="Top">
        <DataText>REP</DataText>
      </FormControl>
      <FormControl Name="REP" ControlType="TextBox" BoundIndexfield="REP" Rect="305,415,100,20" SectionName="Section_1" ListOrder="17" />
      <FormControl Name="ShipDate" ControlType="TextBox" BoundIndexfield="ShipDate" Rect="425,415,100,20" SectionName="Section_1" ListOrder="18" />
      <FormControl Name="FC16" ControlType="Label" BoundIndexfield="ShipDate" Rect="425,394.41666666666669,65.12,20.583333333333336" SectionName="Section_1" ListOrder="18" LabelPosition="Top">
        <DataText>Ship Date</DataText>
      </FormControl>
      <FormControl Name="FC17" ControlType="Label" BoundIndexfield="ShipVia" Rect="545,394.41666666666669,55.49,20.583333333333336" SectionName="Section_1" ListOrder="19" LabelPosition="Top">
        <DataText>Ship Via</DataText>
      </FormControl>
      <FormControl Name="ShipVia" ControlType="ChoiceText" BoundIndexfield="ShipVia" Rect="545,415,100,20" SectionName="Section_1" ListOrder="19">
        <DataText>UPS,FEDEX,USPS</DataText>
      </FormControl>
      <FormControl Name="FOB" ControlType="TextBox" BoundIndexfield="FOB" Rect="665,415,100,20" SectionName="Section_1" ListOrder="20" />
      <FormControl Name="FC18" ControlType="Label" BoundIndexfield="FOB" Rect="665,394.41666666666669,30.57,20.583333333333336" SectionName="Section_1" ListOrder="20" LabelPosition="Top">
        <DataText>FOB</DataText>
      </FormControl>
      <FormControl Name="OrderedBy" ControlType="TextBox" BoundIndexfield="OrderedBy" Rect="785,415,100,20" SectionName="Section_1" ListOrder="21" />
      <FormControl Name="FC19" ControlType="Label" BoundIndexfield="OrderedBy" Rect="785,394.41666666666669,74.486666666666665,20.583333333333336" SectionName="Section_1" ListOrder="21" LabelPosition="Top">
        <DataText>Ordered By</DataText>
      </FormControl>
      <FormControl Name="FC20" ControlType="Label" BoundIndexfield="Quantity" Rect="20,-0.5833333333333357,6,20.583333333333336" SectionName="Table_2" ListOrder="22" LabelPosition="Top">
        <DataText></DataText>
      </FormControl>
      <FormControl Name="Quantity" ControlType="TextBox" BoundIndexfield="Quantity" Rect="20,20,140,20" SectionName="Table_2" ListOrder="22" />
      <FormControl Name="FC21" ControlType="Label" BoundIndexfield="Unit" Rect="170.10033444816051,-0.5833333333333357,6,20.583333333333336" SectionName="Table_2" ListOrder="23" LabelPosition="Top">
        <DataText></DataText>
      </FormControl>
      <FormControl Name="Unit" ControlType="TextBox" BoundIndexfield="Unit" Rect="170.10033444816051,20,140,20" SectionName="Table_2" ListOrder="23" />
      <FormControl Name="FC22" ControlType="Label" BoundIndexfield="Description" Rect="320.200668896321,-0.5833333333333357,6,20.583333333333336" SectionName="Table_2" ListOrder="24" LabelPosition="Top">
        <DataText></DataText>
      </FormControl>
      <FormControl Name="Description" ControlType="TextBox" BoundIndexfield="Description" Rect="320.200668896321,20,260,20" SectionName="Table_2" ListOrder="24" />
      <FormControl Name="UPC" ControlType="TextBox" BoundIndexfield="UPC" Rect="470.30100334448156,20,140,20" SectionName="Table_2" ListOrder="25" />
      <FormControl Name="FC23" ControlType="Label" BoundIndexfield="UPC" Rect="470.30100334448156,-0.5833333333333357,6,20.583333333333336" SectionName="Table_2" ListOrder="25" LabelPosition="Top">
        <DataText></DataText>
      </FormControl>
      <FormControl Name="FC24" ControlType="Label" BoundIndexfield="Price" Rect="620.401337792642,-0.5833333333333357,6,20.583333333333336" SectionName="Table_2" ListOrder="26" LabelPosition="Top">
        <DataText></DataText>
      </FormControl>
      <FormControl Name="Price" ControlType="TextBox" BoundIndexfield="Price" Rect="620.401337792642,20,140,20" SectionName="Table_2" ListOrder="26" />
      <FormControl Name="Amount" ControlType="TextBox" BoundIndexfield="Amount" Rect="770.50167224080258,20,140,20" SectionName="Table_2" ListOrder="27" />
      <FormControl Name="FC25" ControlType="Label" BoundIndexfield="Amount" Rect="770.50167224080258,-0.5833333333333357,6,20.583333333333336" SectionName="Table_2" ListOrder="27" LabelPosition="Top">
        <DataText></DataText>
      </FormControl>
      <FormControl Name="FC27" ControlType="Label" BoundIndexfield="Total" Rect="720,59.416666666666664,82.343333333333334,20.583333333333336" SectionName="Section1" ListOrder="28">
        <DataText>Invoice Total</DataText>
      </FormControl>
      <FormControl Name="Total" ControlType="TextBox" BoundIndexfield="Total" Rect="720,80,100,20" SectionName="Section1" ListOrder="28" />
    </FormControlSet>
    <FormSectionSet>
      <FormSection Name="Section_1" LayoutType="Subform" Height="530" />
      <FormSection Name="Table_2" LayoutType="Grid" Height="115" />
      <FormSection Name="Section1" LayoutType="Subform" Height="175" />
    </FormSectionSet>
  </DataEntryForm>
  <ValidationRuleSet>
    <ValidationRule Name="Amount" RuleKind="Expression">
      <TableName>Table_2</TableName>
      <Expression>Amount  =  Price  *  Quantity</Expression>
      <FailMessage>Amount = Price * QTY</FailMessage>
      <DependentFields>Amount,Price,Quantity</DependentFields>
    </ValidationRule>
    <ValidationRule Name="ShipDate" RuleKind="Expression">
      <Expression>ShipDate  =  Date</Expression>
      <FailMessage>Ship Date should be same as Date field {ShipDate|"05/31/2012"}</FailMessage>
      <DependentFields>Date,ShipDate</DependentFields>
    </ValidationRule>
    <ValidationRule Name="AmountColum" RuleKind="Expression">
      <TableName>Table_2</TableName>
      <Expression>Amount  &gt;  0</Expression>
      <FailMessage>Amount Needs to be Greater than Zero</FailMessage>
      <DependentFields>Amount</DependentFields>
    </ValidationRule>
  </ValidationRuleSet>
  <HelpFileNameWithExtension></HelpFileNameWithExtension>
  <DocumentNameFormat>{S|InvoiceNo}-{S|_DocPosition}-{Tu|Now()}</DocumentNameFormat>
  <FolderNameFormat>{S|VendorName}-{S|Date} - {S|_FolderPosition}</FolderNameFormat>
  <TemplateIdList>33,34</TemplateIdList>
  <DocumentImageFormat>StructuredNonTable</DocumentImageFormat>
  <PopulationRuleSet />
  <AllowQuestionMarks>false</AllowQuestionMarks>
  <PdfSettings EnabledPdfCache="true" OcrEngineList="" PdfRenderingResolution="300" />
  <FieldNameMapSet />
</Document>
</UIMDocRoot>
