<?xml version="1.0" encoding="UTF-8" standalone="yes" ?>
<UIMDocRoot checksum1="496874111918694068" >
<Document Name="TestWren" DocumentType="TestWren" Author="OPENTEXT\sgangadi" UpdatedUtc="2024-10-30T06:37:58Z" Project="Default" Position="Right">
  <Fields _ID_="IndexFieldSet">
    <IndexField Name="InvoiceNumber" FieldId="1" IndexFieldType="Number" Index="0" Array="false" ConfirmKind="NeverConfirm" IndexLevel="1" ReadOnly="false" source="Input" SummaryField="true" ListOrder="1" LabelText="Invoice No.">
      <SampleRect>642.24,146.88,118.08,25.92</SampleRect>
      <SamplePageId>-1</SamplePageId>
      <FieldValidation IndexFieldType="Number" Required="true" MinVal="1000" MaxVal="10210" CheckMin="true" CheckMax="true" ViewFormat="g" />
      <OcrEngineName>Advanced_MP_Num.reco</OcrEngineName>
      <StartSection _ID_="SectionDescriptor" Name="Segment1" LabelText="Section_1" StartScreen="true" />
      <OcrThreshold>60</OcrThreshold>
      <ExtractFirstValue>true</ExtractFirstValue>
      <IsPopulationTrigger>false</IsPopulationTrigger>
      <OptionsPopulatedBy></OptionsPopulatedBy>
      <IsCalculationTarget>false</IsCalculationTarget>
    </IndexField>
    <IndexField Name="CustomerNo" FieldId="2" Index="1" Array="false" IndexLevel="1" ReadOnly="false" source="Input" ListOrder="2" LabelText="Customer No.">
      <SampleRect>643.52,178.24,116.16,25.28</SampleRect>
      <SamplePageId>-1</SamplePageId>
      <FieldValidation IndexFieldType="String" Required="true" />
      <OcrEngineName>Advanced_MP_FullText_English.reco</OcrEngineName>
      <OcrThreshold>0</OcrThreshold>
      <ExtractFirstValue>true</ExtractFirstValue>
      <IsPopulationTrigger>false</IsPopulationTrigger>
      <OptionsPopulatedBy></OptionsPopulatedBy>
      <IsCalculationTarget>false</IsCalculationTarget>
    </IndexField>
    <IndexField Name="BillTo" FieldId="3" Index="2" Array="false" IndexLevel="1" ReadOnly="false" source="Input" ListOrder="4" LabelText="">
      <SampleRect>41.92,235.84,168.32,70.4</SampleRect>
      <SamplePageId>-1</SamplePageId>
      <FieldValidation IndexFieldType="String" Required="false" />
      <OcrEngineName>Advanced_MP_FullText_English.reco</OcrEngineName>
      <OcrThreshold>0</OcrThreshold>
      <ExtractFirstValue>true</ExtractFirstValue>
      <IsPopulationTrigger>false</IsPopulationTrigger>
      <OptionsPopulatedBy></OptionsPopulatedBy>
      <IsCalculationTarget>false</IsCalculationTarget>
    </IndexField>
    <IndexField Name="ShipTo" FieldId="4" Index="3" Array="false" IndexLevel="1" ReadOnly="false" source="Input" ListOrder="6" LabelText="">
      <SampleRect>427.52,234.88,147.52,51.2</SampleRect>
      <SamplePageId>-1</SamplePageId>
      <FieldValidation IndexFieldType="String" Required="false" />
      <OcrEngineName>Advanced_MP_FullText_English.reco</OcrEngineName>
      <OcrThreshold>0</OcrThreshold>
      <ExtractFirstValue>true</ExtractFirstValue>
      <IsPopulationTrigger>false</IsPopulationTrigger>
      <OptionsPopulatedBy></OptionsPopulatedBy>
      <IsCalculationTarget>false</IsCalculationTarget>
    </IndexField>
    <IndexField Name="ShipVia" FieldId="5" Index="4" Array="false" IndexLevel="1" ReadOnly="false" source="Input" ListOrder="8" LabelText="Ship Via">
      <SampleRect>24.32,379.52,125.76,17.6</SampleRect>
      <SamplePageId>-1</SamplePageId>
      <FieldValidation IndexFieldType="String" Required="false" />
      <OcrEngineName>Advanced_MP_FullText_English.reco</OcrEngineName>
      <OcrThreshold>0</OcrThreshold>
      <ExtractFirstValue>true</ExtractFirstValue>
      <IsPopulationTrigger>false</IsPopulationTrigger>
      <OptionsPopulatedBy></OptionsPopulatedBy>
      <IsCalculationTarget>false</IsCalculationTarget>
    </IndexField>
    <IndexField Name="FOB" FieldId="6" Index="5" Array="false" IndexLevel="1" ReadOnly="false" source="Input" ListOrder="9" LabelText="F.O.B">
      <SampleRect>197.76,380.48,89.92,15.68</SampleRect>
      <SamplePageId>-1</SamplePageId>
      <FieldValidation IndexFieldType="String" Required="false" />
      <OcrEngineName>Advanced_MP_FullText_English.reco</OcrEngineName>
      <OcrThreshold>0</OcrThreshold>
      <ExtractFirstValue>true</ExtractFirstValue>
      <IsPopulationTrigger>false</IsPopulationTrigger>
      <OptionsPopulatedBy></OptionsPopulatedBy>
      <IsCalculationTarget>false</IsCalculationTarget>
    </IndexField>
    <IndexField Name="Terms" FieldId="7" Index="6" Array="false" IndexLevel="1" ReadOnly="false" source="Input" ListOrder="10" LabelText="Terms">
      <SampleRect>382.4,378.24,93.12,17.92</SampleRect>
      <SamplePageId>-1</SamplePageId>
      <FieldValidation IndexFieldType="String" Required="false" />
      <OcrEngineName>Advanced_MP_FullText_English.reco</OcrEngineName>
      <OcrThreshold>0</OcrThreshold>
      <ExtractFirstValue>true</ExtractFirstValue>
      <IsPopulationTrigger>false</IsPopulationTrigger>
      <OptionsPopulatedBy></OptionsPopulatedBy>
      <IsCalculationTarget>false</IsCalculationTarget>
    </IndexField>
    <IndexField Name="SalesPerson" FieldId="8" Index="7" Array="false" ConfirmKind="ConfirmOnEmpty" IndexLevel="1" ReadOnly="false" source="Input" ListOrder="11" LabelText="Ordered By">
      <SampleRect>543.36,377.92,209.6,17.6</SampleRect>
      <SamplePageId>-1</SamplePageId>
      <FieldValidation IndexFieldType="String" Required="true" />
      <OcrEngineName>Advanced_MP_FullText_English.reco</OcrEngineName>
      <OcrThreshold>0</OcrThreshold>
      <ExtractFirstValue>true</ExtractFirstValue>
      <IsPopulationTrigger>false</IsPopulationTrigger>
      <OptionsPopulatedBy></OptionsPopulatedBy>
      <IsCalculationTarget>false</IsCalculationTarget>
    </IndexField>
    <IndexField Name="PONumber" FieldId="9" Index="8" Array="false" IndexLevel="1" ReadOnly="false" source="Input" SummaryField="true" ListOrder="12" LabelText="P.O. Number">
      <SampleRect>462.72,414.08,99.52,16.96</SampleRect>
      <SamplePageId>-1</SamplePageId>
      <FieldValidation IndexFieldType="String" Required="false" InputMaskPattern="000-0000-000" IncludeMaskLiterals="true" />
      <OcrEngineName>Advanced_MP_FullText_English.reco</OcrEngineName>
      <OcrThreshold>0</OcrThreshold>
      <ExtractFirstValue>true</ExtractFirstValue>
      <IsPopulationTrigger>false</IsPopulationTrigger>
      <OptionsPopulatedBy></OptionsPopulatedBy>
      <IsCalculationTarget>false</IsCalculationTarget>
    </IndexField>
    <IndexField Name="ShipDate" FieldId="10" IndexFieldType="DateTime" Index="9" Array="false" IndexLevel="1" ReadOnly="false" source="Input" SummaryField="true" ListOrder="13" LabelText="Ship Date">
      <SampleRect>10.56,416.96,73.28,14.4</SampleRect>
      <SamplePageId>-1</SamplePageId>
      <FieldValidation IndexFieldType="DateTime" Required="false" MinVal="-7" MaxVal="30.4375" CheckMin="true" CheckMax="true" ViewFormat="g" FloatDateOrPartial="true" />
      <OcrEngineName>Advanced_MP_FullText_English.reco</OcrEngineName>
      <OcrThreshold>0</OcrThreshold>
      <ExtractFirstValue>true</ExtractFirstValue>
      <IsPopulationTrigger>false</IsPopulationTrigger>
      <OptionsPopulatedBy></OptionsPopulatedBy>
      <IsCalculationTarget>false</IsCalculationTarget>
    </IndexField>
    <IndexField Name="Quantity" FieldId="17" IndexFieldType="Number" Index="10" Array="true" IndexLevel="1" ReadOnly="false" source="Input" ListOrder="14" LabelText="Ordered Quantity">
      <SampleRect></SampleRect>
      <SamplePageId></SamplePageId>
      <FieldValidation IndexFieldType="Number" Required="false" ViewFormat="n" />
      <OcrEngineName></OcrEngineName>
      <StartSection _ID_="SectionDescriptor" Name="Table_1" LabelText="Table_1" StartScreen="false" />
      <OcrThreshold></OcrThreshold>
      <ExtractFirstValue>true</ExtractFirstValue>
      <IsPopulationTrigger>false</IsPopulationTrigger>
      <OptionsPopulatedBy></OptionsPopulatedBy>
      <IsCalculationTarget>false</IsCalculationTarget>
    </IndexField>
    <IndexField Name="ShippedQTY" FieldId="18" IndexFieldType="Number" Index="11" Array="true" IndexLevel="1" ReadOnly="false" source="Input" ListOrder="15" LabelText="Shipped">
      <SampleRect></SampleRect>
      <SamplePageId></SamplePageId>
      <FieldValidation IndexFieldType="Number" Required="false" ViewFormat="n" />
      <OcrEngineName></OcrEngineName>
      <OcrThreshold></OcrThreshold>
      <ExtractFirstValue>true</ExtractFirstValue>
      <IsPopulationTrigger>false</IsPopulationTrigger>
      <OptionsPopulatedBy></OptionsPopulatedBy>
      <IsCalculationTarget>false</IsCalculationTarget>
    </IndexField>
    <IndexField Name="ItemDescription" FieldId="19" Index="12" Array="true" IndexLevel="1" ReadOnly="false" source="Input" ListOrder="16" LabelText="Desciption">
      <SampleRect></SampleRect>
      <SamplePageId></SamplePageId>
      <FieldValidation IndexFieldType="String" Required="false" />
      <OcrEngineName></OcrEngineName>
      <OcrThreshold></OcrThreshold>
      <ExtractFirstValue>true</ExtractFirstValue>
      <IsPopulationTrigger>false</IsPopulationTrigger>
      <OptionsPopulatedBy></OptionsPopulatedBy>
      <IsCalculationTarget>false</IsCalculationTarget>
    </IndexField>
    <IndexField Name="UnitPrice" FieldId="20" IndexFieldType="Number" Index="13" Array="true" IndexLevel="1" ReadOnly="false" source="Input" ListOrder="17" LabelText="Unit Price">
      <SampleRect></SampleRect>
      <SamplePageId></SamplePageId>
      <FieldValidation IndexFieldType="Number" Required="false" ViewFormat="n" />
      <OcrEngineName></OcrEngineName>
      <OcrThreshold></OcrThreshold>
      <ExtractFirstValue>true</ExtractFirstValue>
      <IsPopulationTrigger>false</IsPopulationTrigger>
      <OptionsPopulatedBy></OptionsPopulatedBy>
      <IsCalculationTarget>false</IsCalculationTarget>
    </IndexField>
    <IndexField Name="ExtendedPrice" FieldId="21" IndexFieldType="Number" Index="14" Array="true" IndexLevel="1" ReadOnly="false" source="Input" ListOrder="18" LabelText="Extended Price">
      <SampleRect></SampleRect>
      <SamplePageId></SamplePageId>
      <FieldValidation IndexFieldType="Number" Required="false" ViewFormat="n" />
      <OcrEngineName></OcrEngineName>
      <OcrThreshold></OcrThreshold>
      <ExtractFirstValue>true</ExtractFirstValue>
      <IsPopulationTrigger>false</IsPopulationTrigger>
      <OptionsPopulatedBy></OptionsPopulatedBy>
      <IsCalculationTarget>false</IsCalculationTarget>
    </IndexField>
    <IndexField Name="TotalPaid" FieldId="11" IndexFieldType="Number" Index="15" Array="false" IndexLevel="1" ReadOnly="false" source="Input" SummaryField="true" ListOrder="20" LabelText="Total Paid">
      <SampleRect>371.52,836.16,84.8,18.88</SampleRect>
      <SamplePageId>-1</SamplePageId>
      <FieldValidation IndexFieldType="Number" Required="false" ViewFormat="n" />
      <OcrEngineName>Advanced_MP_Num.reco</OcrEngineName>
      <StartSection _ID_="SectionDescriptor" Name="Section_2" LabelText="Section_1" StartScreen="false" />
      <OcrThreshold>0</OcrThreshold>
      <ExtractFirstValue>true</ExtractFirstValue>
      <IsPopulationTrigger>false</IsPopulationTrigger>
      <OptionsPopulatedBy></OptionsPopulatedBy>
      <IsCalculationTarget>false</IsCalculationTarget>
    </IndexField>
    <IndexField Name="BalanceDue" FieldId="12" IndexFieldType="Number" Index="16" Array="false" IndexLevel="1" ReadOnly="false" source="Input" ListOrder="21" LabelText="Balance Due">
      <SampleRect>376.64,852.8,76.8,16.32</SampleRect>
      <SamplePageId>-1</SamplePageId>
      <FieldValidation IndexFieldType="Number" Required="false" ViewFormat="n" />
      <OcrEngineName>Advanced_MP_Num.reco</OcrEngineName>
      <OcrThreshold>0</OcrThreshold>
      <ExtractFirstValue>true</ExtractFirstValue>
      <IsPopulationTrigger>false</IsPopulationTrigger>
      <OptionsPopulatedBy></OptionsPopulatedBy>
      <IsCalculationTarget>false</IsCalculationTarget>
    </IndexField>
    <IndexField Name="Subtotal" FieldId="13" IndexFieldType="Number" Index="17" Array="false" IndexLevel="1" ReadOnly="false" source="Input" ListOrder="23" LabelText="Subtotal">
      <SampleRect>671.36,832,103.04,23.36</SampleRect>
      <SamplePageId>-1</SamplePageId>
      <FieldValidation IndexFieldType="Number" Required="false" ViewFormat="n" />
      <OcrEngineName>Advanced_MP_Num.reco</OcrEngineName>
      <OcrThreshold>0</OcrThreshold>
      <ExtractFirstValue>true</ExtractFirstValue>
      <IsPopulationTrigger>false</IsPopulationTrigger>
      <OptionsPopulatedBy></OptionsPopulatedBy>
      <IsCalculationTarget>false</IsCalculationTarget>
    </IndexField>
    <IndexField Name="Freight" FieldId="14" IndexFieldType="Number" Index="18" Array="false" IndexLevel="1" ReadOnly="false" source="Input" ListOrder="24" LabelText="Freight">
      <SampleRect>691.84,851.2,75.84,19.2</SampleRect>
      <SamplePageId>-1</SamplePageId>
      <FieldValidation IndexFieldType="Number" Required="false" ViewFormat="n" />
      <OcrEngineName>Advanced_MP_Num.reco</OcrEngineName>
      <OcrThreshold>0</OcrThreshold>
      <ExtractFirstValue>true</ExtractFirstValue>
      <IsPopulationTrigger>false</IsPopulationTrigger>
      <OptionsPopulatedBy></OptionsPopulatedBy>
      <IsCalculationTarget>false</IsCalculationTarget>
    </IndexField>
    <IndexField Name="Handling" FieldId="15" IndexFieldType="Number" Index="19" Array="false" IndexLevel="1" ReadOnly="false" source="Input" ListOrder="25" LabelText="Handling">
      <SampleRect>718.4,870.4,54.72,21.76</SampleRect>
      <SamplePageId>-1</SamplePageId>
      <FieldValidation IndexFieldType="Number" Required="false" ViewFormat="n" />
      <OcrEngineName>Advanced_MP_Num.reco</OcrEngineName>
      <OcrThreshold>0</OcrThreshold>
      <ExtractFirstValue>true</ExtractFirstValue>
      <IsPopulationTrigger>false</IsPopulationTrigger>
      <OptionsPopulatedBy></OptionsPopulatedBy>
      <IsCalculationTarget>false</IsCalculationTarget>
    </IndexField>
    <IndexField Name="InvoiceTotal" FieldId="16" IndexFieldType="Number" Index="20" Array="false" ConfirmKind="NeverConfirm" IndexLevel="1" ReadOnly="false" source="Input" SummaryField="true" ListOrder="26" LabelText="Invoice Total">
      <SampleRect>689.6,898.24,85.12,21.76</SampleRect>
      <SamplePageId>-1</SamplePageId>
      <FieldValidation IndexFieldType="Number" Required="false" ViewFormat="n" />
      <OcrEngineName>Advanced_MP_Num.reco</OcrEngineName>
      <OcrThreshold>0</OcrThreshold>
      <ExtractFirstValue>true</ExtractFirstValue>
      <IsPopulationTrigger>false</IsPopulationTrigger>
      <OptionsPopulatedBy></OptionsPopulatedBy>
      <IsCalculationTarget>false</IsCalculationTarget>
    </IndexField>
  </Fields>
  <DataEntryForm>
    <FormControlSet>
      <FormControl Name="InvoiceGroupBox" StyleName="TotalStyle" ControlType="GroupBox" BoundIndexfield="" Rect="460,40,365,140" SectionName="Segment1" ListOrder="0">
        <DataText></DataText>
      </FormControl>
      <FormControl Name="FC1" StyleName="CustomerStyle" ControlType="Label" BoundIndexfield="InvoiceNumber" Rect="585.76666666666665,79.708333333333329,74.233333333333334,20.583333333333336" SectionName="Segment1" ListOrder="1" LabelPosition="Left">
        <DataText>Invoice No.</DataText>
      </FormControl>
      <FormControl Name="InvoiceNumber" StyleName="CustomerStyle" ControlType="TextBox" BoundIndexfield="InvoiceNumber" Rect="660,80,120,20" SectionName="Segment1" ListOrder="1">
        <Tooltip>OCR is correct check range test for Number Min: 1000 Max:10209</Tooltip>
      </FormControl>
      <FormControl Name="FC2" StyleName="CustomerStyle" ControlType="Label" BoundIndexfield="CustomerNo" Rect="571.0866666666667,119.70833333333333,88.913333333333341,20.583333333333336" SectionName="Segment1" ListOrder="2" LabelPosition="Left">
        <DataText>Customer No.</DataText>
      </FormControl>
      <FormControl Name="CustomerNo" StyleName="CustomerStyle" ControlType="TextBox" BoundIndexfield="CustomerNo" Rect="660,120,120,20" SectionName="Segment1" ListOrder="2" />
      <FormControl Name="BillToGroupBox" StyleName="BoldStyle" ControlType="GroupBox" BoundIndexfield="" Rect="20,200,360,160" SectionName="Segment1" ListOrder="3">
        <DataText>Bill TO</DataText>
      </FormControl>
      <FormControl Name="FC3" StyleName="CustomerStyle" ControlType="Label" BoundIndexfield="BillTo" Rect="-100000,100.63,40.053333333333335,20" SectionName="Segment1" ListOrder="4" LabelPosition="Hide">
        <DataText></DataText>
      </FormControl>
      <FormControl Name="BillTo" StyleName="CustomerStyle" ControlType="TextBox" BoundIndexfield="BillTo" Rect="40,240,320,100" SectionName="Segment1" MultiLine="true" ListOrder="4" />
      <FormControl Name="ShipToGroupBox" StyleName="BoldStyle" ControlType="GroupBox" BoundIndexfield="" Rect="460,200,360,160" SectionName="Segment1" ListOrder="5">
        <DataText>Ship To</DataText>
      </FormControl>
      <FormControl Name="ShipTo" StyleName="CustomerStyle" ControlType="TextBox" BoundIndexfield="ShipTo" Rect="480,240,320,100" SectionName="Segment1" MultiLine="true" ListOrder="6" />
      <FormControl Name="FC4" StyleName="CustomerStyle" ControlType="Label" BoundIndexfield="ShipTo" Rect="-100000,100.63,47.806666666666672,20" SectionName="Segment1" ListOrder="6" LabelPosition="Hide">
        <DataText></DataText>
      </FormControl>
      <FormControl Name="DeliveryTems" StyleName="TotalStyle" ControlType="GroupBox" BoundIndexfield="" Rect="20,400,720,160" SectionName="Segment1" ListOrder="7">
        <DataText>Delivery Terms</DataText>
      </FormControl>
      <FormControl Name="ShipVia" StyleName="BoldStyle" ControlType="TextBox" BoundIndexfield="ShipVia" Rect="60,460,100,20" SectionName="Segment1" ListOrder="8" />
      <FormControl Name="FC5" StyleName="BoldStyle" ControlType="Label" BoundIndexfield="ShipVia" Rect="60,439.41666666666669,55.49,20.583333333333336" SectionName="Segment1" ListOrder="8">
        <DataText>Ship Via</DataText>
      </FormControl>
      <FormControl Name="FC6" StyleName="BoldStyle" ControlType="Label" BoundIndexfield="FOB" Rect="200,439.41666666666669,37.370000000000005,20.583333333333336" SectionName="Segment1" ListOrder="9">
        <DataText>F.O.B</DataText>
      </FormControl>
      <FormControl Name="FOB" StyleName="BoldStyle" ControlType="TextBox" BoundIndexfield="FOB" Rect="200,460,100,20" SectionName="Segment1" ListOrder="9" />
      <FormControl Name="Terms" StyleName="BoldStyle" ControlType="TextBox" BoundIndexfield="Terms" Rect="340,460,100,20" SectionName="Segment1" ListOrder="10" />
      <FormControl Name="FC7" StyleName="BoldStyle" ControlType="Label" BoundIndexfield="Terms" Rect="340,439.41666666666669,42.303333333333335,20.583333333333336" SectionName="Segment1" ListOrder="10">
        <DataText>Terms</DataText>
      </FormControl>
      <FormControl Name="FC8" StyleName="BoldStyle" ControlType="Label" BoundIndexfield="SalesPerson" Rect="500,439.41666666666669,74.486666666666665,20.583333333333336" SectionName="Segment1" ListOrder="11">
        <DataText>Ordered By</DataText>
      </FormControl>
      <FormControl Name="SalesPerson" StyleName="BoldStyle" ControlType="ChoiceText" BoundIndexfield="SalesPerson" Rect="500,460,180,20" SectionName="Segment1" ListOrder="11">
        <DataText>Daren,Corp Sales,Ming,Chris,Rao</DataText>
      </FormControl>
      <FormControl Name="PONumber" StyleName="BoldStyle" ControlType="TextBox" BoundIndexfield="PONumber" Rect="60,520,100,20" SectionName="Segment1" ListOrder="12" />
      <FormControl Name="FC9" StyleName="BoldStyle" ControlType="Label" BoundIndexfield="PONumber" Rect="60,499.41666666666669,81.693333333333342,20.583333333333336" SectionName="Segment1" ListOrder="12">
        <DataText>P.O. Number</DataText>
      </FormControl>
      <FormControl Name="ShipDate" StyleName="BoldStyle" ControlType="TextBox" BoundIndexfield="ShipDate" TextAlignment="Right" Rect="200,520,100,20" SectionName="Segment1" ListOrder="13">
        <Tooltip>Input local time plus 2 minutes: Min:1 Max:12 minutes Key value in Time (e.g. 8:12 PM)</Tooltip>
      </FormControl>
      <FormControl Name="FC10" StyleName="BoldStyle" ControlType="Label" BoundIndexfield="ShipDate" Rect="200,499.41666666666669,65.12,20.583333333333336" SectionName="Segment1" ListOrder="13">
        <DataText>Ship Date</DataText>
      </FormControl>
      <FormControl Name="FC17" ControlType="Label" BoundIndexfield="Quantity" Rect="20,39.416666666666664,110.79333333333334,20.583333333333336" SectionName="Table_1" ListOrder="14">
        <DataText>Ordered Quantity</DataText>
      </FormControl>
      <FormControl Name="Quantity" ControlType="TextBox" BoundIndexfield="Quantity" Rect="20,60,100,20" SectionName="Table_1" ListOrder="14" />
      <FormControl Name="ShippedQTY" ControlType="TextBox" BoundIndexfield="ShippedQTY" Rect="200,60,100,20" SectionName="Table_1" ListOrder="15" />
      <FormControl Name="FC18" ControlType="Label" BoundIndexfield="ShippedQTY" Rect="200,39.416666666666664,54.67,20.583333333333336" SectionName="Table_1" ListOrder="15">
        <DataText>Shipped</DataText>
      </FormControl>
      <FormControl Name="FC19" ControlType="Label" BoundIndexfield="ItemDescription" Rect="20,99.416666666666657,68.573333333333338,20.583333333333336" SectionName="Table_1" ListOrder="16">
        <DataText>Desciption</DataText>
      </FormControl>
      <FormControl Name="ItemDescription" ControlType="TextBox" BoundIndexfield="ItemDescription" Rect="20,120,340,20" SectionName="Table_1" ListOrder="16" />
      <FormControl Name="FC20" ControlType="Label" BoundIndexfield="UnitPrice" Rect="20,159.41666666666666,63.673333333333339,20.583333333333336" SectionName="Table_1" ListOrder="17">
        <DataText>Unit Price</DataText>
      </FormControl>
      <FormControl Name="UnitPrice" ControlType="TextBox" BoundIndexfield="UnitPrice" Rect="20,180,100,20" SectionName="Table_1" ListOrder="17" />
      <FormControl Name="ExtendedPrice" ControlType="TextBox" BoundIndexfield="ExtendedPrice" Rect="200,180,140,20" SectionName="Table_1" ListOrder="18" />
      <FormControl Name="FC21" ControlType="Label" BoundIndexfield="ExtendedPrice" Rect="200,159.41666666666666,95.536666666666676,20.583333333333336" SectionName="Table_1" ListOrder="18">
        <DataText>Extended Price</DataText>
      </FormControl>
      <FormControl Name="TotalPaidGroupBox" StyleName="TotalStyle" ControlType="GroupBox" BoundIndexfield="" Rect="20,40,300,200" SectionName="Section_2" ListOrder="19">
        <DataText></DataText>
      </FormControl>
      <FormControl Name="FC11" StyleName="TotalStyle" ControlType="Label" BoundIndexfield="TotalPaid" Rect="76.24,79.708333333333329,63.760000000000005,20.583333333333336" SectionName="Section_2" ListOrder="20" LabelPosition="Left">
        <DataText>Total Paid</DataText>
      </FormControl>
      <FormControl Name="TotalPaid" StyleName="TotalStyle" ControlType="TextBox" BoundIndexfield="TotalPaid" TextAlignment="Right" Rect="140,80,140,20" SectionName="Section_2" ListOrder="20" />
      <FormControl Name="BalanceDue" StyleName="TotalStyle" ControlType="TextBox" BoundIndexfield="BalanceDue" TextAlignment="Right" Rect="140,120,140,20" SectionName="Section_2" ListOrder="21" />
      <FormControl Name="FC12" StyleName="TotalStyle" ControlType="Label" BoundIndexfield="BalanceDue" Rect="58.86,119.70833333333333,81.14,20.583333333333336" SectionName="Section_2" ListOrder="21" LabelPosition="Left">
        <DataText>Balance Due</DataText>
      </FormControl>
      <FormControl Name="FinalInvoice" StyleName="CustomerStyle" ControlType="GroupBox" BoundIndexfield="" Rect="580,20,340,220" SectionName="Section_2" ListOrder="22">
        <DataText></DataText>
      </FormControl>
      <FormControl Name="Subtotal" StyleName="TotalStyle" ControlType="TextBox" BoundIndexfield="Subtotal" TextAlignment="Right" Rect="720,60,140,20" SectionName="Section_2" ListOrder="23" />
      <FormControl Name="FC13" StyleName="TotalStyle" ControlType="Label" BoundIndexfield="Subtotal" Rect="663.48333333333335,59.708333333333329,56.516666666666673,20.583333333333336" SectionName="Section_2" ListOrder="23" LabelPosition="Left">
        <DataText>Subtotal</DataText>
      </FormControl>
      <FormControl Name="FC14" StyleName="TotalStyle" ControlType="Label" BoundIndexfield="Freight" Rect="671.74,99.708333333333329,48.260000000000005,20.583333333333336" SectionName="Section_2" ListOrder="24" LabelPosition="Left">
        <DataText>Freight</DataText>
      </FormControl>
      <FormControl Name="Freight" StyleName="TotalStyle" ControlType="TextBox" BoundIndexfield="Freight" TextAlignment="Right" Rect="720,100,140,20" SectionName="Section_2" ListOrder="24" />
      <FormControl Name="FC15" StyleName="TotalStyle" ControlType="Label" BoundIndexfield="Handling" Rect="661.05,139.70833333333334,58.95,20.583333333333336" SectionName="Section_2" ListOrder="25" LabelPosition="Left">
        <DataText>Handling</DataText>
      </FormControl>
      <FormControl Name="Handling" StyleName="TotalStyle" ControlType="TextBox" BoundIndexfield="Handling" TextAlignment="Right" Rect="720,140,140,20" SectionName="Section_2" ListOrder="25" />
      <FormControl Name="FC16" StyleName="TotalStyle" ControlType="Label" BoundIndexfield="InvoiceTotal" Rect="637.65666666666664,179.70833333333334,82.343333333333334,20.583333333333336" SectionName="Section_2" ListOrder="26" LabelPosition="Left">
        <DataText>Invoice Total</DataText>
      </FormControl>
      <FormControl Name="InvoiceTotal" StyleName="TotalStyle" ControlType="TextBox" BoundIndexfield="InvoiceTotal" TextAlignment="Justify" Rect="720,180,140,20" SectionName="Section_2" ListOrder="26" />
    </FormControlSet>
    <FormSectionSet>
      <FormSection Name="Segment1" LayoutType="Subform" Height="635" />
      <FormSection Name="Table_1" LayoutType="Grid" Height="275" />
      <FormSection Name="Section_2" LayoutType="Subform" Height="315" />
    </FormSectionSet>
  </DataEntryForm>
  <ValidationRuleSet>
    <ValidationRule Name="Rule1" RuleKind="Expression">
      <Expression>InvoiceTotal  =  BalanceDue</Expression>
      <FailMessage>Invoice Total should equal Balance Due</FailMessage>
      <DependentFields>BalanceDue,InvoiceTotal</DependentFields>
    </ValidationRule>
    <ValidationRule Name="TableRule" RuleKind="Expression">
      <TableName>Table_1</TableName>
      <Expression>ExtendedPrice  =  Quantity  *  UnitPrice</Expression>
      <FailMessage>Amount = Price * QTY</FailMessage>
      <DependentFields>ExtendedPrice,Quantity,UnitPrice</DependentFields>
    </ValidationRule>
    <ValidationRule Name="FrieghtRule" RuleKind="Expression">
      <Expression>Freight &lt; 1</Expression>
      <FailMessage>FREIGHT Cost needs to be less than zero.</FailMessage>
      <DependentFields>Freight</DependentFields>
    </ValidationRule>
    <ValidationRule Name="TotalPaid" RuleKind="Expression">
      <Expression>TotalPaid &lt; 1</Expression>
      <FailMessage>TotalPaid Needs to be less than 1.</FailMessage>
      <DependentFields>TotalPaid</DependentFields>
    </ValidationRule>
  </ValidationRuleSet>
  <HelpFileNameWithExtension></HelpFileNameWithExtension>
  <DocumentNameFormat>{S|CustomerNo}-{S|PONumber}= {S|InvoiceTotal}</DocumentNameFormat>
  <FolderNameFormat>{S|CustomerNo}-{S|FormatDate(ShipDate,"MMM-yy")}</FolderNameFormat>
  <TemplateIdList>28</TemplateIdList>
  <DocumentImageFormat>StructuredNonTable</DocumentImageFormat>
  <PopulationRuleSet />
  <AllowQuestionMarks>false</AllowQuestionMarks>
  <PdfSettings EnabledPdfCache="true" OcrEngineList="" PdfRenderingResolution="300" />
  <FieldNameMapSet />
</Document>
</UIMDocRoot>
