<?xml version="1.0" encoding="UTF-8" standalone="yes" ?>
<ExportProfileRoot checksum1="853450579878348781" >
<ExportProfile Name="Salesforce Orders" Culture="" DateFormat="d" NumberFormat="F" Version="1">
  <UpdatedUtc>2019-04-01T23:00:45Z</UpdatedUtc>
  <Comments></Comments>
  <CommandGroupSet>
    <CommandGroup>
      <CommandSet>
        <Command ID="" CommandType="Salesforce" TargetType="None" ErrorBehavior="Skip" OverwriteBehavior="Revision" FileEncoding="Utf8" FieldDelimiter="Comma" MaxLineLength="0" FileLevel="1" TestDocument="SalesforceOrder" ErrorRetryCount="3" WriteHeader="Always">
          <FileName></FileName>
          <SmtpHeader>
            <Priority>Medium</Priority>
            <HtmlBody>false</HtmlBody>
            <RecipientSet />
            <AttachmentSet />
          </SmtpHeader>
          <LineSet />
          <CmisObject>
            <CmisAttributeSet />
          </CmisObject>
          <ConnectionName>SF</ConnectionName>
          <AXObject ID="0" CreateIndexSetPerNode="false" IndexSetNodeLevel="0">
            <AXFieldSet />
          </AXObject>
          <SalesforceObject Table="Order" FileValue=":1.OutputFile">
            <SalesforceFieldSet>
              <SalesforceField Name="AttachmentName___CaptureInternal" Value="&quot;OrderDocuments&quot;" Table="" />
              <SalesforceField Name="BillingCity" Value=":Document.UimData.BillingCity" Table="" />
              <SalesforceField Name="BillingPostalCode" Value=":Document.UimData.BillingZIP" Table="" />
              <SalesforceField Name="BillingState" Value=":Document.UimData.BillingState" Table="" />
              <SalesforceField Name="BillingStreet" Value=":Document.UimData.BillingStreet" Table="" />
              <SalesforceField Name="OrderReferenceNumber" Value=":Document.UimData.POReference" Table="" />
              <SalesforceField Name="PoDate" Value=":Document.UimData.PODate" Table="" />
              <SalesforceField Name="PoNumber" Value=":Document.UimData.PONumber" Table="" />
              <SalesforceField Name="ShippingCity" Value=":Document.UimData.ShippingCity" Table="" />
              <SalesforceField Name="ShippingState" Value=":Document.UimData.ShippingState" Table="" />
              <SalesforceField Name="ShippingStreet" Value=":Document.UimData.ShippingStreet" Table="" />
            </SalesforceFieldSet>
          </SalesforceObject>
          <OdbcServerObject _ID_="OdbcObject" TransactionBehavior="0">
            <Statements _ID_="OdbcStatementSet" />
          </OdbcServerObject>
        </Command>
      </CommandSet>
    </CommandGroup>
  </CommandGroupSet>
  <System>false</System>
  <PackageName>Snap</PackageName>
</ExportProfile>
</ExportProfileRoot>
